source,target,string_source_id,string_target_id,score,source_db
PSMD3,PSMD2,9606.ENSP00000264639,9606.ENSP00000310129,0.999,STRING
NDUFA12,MT-ND3,9606.ENSP00000330737,9606.ENSP00000355206,0.999,STRING
NDUFA12,MT-ND5,9606.ENSP00000330737,9606.ENSP00000354813,0.999,STRING
NDUFA12,NDUFC1,9606.ENSP00000330737,9606.ENSP00000441126,0.999,STRING
NDUFA12,NDUFS1,9606.ENSP00000330737,9606.ENSP00000392709,0.999,STRING
NDUFA12,NDUFAB1,9606.ENSP00000330737,9606.ENSP00000458770,0.999,STRING
NDUFA12,NDUFB3,9606.ENSP00000330737,9606.ENSP00000407336,0.999,STRING
NDUFA12,NDUFA13,9606.ENSP00000330737,9606.ENSP00000423673,0.999,STRING
BMP4,BMPR2,9606.ENSP00000245451,9606.ENSP00000363708,0.999,STRING
NDUFA12,NDUFA6,9606.ENSP00000330737,9606.ENSP00000482543,0.999,STRING
BMP4,BMPR1B,9606.ENSP00000245451,9606.ENSP00000401907,0.999,STRING
NDUFA12,NDUFA4,9606.ENSP00000330737,9606.ENSP00000339720,0.999,STRING
NDUFA12,MT-ND4,9606.ENSP00000330737,9606.ENSP00000354961,0.999,STRING
NDUFA9,MT-ND3,9606.ENSP00000266544,9606.ENSP00000355206,0.999,STRING
LEPR,JAK2,9606.ENSP00000330393,9606.ENSP00000371067,0.999,STRING
TBK1,DDX3X,9606.ENSP00000329967,9606.ENSP00000494040,0.999,STRING
NDUFA12,NDUFA5,9606.ENSP00000330737,9606.ENSP00000417142,0.999,STRING
NDUFA12,MT-ND2,9606.ENSP00000330737,9606.ENSP00000355046,0.999,STRING
SMO,SHH,9606.ENSP00000249373,9606.ENSP00000297261,0.999,STRING
NDUFA12,NDUFS5,9606.ENSP00000330737,9606.ENSP00000362058,0.999,STRING
GRIN2A,GRIN1,9606.ENSP00000332549,9606.ENSP00000360608,0.999,STRING
CD86,CTLA4,9606.ENSP00000332049,9606.ENSP00000497102,0.999,STRING
NDUFA9,MT-ND4,9606.ENSP00000266544,9606.ENSP00000354961,0.999,STRING
CALCA,CALCR,9606.ENSP00000331746,9606.ENSP00000352561,0.999,STRING
PSMD3,PSMA5,9606.ENSP00000264639,9606.ENSP00000271308,0.999,STRING
NDUFA12,NDUFV3,9606.ENSP00000330737,9606.ENSP00000346196,0.999,STRING
NDUFA12,NDUFS2,9606.ENSP00000330737,9606.ENSP00000356972,0.999,STRING
NDUFA12,MT-ND1,9606.ENSP00000330737,9606.ENSP00000354687,0.999,STRING
NDUFA12,NDUFA8,9606.ENSP00000330737,9606.ENSP00000362873,0.999,STRING
NDUFA12,NDUFB6,9606.ENSP00000330737,9606.ENSP00000369176,0.999,STRING
NDUFA12,NDUFA11,9606.ENSP00000330737,9606.ENSP00000389160,0.999,STRING
NDUFA12,NDUFA1,9606.ENSP00000330737,9606.ENSP00000360492,0.999,STRING
NDUFA12,NDUFA3,9606.ENSP00000330737,9606.ENSP00000418438,0.999,STRING
NDUFA12,NDUFV1,9606.ENSP00000330737,9606.ENSP00000497587,0.999,STRING
C3,CFH,9606.ENSP00000245907,9606.ENSP00000356399,0.999,STRING
SMO,PTCH1,9606.ENSP00000249373,9606.ENSP00000332353,0.999,STRING
PSMD2,PSMC5,9606.ENSP00000310129,9606.ENSP00000310572,0.999,STRING
NDUFA2,NDUFS5,9606.ENSP00000252102,9606.ENSP00000362058,0.999,STRING
NDUFV2,NDUFV3,9606.ENSP00000327268,9606.ENSP00000346196,0.999,STRING
NDUFA2,NDUFB1,9606.ENSP00000252102,9606.ENSP00000483888,0.999,STRING
NDUFA2,NDUFS8,9606.ENSP00000252102,9606.ENSP00000315774,0.999,STRING
NDUFA2,NDUFA10,9606.ENSP00000252102,9606.ENSP00000252711,0.999,STRING
NDUFA2,NDUFB6,9606.ENSP00000252102,9606.ENSP00000369176,0.999,STRING
NDUFA2,NDUFS2,9606.ENSP00000252102,9606.ENSP00000356972,0.999,STRING
NDUFA2,NDUFA8,9606.ENSP00000252102,9606.ENSP00000362873,0.999,STRING
NDUFV2,MT-ND2,9606.ENSP00000327268,9606.ENSP00000355046,0.999,STRING
NDUFA2,NDUFV3,9606.ENSP00000252102,9606.ENSP00000346196,0.999,STRING
NDUFA2,MT-ND2,9606.ENSP00000252102,9606.ENSP00000355046,0.999,STRING
NDUFA2,NDUFA3,9606.ENSP00000252102,9606.ENSP00000418438,0.999,STRING
NDUFA2,NDUFB9,9606.ENSP00000252102,9606.ENSP00000276689,0.999,STRING
NDUFA2,NDUFV1,9606.ENSP00000252102,9606.ENSP00000497587,0.999,STRING
NDUFA2,MT-ND1,9606.ENSP00000252102,9606.ENSP00000354687,0.999,STRING
RRM2B,RRM1,9606.ENSP00000251810,9606.ENSP00000300738,0.999,STRING
NDUFV2,NDUFV1,9606.ENSP00000327268,9606.ENSP00000497587,0.999,STRING
NKX2-5,GATA4,9606.ENSP00000327758,9606.ENSP00000435712,0.999,STRING
NDUFV2,MT-ND4,9606.ENSP00000327268,9606.ENSP00000354961,0.999,STRING
NDUFV2,NDUFC1,9606.ENSP00000327268,9606.ENSP00000441126,0.999,STRING
NDUFV2,NDUFAB1,9606.ENSP00000327268,9606.ENSP00000458770,0.999,STRING
NDUFV2,NDUFS1,9606.ENSP00000327268,9606.ENSP00000392709,0.999,STRING
NDUFV2,NDUFB3,9606.ENSP00000327268,9606.ENSP00000407336,0.999,STRING
NDUFV2,NDUFA13,9606.ENSP00000327268,9606.ENSP00000423673,0.999,STRING
NDUFV2,MT-ND3,9606.ENSP00000327268,9606.ENSP00000355206,0.999,STRING
NDUFV2,NDUFA12,9606.ENSP00000327268,9606.ENSP00000330737,0.999,STRING
NDUFV2,MT-ND1,9606.ENSP00000327268,9606.ENSP00000354687,0.999,STRING
NDUFV2,NDUFA6,9606.ENSP00000327268,9606.ENSP00000482543,0.999,STRING
NDUFV2,NDUFA5,9606.ENSP00000327268,9606.ENSP00000417142,0.999,STRING
NDUFV2,MT-ND5,9606.ENSP00000327268,9606.ENSP00000354813,0.999,STRING
NDUFV2,NDUFA1,9606.ENSP00000327268,9606.ENSP00000360492,0.999,STRING
NDUFV2,NDUFA11,9606.ENSP00000327268,9606.ENSP00000389160,0.999,STRING
NDUFV2,NDUFA3,9606.ENSP00000327268,9606.ENSP00000418438,0.999,STRING
GRIN2A,GRIN2B,9606.ENSP00000332549,9606.ENSP00000477455,0.999,STRING
GRIN2A,GRIN3A,9606.ENSP00000332549,9606.ENSP00000355155,0.999,STRING
NDUFA9,NDUFA13,9606.ENSP00000266544,9606.ENSP00000423673,0.999,STRING
SMARCB1,PBRM1,9606.ENSP00000340883,9606.ENSP00000386593,0.999,STRING
PTK2,SOS1,9606.ENSP00000341189,9606.ENSP00000384675,0.999,STRING
TP53,PTEN,9606.ENSP00000269305,9606.ENSP00000361021,0.999,STRING
NDUFA9,NDUFA3,9606.ENSP00000266544,9606.ENSP00000418438,0.999,STRING
NDUFA9,MT-ND1,9606.ENSP00000266544,9606.ENSP00000354687,0.999,STRING
SMARCB1,ARID1B,9606.ENSP00000340883,9606.ENSP00000490491,0.999,STRING
SMARCB1,SMARCA4,9606.ENSP00000340883,9606.ENSP00000343896,0.999,STRING
NDUFA9,NDUFV1,9606.ENSP00000266544,9606.ENSP00000497587,0.999,STRING
TUBB4B,TUBA1A,9606.ENSP00000341289,9606.ENSP00000439020,0.999,STRING
NDUFA9,MT-ND2,9606.ENSP00000266544,9606.ENSP00000355046,0.999,STRING
MSH6,PMS2,9606.ENSP00000234420,9606.ENSP00000265849,0.999,STRING
MSH6,ATM,9606.ENSP00000234420,9606.ENSP00000278616,0.999,STRING
NDUFA9,NDUFA12,9606.ENSP00000266544,9606.ENSP00000330737,0.999,STRING
FGFR3,FGF9,9606.ENSP00000339824,9606.ENSP00000371790,0.999,STRING
NDUFA9,NDUFB8,9606.ENSP00000266544,9606.ENSP00000299166,0.999,STRING
PTK2,SRC,9606.ENSP00000341189,9606.ENSP00000362680,0.999,STRING
NDUFA9,NDUFB9,9606.ENSP00000266544,9606.ENSP00000276689,0.999,STRING
SMAD3,SMAD4,9606.ENSP00000332973,9606.ENSP00000341551,0.999,STRING
NDUFS7,MT-ND2,9606.ENSP00000233627,9606.ENSP00000355046,0.999,STRING
NDUFS7,NDUFA10,9606.ENSP00000233627,9606.ENSP00000252711,0.999,STRING
NDUFS7,NDUFA1,9606.ENSP00000233627,9606.ENSP00000360492,0.999,STRING
NDUFS7,NDUFA11,9606.ENSP00000233627,9606.ENSP00000389160,0.999,STRING
NDUFS7,NDUFS4,9606.ENSP00000233627,9606.ENSP00000296684,0.999,STRING
NDUFS7,NDUFAF3,9606.ENSP00000233627,9606.ENSP00000323076,0.999,STRING
NDUFS7,NDUFA7,9606.ENSP00000233627,9606.ENSP00000301457,0.999,STRING
NDUFS7,MT-ND1,9606.ENSP00000233627,9606.ENSP00000354687,0.999,STRING
IL1RL1,IL33,9606.ENSP00000233954,9606.ENSP00000370842,0.999,STRING
NDUFS7,NDUFS3,9606.ENSP00000233627,9606.ENSP00000263774,0.999,STRING
NDUFS7,NDUFV1,9606.ENSP00000233627,9606.ENSP00000497587,0.999,STRING
NDUFS7,NDUFA3,9606.ENSP00000233627,9606.ENSP00000418438,0.999,STRING
NDUFS7,NDUFB9,9606.ENSP00000233627,9606.ENSP00000276689,0.999,STRING
NDUFA9,NDUFS4,9606.ENSP00000266544,9606.ENSP00000296684,0.999,STRING
NDUFA9,NDUFA11,9606.ENSP00000266544,9606.ENSP00000389160,0.999,STRING
NDUFA9,NDUFB11,9606.ENSP00000266544,9606.ENSP00000276062,0.999,STRING
NDUFA4,NDUFA6,9606.ENSP00000339720,9606.ENSP00000482543,0.999,STRING
NDUFA9,NDUFS6,9606.ENSP00000266544,9606.ENSP00000274137,0.999,STRING
NDUFA9,NDUFS1,9606.ENSP00000266544,9606.ENSP00000392709,0.999,STRING
TUBA1B,TUBB,9606.ENSP00000336799,9606.ENSP00000339001,0.999,STRING
RAD51C,RAD51D,9606.ENSP00000336701,9606.ENSP00000466399,0.999,STRING
RAD51C,BRCA2,9606.ENSP00000336701,9606.ENSP00000369497,0.999,STRING
RAD51C,RAD51B,9606.ENSP00000336701,9606.ENSP00000419881,0.999,STRING
NR1I2,RXRA,9606.ENSP00000336528,9606.ENSP00000419692,0.999,STRING
PDCD1,CD274,9606.ENSP00000335062,9606.ENSP00000370989,0.999,STRING
ARID2,SMARCA4,9606.ENSP00000335044,9606.ENSP00000343896,0.999,STRING
APOA1,APOE,9606.ENSP00000236850,9606.ENSP00000252486,0.999,STRING
ARID2,SMARCB1,9606.ENSP00000335044,9606.ENSP00000340883,0.999,STRING
ARID2,PBRM1,9606.ENSP00000335044,9606.ENSP00000386593,0.999,STRING
NDUFA9,NDUFB3,9606.ENSP00000266544,9606.ENSP00000407336,0.999,STRING
NDUFA9,NDUFC2,9606.ENSP00000266544,9606.ENSP00000281031,0.999,STRING
SMAD3,CTNNB1,9606.ENSP00000332973,9606.ENSP00000495360,0.999,STRING
SMAD3,TGFBR1,9606.ENSP00000332973,9606.ENSP00000447297,0.999,STRING
TUBA1B,TUBB2A,9606.ENSP00000336799,9606.ENSP00000369703,0.999,STRING
FGG,FGA,9606.ENSP00000336829,9606.ENSP00000498441,0.999,STRING
ACVR2A,ACVR1,9606.ENSP00000241416,9606.ENSP00000405004,0.999,STRING
ACVR2A,INHBA,9606.ENSP00000241416,9606.ENSP00000242208,0.999,STRING
MEN1,KMT2A,9606.ENSP00000337088,9606.ENSP00000436786,0.999,STRING
NDUFA9,NDUFAB1,9606.ENSP00000266544,9606.ENSP00000458770,0.999,STRING
NDUFA9,NDUFV2,9606.ENSP00000266544,9606.ENSP00000327268,0.999,STRING
TGFB3,TGFBR2,9606.ENSP00000238682,9606.ENSP00000351905,0.999,STRING
TGFB3,TGFBR1,9606.ENSP00000238682,9606.ENSP00000447297,0.999,STRING
NDUFA9,MT-ND5,9606.ENSP00000266544,9606.ENSP00000354813,0.999,STRING
NDUFA9,NDUFA5,9606.ENSP00000266544,9606.ENSP00000417142,0.999,STRING
FGF23,FGFR1,9606.ENSP00000237837,9606.ENSP00000393312,0.999,STRING
FGF23,KL,9606.ENSP00000237837,9606.ENSP00000369442,0.999,STRING
NDUFA9,NDUFA6,9606.ENSP00000266544,9606.ENSP00000482543,0.999,STRING
CAV1,SRC,9606.ENSP00000339191,9606.ENSP00000362680,0.999,STRING
PKD2,PKD1,9606.ENSP00000237596,9606.ENSP00000262304,0.999,STRING
APOA1,ABCA1,9606.ENSP00000236850,9606.ENSP00000363868,0.999,STRING
NDUFA2,NDUFS3,9606.ENSP00000252102,9606.ENSP00000263774,0.999,STRING
NDUFA2,NDUFA11,9606.ENSP00000252102,9606.ENSP00000389160,0.999,STRING
NDUFA2,NDUFA1,9606.ENSP00000252102,9606.ENSP00000360492,0.999,STRING
NDUFS8,NDUFA6,9606.ENSP00000315774,9606.ENSP00000482543,0.999,STRING
NDUFS8,NDUFS1,9606.ENSP00000315774,9606.ENSP00000392709,0.999,STRING
NDUFS8,NDUFB3,9606.ENSP00000315774,9606.ENSP00000407336,0.999,STRING
NDUFS8,NDUFA13,9606.ENSP00000315774,9606.ENSP00000423673,0.999,STRING
NDUFS8,MT-ND4,9606.ENSP00000315774,9606.ENSP00000354961,0.999,STRING
NDUFS8,MT-ND3,9606.ENSP00000315774,9606.ENSP00000355206,0.999,STRING
NDUFS8,NDUFA12,9606.ENSP00000315774,9606.ENSP00000330737,0.999,STRING
NDUFS8,NDUFA5,9606.ENSP00000315774,9606.ENSP00000417142,0.999,STRING
NDUFS8,NDUFV2,9606.ENSP00000315774,9606.ENSP00000327268,0.999,STRING
NDUFS8,MT-ND5,9606.ENSP00000315774,9606.ENSP00000354813,0.999,STRING
NDUFS8,NDUFAF3,9606.ENSP00000315774,9606.ENSP00000323076,0.999,STRING
NDUFS8,NDUFA11,9606.ENSP00000315774,9606.ENSP00000389160,0.999,STRING
NDUFS8,NDUFA1,9606.ENSP00000315774,9606.ENSP00000360492,0.999,STRING
NDUFS8,NDUFA3,9606.ENSP00000315774,9606.ENSP00000418438,0.999,STRING
NDUFS8,NDUFV1,9606.ENSP00000315774,9606.ENSP00000497587,0.999,STRING
NDUFS8,NDUFAB1,9606.ENSP00000315774,9606.ENSP00000458770,0.999,STRING
ERBB3,ERBB2,9606.ENSP00000267101,9606.ENSP00000269571,0.999,STRING
POLE,POLE3,9606.ENSP00000322570,9606.ENSP00000363286,0.999,STRING
RARA,RXRA,9606.ENSP00000254066,9606.ENSP00000419692,0.999,STRING
ARID1A,SMARCB1,9606.ENSP00000320485,9606.ENSP00000340883,0.999,STRING
ARID1A,SMARCA4,9606.ENSP00000320485,9606.ENSP00000343896,0.999,STRING
ARID1A,ARID1B,9606.ENSP00000320485,9606.ENSP00000490491,0.999,STRING
TUBB3,TUBA1B,9606.ENSP00000320295,9606.ENSP00000336799,0.999,STRING
TUBB3,TUBA1A,9606.ENSP00000320295,9606.ENSP00000439020,0.999,STRING
RARA,NCOR1,9606.ENSP00000254066,9606.ENSP00000268712,0.999,STRING
EZH2,HDAC2,9606.ENSP00000320147,9606.ENSP00000430432,0.999,STRING
ERBB3,NRG1,9606.ENSP00000267101,9606.ENSP00000287842,0.999,STRING
EZH2,HDAC1,9606.ENSP00000320147,9606.ENSP00000362649,0.999,STRING
EZH2,DNMT1,9606.ENSP00000320147,9606.ENSP00000352516,0.999,STRING
JAG1,NOTCH2,9606.ENSP00000254958,9606.ENSP00000256646,0.999,STRING
JAG1,NOTCH1,9606.ENSP00000254958,9606.ENSP00000498587,0.999,STRING
ERBB3,ERBB4,9606.ENSP00000267101,9606.ENSP00000342235,0.999,STRING
ERBB3,EGFR,9606.ENSP00000267101,9606.ENSP00000275493,0.999,STRING
NDUFS8,MT-ND4L,9606.ENSP00000315774,9606.ENSP00000354728,0.999,STRING
NDUFS8,MT-ND1,9606.ENSP00000315774,9606.ENSP00000354687,0.999,STRING
NDUFS8,MT-ND2,9606.ENSP00000315774,9606.ENSP00000355046,0.999,STRING
PSMC5,PSMC2,9606.ENSP00000310572,9606.ENSP00000391211,0.999,STRING
PSMC5,PSMC6,9606.ENSP00000310572,9606.ENSP00000484998,0.999,STRING
PSMC5,PSMB2,9606.ENSP00000310572,9606.ENSP00000362334,0.999,STRING
PSMC5,PSMD14,9606.ENSP00000310572,9606.ENSP00000386541,0.999,STRING
PSMC5,PSMD13,9606.ENSP00000310572,9606.ENSP00000396937,0.999,STRING
PSMC5,PSMD6,9606.ENSP00000310572,9606.ENSP00000418695,0.999,STRING
PSMC5,PSMB5,9606.ENSP00000310572,9606.ENSP00000355325,0.999,STRING
CDK7,ERCC2,9606.ENSP00000256443,9606.ENSP00000375809,0.999,STRING
NDUFS8,NDUFV3,9606.ENSP00000315774,9606.ENSP00000346196,0.999,STRING
PSMC5,PSMD4,9606.ENSP00000310572,9606.ENSP00000357876,0.999,STRING
PSMC5,PSMC3,9606.ENSP00000310572,9606.ENSP00000481029,0.999,STRING
VHL,EPAS1,9606.ENSP00000256474,9606.ENSP00000263734,0.999,STRING
VHL,HIF1A,9606.ENSP00000256474,9606.ENSP00000437955,0.999,STRING
PSMD2,PSMD6,9606.ENSP00000310129,9606.ENSP00000418695,0.999,STRING
PSMD2,ADRM1,9606.ENSP00000310129,9606.ENSP00000478877,0.999,STRING
KRAS,RAF1,9606.ENSP00000256078,9606.ENSP00000401888,0.999,STRING
KRAS,SOS1,9606.ENSP00000256078,9606.ENSP00000384675,0.999,STRING
KRAS,BRAF,9606.ENSP00000256078,9606.ENSP00000419060,0.999,STRING
RB1,HDAC1,9606.ENSP00000267163,9606.ENSP00000362649,0.999,STRING
PSMA8,PSMA1,9606.ENSP00000311121,9606.ENSP00000414359,0.999,STRING
POLD4,POLD2,9606.ENSP00000311368,9606.ENSP00000480186,0.999,STRING
POLD4,POLD1,9606.ENSP00000311368,9606.ENSP00000472445,0.999,STRING
LEP,LEPR,9606.ENSP00000312652,9606.ENSP00000330393,0.999,STRING
GH1,GHR,9606.ENSP00000312673,9606.ENSP00000483403,0.999,STRING
HNF4A,CTNNB1,9606.ENSP00000312987,9606.ENSP00000495360,0.999,STRING
CD19,LYN,9606.ENSP00000313419,9606.ENSP00000428924,0.999,STRING
ANGPT2,TEK,9606.ENSP00000314897,9606.ENSP00000369375,0.999,STRING
TYMS,DHFR,9606.ENSP00000315644,9606.ENSP00000396308,0.999,STRING
NDUFS8,NDUFB6,9606.ENSP00000315774,9606.ENSP00000369176,0.999,STRING
NDUFS8,NDUFA8,9606.ENSP00000315774,9606.ENSP00000362873,0.999,STRING
NDUFS8,NDUFS2,9606.ENSP00000315774,9606.ENSP00000356972,0.999,STRING
NDUFS8,NDUFS5,9606.ENSP00000315774,9606.ENSP00000362058,0.999,STRING
ARID1A,PBRM1,9606.ENSP00000320485,9606.ENSP00000386593,0.999,STRING
POLE,POLD1,9606.ENSP00000322570,9606.ENSP00000472445,0.999,STRING
NDUFA2,NDUFA7,9606.ENSP00000252102,9606.ENSP00000301457,0.999,STRING
NDUFV2,NDUFB6,9606.ENSP00000327268,9606.ENSP00000369176,0.999,STRING
NDUFA2,NDUFV2,9606.ENSP00000252102,9606.ENSP00000327268,0.999,STRING
NDUFA2,NDUFB3,9606.ENSP00000252102,9606.ENSP00000407336,0.999,STRING
NDUFA2,NDUFC1,9606.ENSP00000252102,9606.ENSP00000441126,0.999,STRING
NDUFV2,NDUFS2,9606.ENSP00000327268,9606.ENSP00000356972,0.999,STRING
NDUFV2,NDUFS5,9606.ENSP00000327268,9606.ENSP00000362058,0.999,STRING
NDUFV2,NDUFA8,9606.ENSP00000327268,9606.ENSP00000362873,0.999,STRING
PSEN1,CTNNB1,9606.ENSP00000326366,9606.ENSP00000495360,0.999,STRING
NDUFA2,NDUFS1,9606.ENSP00000252102,9606.ENSP00000392709,0.999,STRING
KDR,PGF,9606.ENSP00000263923,9606.ENSP00000451040,0.999,STRING
GSK3B,CTNNB1,9606.ENSP00000324806,9606.ENSP00000495360,0.999,STRING
GSK3B,MAPT,9606.ENSP00000324806,9606.ENSP00000340820,0.999,STRING
APOE,APOC1,9606.ENSP00000252486,9606.ENSP00000465356,0.999,STRING
APOE,APP,9606.ENSP00000252486,9606.ENSP00000284981,0.999,STRING
NDUFAF3,NDUFA13,9606.ENSP00000323076,9606.ENSP00000423673,0.999,STRING
NDUFA2,NDUFAB1,9606.ENSP00000252102,9606.ENSP00000458770,0.999,STRING
NDUFA2,MT-ND4,9606.ENSP00000252102,9606.ENSP00000354961,0.999,STRING
NDUFAF3,NDUFA8,9606.ENSP00000323076,9606.ENSP00000362873,0.999,STRING
NDUFA2,NDUFB11,9606.ENSP00000252102,9606.ENSP00000276062,0.999,STRING
NDUFA2,NDUFS4,9606.ENSP00000252102,9606.ENSP00000296684,0.999,STRING
NDUFA2,NDUFA5,9606.ENSP00000252102,9606.ENSP00000417142,0.999,STRING
NDUFA2,NDUFA9,9606.ENSP00000252102,9606.ENSP00000266544,0.999,STRING
NDUFA2,MT-ND5,9606.ENSP00000252102,9606.ENSP00000354813,0.999,STRING
NDUFA2,NDUFA6,9606.ENSP00000252102,9606.ENSP00000482543,0.999,STRING
NDUFA2,NDUFS6,9606.ENSP00000252102,9606.ENSP00000274137,0.999,STRING
NDUFA2,NDUFB8,9606.ENSP00000252102,9606.ENSP00000299166,0.999,STRING
NDUFA2,NDUFA4,9606.ENSP00000252102,9606.ENSP00000339720,0.999,STRING
NDUFA2,NDUFA12,9606.ENSP00000252102,9606.ENSP00000330737,0.999,STRING
NDUFA2,NDUFB2,9606.ENSP00000252102,9606.ENSP00000419087,0.999,STRING
NDUFA2,NDUFC2,9606.ENSP00000252102,9606.ENSP00000281031,0.999,STRING
NDUFA2,NDUFA13,9606.ENSP00000252102,9606.ENSP00000423673,0.999,STRING
NDUFA2,NDUFB5,9606.ENSP00000252102,9606.ENSP00000259037,0.999,STRING
NDUFA2,MT-ND3,9606.ENSP00000252102,9606.ENSP00000355206,0.999,STRING
NDUFA10,NDUFB3,9606.ENSP00000252711,9606.ENSP00000407336,0.999,STRING
NDUFA10,NDUFS1,9606.ENSP00000252711,9606.ENSP00000392709,0.999,STRING
NDUFA10,NDUFAB1,9606.ENSP00000252711,9606.ENSP00000458770,0.999,STRING
NDUFA10,NDUFS2,9606.ENSP00000252711,9606.ENSP00000356972,0.999,STRING
NDUFA10,MT-ND2,9606.ENSP00000252711,9606.ENSP00000355046,0.999,STRING
NDUFA10,NDUFS3,9606.ENSP00000252711,9606.ENSP00000263774,0.999,STRING
NDUFA10,NDUFV1,9606.ENSP00000252711,9606.ENSP00000497587,0.999,STRING
NDUFA10,NDUFA3,9606.ENSP00000252711,9606.ENSP00000418438,0.999,STRING
NDUFA10,NDUFB9,9606.ENSP00000252711,9606.ENSP00000276689,0.999,STRING
NDUFA10,NDUFA8,9606.ENSP00000252711,9606.ENSP00000362873,0.999,STRING
NDUFA10,NDUFS5,9606.ENSP00000252711,9606.ENSP00000362058,0.999,STRING
NDUFA10,NDUFV2,9606.ENSP00000252711,9606.ENSP00000327268,0.999,STRING
NDUFA10,NDUFV3,9606.ENSP00000252711,9606.ENSP00000346196,0.999,STRING
NDUFA10,NDUFB6,9606.ENSP00000252711,9606.ENSP00000369176,0.999,STRING
NDUFA10,NDUFS8,9606.ENSP00000252711,9606.ENSP00000315774,0.999,STRING
NDUFAF3,MT-ND6,9606.ENSP00000323076,9606.ENSP00000354665,0.999,STRING
NDUFAF3,NDUFAF4,9606.ENSP00000323076,9606.ENSP00000358272,0.999,STRING
NDUFAF3,NDUFS2,9606.ENSP00000323076,9606.ENSP00000356972,0.999,STRING
NDUFA10,NDUFA7,9606.ENSP00000252711,9606.ENSP00000301457,0.999,STRING
NDUFA10,NDUFS4,9606.ENSP00000252711,9606.ENSP00000296684,0.999,STRING
NDUFA10,NDUFA11,9606.ENSP00000252711,9606.ENSP00000389160,0.999,STRING
NDUFA10,NDUFA1,9606.ENSP00000252711,9606.ENSP00000360492,0.999,STRING
NDUFA10,NDUFB11,9606.ENSP00000252711,9606.ENSP00000276062,0.999,STRING
NDUFA10,NDUFS6,9606.ENSP00000252711,9606.ENSP00000274137,0.999,STRING
NDUFA10,NDUFA6,9606.ENSP00000252711,9606.ENSP00000482543,0.999,STRING
NDUFA10,NDUFB8,9606.ENSP00000252711,9606.ENSP00000299166,0.999,STRING
NDUFA10,NDUFA5,9606.ENSP00000252711,9606.ENSP00000417142,0.999,STRING
NDUFA10,NDUFA9,9606.ENSP00000252711,9606.ENSP00000266544,0.999,STRING
NDUFA10,NDUFA12,9606.ENSP00000252711,9606.ENSP00000330737,0.999,STRING
NDUFA10,NDUFB2,9606.ENSP00000252711,9606.ENSP00000419087,0.999,STRING
NDUFA10,NDUFB5,9606.ENSP00000252711,9606.ENSP00000259037,0.999,STRING
NDUFA10,NDUFA13,9606.ENSP00000252711,9606.ENSP00000423673,0.999,STRING
NDUFA10,NDUFC2,9606.ENSP00000252711,9606.ENSP00000281031,0.999,STRING
NDUFA10,MT-ND4,9606.ENSP00000252711,9606.ENSP00000354961,0.999,STRING
NDUFA10,MT-ND3,9606.ENSP00000252711,9606.ENSP00000355206,0.999,STRING
NDUFS7,NDUFS8,9606.ENSP00000233627,9606.ENSP00000315774,0.999,STRING
NDUFS7,NDUFAF4,9606.ENSP00000233627,9606.ENSP00000358272,0.999,STRING
NDUFS7,NDUFB6,9606.ENSP00000233627,9606.ENSP00000369176,0.999,STRING
MT-ND2,NDUFAB1,9606.ENSP00000355046,9606.ENSP00000458770,0.999,STRING
MT-ND3,NDUFA8,9606.ENSP00000355206,9606.ENSP00000362873,0.999,STRING
MT-ND3,NDUFS2,9606.ENSP00000355206,9606.ENSP00000356972,0.999,STRING
GRIN3A,GRIN2B,9606.ENSP00000355155,9606.ENSP00000477455,0.999,STRING
GRIN3A,GRIN1,9606.ENSP00000355155,9606.ENSP00000360608,0.999,STRING
MT-ND2,NDUFB3,9606.ENSP00000355046,9606.ENSP00000407336,0.999,STRING
MT-ND2,NDUFS1,9606.ENSP00000355046,9606.ENSP00000392709,0.999,STRING
MT-ND2,MT-ND3,9606.ENSP00000355046,9606.ENSP00000355206,0.999,STRING
MT-ND3,NDUFA6,9606.ENSP00000355206,9606.ENSP00000482543,0.999,STRING
MT-ND2,NDUFA13,9606.ENSP00000355046,9606.ENSP00000423673,0.999,STRING
MT-ND2,NDUFA5,9606.ENSP00000355046,9606.ENSP00000417142,0.999,STRING
MT-ND2,NDUFA6,9606.ENSP00000355046,9606.ENSP00000482543,0.999,STRING
MT-ND2,NDUFA11,9606.ENSP00000355046,9606.ENSP00000389160,0.999,STRING
MT-ND2,NDUFV1,9606.ENSP00000355046,9606.ENSP00000497587,0.999,STRING
MT-ND2,NDUFA8,9606.ENSP00000355046,9606.ENSP00000362873,0.999,STRING
MT-ND3,NDUFA5,9606.ENSP00000355206,9606.ENSP00000417142,0.999,STRING
MT-ND3,NDUFAB1,9606.ENSP00000355206,9606.ENSP00000458770,0.999,STRING
PSMB5,PSMB2,9606.ENSP00000355325,9606.ENSP00000362334,0.999,STRING
IL2,IL6,9606.ENSP00000226730,9606.ENSP00000385675,0.999,STRING
PSMB5,PSMC2,9606.ENSP00000355325,9606.ENSP00000391211,0.999,STRING
PSMB5,PSMC3,9606.ENSP00000355325,9606.ENSP00000481029,0.999,STRING
PSMB5,PSMA1,9606.ENSP00000355325,9606.ENSP00000414359,0.999,STRING
MT-ND3,NDUFV1,9606.ENSP00000355206,9606.ENSP00000497587,0.999,STRING
MT-ND3,NDUFA3,9606.ENSP00000355206,9606.ENSP00000418438,0.999,STRING
IL2,IL4,9606.ENSP00000226730,9606.ENSP00000231449,0.999,STRING
IL2,IL1B,9606.ENSP00000226730,9606.ENSP00000263341,0.999,STRING
MT-ND3,NDUFS1,9606.ENSP00000355206,9606.ENSP00000392709,0.999,STRING
IL2,IL2RA,9606.ENSP00000226730,9606.ENSP00000369293,0.999,STRING
IL2,IL2RG,9606.ENSP00000226730,9606.ENSP00000363318,0.999,STRING
IL2,JAK3,9606.ENSP00000226730,9606.ENSP00000432511,0.999,STRING
IL2,IL5,9606.ENSP00000226730,9606.ENSP00000231454,0.999,STRING
MT-ND3,NDUFA13,9606.ENSP00000355206,9606.ENSP00000423673,0.999,STRING
MT-ND3,NDUFB3,9606.ENSP00000355206,9606.ENSP00000407336,0.999,STRING
MT-ND2,NDUFS2,9606.ENSP00000355046,9606.ENSP00000356972,0.999,STRING
MT-ND4,NDUFB1,9606.ENSP00000354961,9606.ENSP00000483888,0.999,STRING
MT-ND4,NDUFB6,9606.ENSP00000354961,9606.ENSP00000369176,0.999,STRING
MT-ND5,NDUFS2,9606.ENSP00000354813,9606.ENSP00000356972,0.999,STRING
MT-ND5,NDUFA1,9606.ENSP00000354813,9606.ENSP00000360492,0.999,STRING
MT-ND5,NDUFA11,9606.ENSP00000354813,9606.ENSP00000389160,0.999,STRING
MT-ND5,NDUFV1,9606.ENSP00000354813,9606.ENSP00000497587,0.999,STRING
MT-ND5,MT-ND2,9606.ENSP00000354813,9606.ENSP00000355046,0.999,STRING
IL23A,IL12B,9606.ENSP00000228534,9606.ENSP00000231228,0.999,STRING
IL23A,IL23R,9606.ENSP00000228534,9606.ENSP00000321345,0.999,STRING
MT-ND5,NDUFS5,9606.ENSP00000354813,9606.ENSP00000362058,0.999,STRING
MT-ND4,NDUFS2,9606.ENSP00000354961,9606.ENSP00000356972,0.999,STRING
MT-ND5,NDUFA8,9606.ENSP00000354813,9606.ENSP00000362873,0.999,STRING
MT-ND5,NDUFB6,9606.ENSP00000354813,9606.ENSP00000369176,0.999,STRING
MT-ND5,NDUFS1,9606.ENSP00000354813,9606.ENSP00000392709,0.999,STRING
MT-ND5,NDUFAB1,9606.ENSP00000354813,9606.ENSP00000458770,0.999,STRING
MT-ND5,NDUFB3,9606.ENSP00000354813,9606.ENSP00000407336,0.999,STRING
MT-ND5,NDUFA13,9606.ENSP00000354813,9606.ENSP00000423673,0.999,STRING
MT-ND4,NDUFB3,9606.ENSP00000354961,9606.ENSP00000407336,0.999,STRING
MT-ND4,NDUFS1,9606.ENSP00000354961,9606.ENSP00000392709,0.999,STRING
CCND1,CDKN1A,9606.ENSP00000227507,9606.ENSP00000384849,0.999,STRING
CCND1,CDK6,9606.ENSP00000227507,9606.ENSP00000265734,0.999,STRING
CCND1,CDK4,9606.ENSP00000227507,9606.ENSP00000257904,0.999,STRING
CCND1,CDKN1B,9606.ENSP00000227507,9606.ENSP00000228872,0.999,STRING
MT-ND4,NDUFAB1,9606.ENSP00000354961,9606.ENSP00000458770,0.999,STRING
MT-ND4,MT-ND3,9606.ENSP00000354961,9606.ENSP00000355206,0.999,STRING
MT-ND4,NDUFA13,9606.ENSP00000354961,9606.ENSP00000423673,0.999,STRING
MT-ND4,NDUFA6,9606.ENSP00000354961,9606.ENSP00000482543,0.999,STRING
MT-ND4,NDUFA5,9606.ENSP00000354961,9606.ENSP00000417142,0.999,STRING
MT-ND4,NDUFA11,9606.ENSP00000354961,9606.ENSP00000389160,0.999,STRING
MT-ND4,NDUFA1,9606.ENSP00000354961,9606.ENSP00000360492,0.999,STRING
MT-ND4,NDUFV1,9606.ENSP00000354961,9606.ENSP00000497587,0.999,STRING
MT-ND4,MT-ND2,9606.ENSP00000354961,9606.ENSP00000355046,0.999,STRING
MT-ND4,NDUFA8,9606.ENSP00000354961,9606.ENSP00000362873,0.999,STRING
MT-ND4,NDUFS5,9606.ENSP00000354961,9606.ENSP00000362058,0.999,STRING
PSMB5,PSMA7,9606.ENSP00000355325,9606.ENSP00000359910,0.999,STRING
PSMB5,PSMC6,9606.ENSP00000355325,9606.ENSP00000484998,0.999,STRING
MT-ND5,MT-ND4,9606.ENSP00000354813,9606.ENSP00000354961,0.999,STRING
CHUK,TNF,9606.ENSP00000359424,9606.ENSP00000398698,0.999,STRING
PSMA7,PSMB9,9606.ENSP00000359910,9606.ENSP00000363993,0.999,STRING
CDK6,CDKN2B,9606.ENSP00000265734,9606.ENSP00000276925,0.999,STRING
CDK6,CDKN2A,9606.ENSP00000265734,9606.ENSP00000418915,0.999,STRING
PSMA7,PSMB2,9606.ENSP00000359910,9606.ENSP00000362334,0.999,STRING
PSMA7,PSMC6,9606.ENSP00000359910,9606.ENSP00000484998,0.999,STRING
CD40LG,CD40,9606.ENSP00000359663,9606.ENSP00000361359,0.999,STRING
IRAK1,IL1R1,9606.ENSP00000358997,9606.ENSP00000386380,0.999,STRING
PSMA7,PSMA1,9606.ENSP00000359910,9606.ENSP00000414359,0.999,STRING
IRAK1,MYD88,9606.ENSP00000358997,9606.ENSP00000498321,0.999,STRING
IRAK1,CHUK,9606.ENSP00000358997,9606.ENSP00000359424,0.999,STRING
NRAS,RAF1,9606.ENSP00000358548,9606.ENSP00000401888,0.999,STRING
NRAS,BRAF,9606.ENSP00000358548,9606.ENSP00000419060,0.999,STRING
NGF,NTRK1,9606.ENSP00000358525,9606.ENSP00000431418,0.999,STRING
MAP3K7,TNF,9606.ENSP00000358335,9606.ENSP00000398698,0.999,STRING
PSMA7,PSMB8,9606.ENSP00000359910,9606.ENSP00000364016,0.999,STRING
PSMA7,PSMC2,9606.ENSP00000359910,9606.ENSP00000391211,0.999,STRING
AGT,AGTR1,9606.ENSP00000355627,9606.ENSP00000398832,0.999,STRING
NDUFA1,NDUFS5,9606.ENSP00000360492,9606.ENSP00000362058,0.999,STRING
NDUFA1,NDUFAB1,9606.ENSP00000360492,9606.ENSP00000458770,0.999,STRING
NDUFA1,NDUFS1,9606.ENSP00000360492,9606.ENSP00000392709,0.999,STRING
NDUFA1,NDUFA13,9606.ENSP00000360492,9606.ENSP00000423673,0.999,STRING
NDUFA1,NDUFV1,9606.ENSP00000360492,9606.ENSP00000497587,0.999,STRING
NDUFA1,NDUFA3,9606.ENSP00000360492,9606.ENSP00000418438,0.999,STRING
NDUFA1,NDUFA8,9606.ENSP00000360492,9606.ENSP00000362873,0.999,STRING
NDUFA1,NDUFB2,9606.ENSP00000360492,9606.ENSP00000419087,0.999,STRING
CDK6,CDKN1A,9606.ENSP00000265734,9606.ENSP00000384849,0.999,STRING
NDUFA1,NDUFB1,9606.ENSP00000360492,9606.ENSP00000483888,0.999,STRING
NDUFA1,NDUFA5,9606.ENSP00000360492,9606.ENSP00000417142,0.999,STRING
COL1A1,COL1A2,9606.ENSP00000225964,9606.ENSP00000297268,0.999,STRING
NDUFA1,NDUFB6,9606.ENSP00000360492,9606.ENSP00000369176,0.999,STRING
NDUFA1,NDUFA6,9606.ENSP00000360492,9606.ENSP00000482543,0.999,STRING
POLA2,PRIM1,9606.ENSP00000265465,9606.ENSP00000350491,0.999,STRING
MAP3K7,MYD88,9606.ENSP00000358335,9606.ENSP00000498321,0.999,STRING
NDUFAF4,NDUFA13,9606.ENSP00000358272,9606.ENSP00000423673,0.999,STRING
PSMD4,PSMA1,9606.ENSP00000357876,9606.ENSP00000414359,0.999,STRING
NFKB1,TNF,9606.ENSP00000226574,9606.ENSP00000398698,0.999,STRING
NDUFS2,NDUFA6,9606.ENSP00000356972,9606.ENSP00000482543,0.999,STRING
NDUFS2,NDUFS1,9606.ENSP00000356972,9606.ENSP00000392709,0.999,STRING
NDUFS2,NDUFAB1,9606.ENSP00000356972,9606.ENSP00000458770,0.999,STRING
NDUFS2,NDUFB3,9606.ENSP00000356972,9606.ENSP00000407336,0.999,STRING
PIK3CA,PIK3R1,9606.ENSP00000263967,9606.ENSP00000428056,0.999,STRING
PIK3CA,EGFR,9606.ENSP00000263967,9606.ENSP00000275493,0.999,STRING
NFKB1,CHUK,9606.ENSP00000226574,9606.ENSP00000359424,0.999,STRING
PSMD4,ADRM1,9606.ENSP00000357876,9606.ENSP00000478877,0.999,STRING
NDUFS2,NDUFA13,9606.ENSP00000356972,9606.ENSP00000423673,0.999,STRING
ATP1B1,ATP1A1,9606.ENSP00000356790,9606.ENSP00000445306,0.999,STRING
IFNGR1,JAK1,9606.ENSP00000356713,9606.ENSP00000499900,0.999,STRING
IFNGR1,JAK2,9606.ENSP00000356713,9606.ENSP00000371067,0.999,STRING
IFNGR1,IFNGR2,9606.ENSP00000356713,9606.ENSP00000371425,0.999,STRING
AGT,ACE2,9606.ENSP00000355627,9606.ENSP00000389326,0.999,STRING
NDUFS2,NDUFA5,9606.ENSP00000356972,9606.ENSP00000417142,0.999,STRING
NDUFS2,NDUFV1,9606.ENSP00000356972,9606.ENSP00000497587,0.999,STRING
NDUFS2,NDUFA3,9606.ENSP00000356972,9606.ENSP00000418438,0.999,STRING
NDUFS2,NDUFA1,9606.ENSP00000356972,9606.ENSP00000360492,0.999,STRING
NDUFS2,NDUFA11,9606.ENSP00000356972,9606.ENSP00000389160,0.999,STRING
NDUFS2,NDUFB6,9606.ENSP00000356972,9606.ENSP00000369176,0.999,STRING
NDUFS2,NDUFA8,9606.ENSP00000356972,9606.ENSP00000362873,0.999,STRING
NDUFS2,NDUFS5,9606.ENSP00000356972,9606.ENSP00000362058,0.999,STRING
IL6R,IL6,9606.ENSP00000357470,9606.ENSP00000385675,0.999,STRING
PSMD4,PSMD13,9606.ENSP00000357876,9606.ENSP00000396937,0.999,STRING
PSMD4,PSMB2,9606.ENSP00000357876,9606.ENSP00000362334,0.999,STRING
PSMD4,PSMD14,9606.ENSP00000357876,9606.ENSP00000386541,0.999,STRING
PSMD4,PSMC6,9606.ENSP00000357876,9606.ENSP00000484998,0.999,STRING
PSMD4,PSMC3,9606.ENSP00000357876,9606.ENSP00000481029,0.999,STRING
PSMD4,PSMC2,9606.ENSP00000357876,9606.ENSP00000391211,0.999,STRING
PSMD4,PSMA7,9606.ENSP00000357876,9606.ENSP00000359910,0.999,STRING
PSMD4,PSMD6,9606.ENSP00000357876,9606.ENSP00000418695,0.999,STRING
MT-ND5,MT-ND3,9606.ENSP00000354813,9606.ENSP00000355206,0.999,STRING
MT-ND5,NDUFA6,9606.ENSP00000354813,9606.ENSP00000482543,0.999,STRING
NDUFS7,NDUFV3,9606.ENSP00000233627,9606.ENSP00000346196,0.999,STRING
CRBN,CUL4A,9606.ENSP00000231948,9606.ENSP00000364589,0.999,STRING
MLH1,MSH2,9606.ENSP00000231790,9606.ENSP00000233146,0.999,STRING
MLH1,PMS2,9606.ENSP00000231790,9606.ENSP00000265849,0.999,STRING
MLH1,MSH6,9606.ENSP00000231790,9606.ENSP00000234420,0.999,STRING
NDUFA9,NDUFV3,9606.ENSP00000266544,9606.ENSP00000346196,0.999,STRING
CRBN,DDB1,9606.ENSP00000231948,9606.ENSP00000301764,0.999,STRING
CRBN,IKZF1,9606.ENSP00000231948,9606.ENSP00000331614,0.999,STRING
TNNC1,TNNT2,9606.ENSP00000232975,9606.ENSP00000499593,0.999,STRING
HMGB1,TLR4,9606.ENSP00000345347,9606.ENSP00000363089,0.999,STRING
TNNC1,TNNI3,9606.ENSP00000232975,9606.ENSP00000341838,0.999,STRING
IFNAR2,JAK1,9606.ENSP00000343957,9606.ENSP00000499900,0.999,STRING
IFNAR2,TYK2,9606.ENSP00000343957,9606.ENSP00000431885,0.999,STRING
NDUFA9,NDUFS2,9606.ENSP00000266544,9606.ENSP00000356972,0.999,STRING
SMARCA4,PBRM1,9606.ENSP00000343896,9606.ENSP00000386593,0.999,STRING
SMARCA4,HDAC2,9606.ENSP00000343896,9606.ENSP00000430432,0.999,STRING
MLH1,BRIP1,9606.ENSP00000231790,9606.ENSP00000259008,0.999,STRING
KCNJ11,ABCC8,9606.ENSP00000345708,9606.ENSP00000494321,0.999,STRING
CACNA1C,CALM3,9606.ENSP00000266376,9606.ENSP00000291295,0.999,STRING
NDUFV3,NDUFB6,9606.ENSP00000346196,9606.ENSP00000369176,0.999,STRING
NDUFV3,NDUFA1,9606.ENSP00000346196,9606.ENSP00000360492,0.999,STRING
NDUFV3,NDUFV1,9606.ENSP00000346196,9606.ENSP00000497587,0.999,STRING
NDUFV3,NDUFA3,9606.ENSP00000346196,9606.ENSP00000418438,0.999,STRING
NDUFV3,NDUFA8,9606.ENSP00000346196,9606.ENSP00000362873,0.999,STRING
NDUFV3,NDUFS5,9606.ENSP00000346196,9606.ENSP00000362058,0.999,STRING
NDUFV3,NDUFS2,9606.ENSP00000346196,9606.ENSP00000356972,0.999,STRING
NDUFV3,NDUFB3,9606.ENSP00000346196,9606.ENSP00000407336,0.999,STRING
SCNN1B,SCNN1A,9606.ENSP00000345751,9606.ENSP00000353292,0.999,STRING
NDUFV3,NDUFAB1,9606.ENSP00000346196,9606.ENSP00000458770,0.999,STRING
NDUFV3,NDUFS1,9606.ENSP00000346196,9606.ENSP00000392709,0.999,STRING
NDUFV3,NDUFC1,9606.ENSP00000346196,9606.ENSP00000441126,0.999,STRING
NDUFV3,NDUFA13,9606.ENSP00000346196,9606.ENSP00000423673,0.999,STRING
NDUFV3,NDUFA5,9606.ENSP00000346196,9606.ENSP00000417142,0.999,STRING
NDUFV3,NDUFA6,9606.ENSP00000346196,9606.ENSP00000482543,0.999,STRING
SMARCA4,ARID1B,9606.ENSP00000343896,9606.ENSP00000490491,0.999,STRING
NDUFA9,NDUFS5,9606.ENSP00000266544,9606.ENSP00000362058,0.999,STRING
MSH2,PMS2,9606.ENSP00000233146,9606.ENSP00000265849,0.999,STRING
NDUFS7,MT-ND4,9606.ENSP00000233627,9606.ENSP00000354961,0.999,STRING
NDUFS7,NDUFB11,9606.ENSP00000233627,9606.ENSP00000276062,0.999,STRING
NDUFS7,NDUFB3,9606.ENSP00000233627,9606.ENSP00000407336,0.999,STRING
NDUFS7,NDUFAB1,9606.ENSP00000233627,9606.ENSP00000458770,0.999,STRING
NDUFS7,NDUFS1,9606.ENSP00000233627,9606.ENSP00000392709,0.999,STRING
NDUFS7,NDUFV2,9606.ENSP00000233627,9606.ENSP00000327268,0.999,STRING
NDUFS7,MT-ND3,9606.ENSP00000233627,9606.ENSP00000355206,0.999,STRING
NDUFS7,NDUFC2,9606.ENSP00000233627,9606.ENSP00000281031,0.999,STRING
MSH2,MSH6,9606.ENSP00000233146,9606.ENSP00000234420,0.999,STRING
NDUFS7,NDUFA13,9606.ENSP00000233627,9606.ENSP00000423673,0.999,STRING
NDUFS7,NDUFB5,9606.ENSP00000233627,9606.ENSP00000259037,0.999,STRING
NDUFS7,NDUFA8,9606.ENSP00000233627,9606.ENSP00000362873,0.999,STRING
NDUFS7,NDUFS2,9606.ENSP00000233627,9606.ENSP00000356972,0.999,STRING
NDUFS7,NDUFS5,9606.ENSP00000233627,9606.ENSP00000362058,0.999,STRING
NDUFS7,NDUFA2,9606.ENSP00000233627,9606.ENSP00000252102,0.999,STRING
NDUFS7,NDUFS6,9606.ENSP00000233627,9606.ENSP00000274137,0.999,STRING
NDUFS7,NDUFA6,9606.ENSP00000233627,9606.ENSP00000482543,0.999,STRING
NDUFS7,NDUFB8,9606.ENSP00000233627,9606.ENSP00000299166,0.999,STRING
NDUFS7,NDUFA5,9606.ENSP00000233627,9606.ENSP00000417142,0.999,STRING
NDUFS7,NDUFA9,9606.ENSP00000233627,9606.ENSP00000266544,0.999,STRING
NDUFS7,MT-ND5,9606.ENSP00000233627,9606.ENSP00000354813,0.999,STRING
NDUFS7,NDUFA12,9606.ENSP00000233627,9606.ENSP00000330737,0.999,STRING
APOB,APOA1,9606.ENSP00000233242,9606.ENSP00000236850,0.999,STRING
APOB,LPA,9606.ENSP00000233242,9606.ENSP00000321334,0.999,STRING
APOB,APOE,9606.ENSP00000233242,9606.ENSP00000252486,0.999,STRING
NDUFA9,NDUFA7,9606.ENSP00000266544,9606.ENSP00000301457,0.999,STRING
TNNI3,TNNT2,9606.ENSP00000341838,9606.ENSP00000499593,0.999,STRING
NDUFA9,NDUFB1,9606.ENSP00000266544,9606.ENSP00000483888,0.999,STRING
NDUFA9,NDUFB6,9606.ENSP00000266544,9606.ENSP00000369176,0.999,STRING
NDUFA9,NDUFS8,9606.ENSP00000266544,9606.ENSP00000315774,0.999,STRING
NDUFA9,NDUFA8,9606.ENSP00000266544,9606.ENSP00000362873,0.999,STRING
MSH2,ATM,9606.ENSP00000233146,9606.ENSP00000278616,0.999,STRING
NDUFV3,NDUFA11,9606.ENSP00000346196,9606.ENSP00000389160,0.999,STRING
CACNA1C,CACNB2,9606.ENSP00000266376,9606.ENSP00000320025,0.999,STRING
MT-ND5,NDUFA5,9606.ENSP00000354813,9606.ENSP00000417142,0.999,STRING
MT-ND1,NDUFA5,9606.ENSP00000354687,9606.ENSP00000417142,0.999,STRING
MT-ND1,NDUFS1,9606.ENSP00000354687,9606.ENSP00000392709,0.999,STRING
MT-ND1,NDUFAB1,9606.ENSP00000354687,9606.ENSP00000458770,0.999,STRING
MT-ND1,MT-ND3,9606.ENSP00000354687,9606.ENSP00000355206,0.999,STRING
MT-ND1,MT-ND4,9606.ENSP00000354687,9606.ENSP00000354961,0.999,STRING
MT-ND1,NDUFA13,9606.ENSP00000354687,9606.ENSP00000423673,0.999,STRING
MT-ND1,MT-ND5,9606.ENSP00000354687,9606.ENSP00000354813,0.999,STRING
MT-ND1,NDUFA6,9606.ENSP00000354687,9606.ENSP00000482543,0.999,STRING
MT-ND1,NDUFS5,9606.ENSP00000354687,9606.ENSP00000362058,0.999,STRING
MT-ND6,MT-ND1,9606.ENSP00000354665,9606.ENSP00000354687,0.999,STRING
MT-ND6,MT-ND4L,9606.ENSP00000354665,9606.ENSP00000354728,0.999,STRING
MT-ND6,MT-ND5,9606.ENSP00000354665,9606.ENSP00000354813,0.999,STRING
MT-ND6,MT-ND3,9606.ENSP00000354665,9606.ENSP00000355206,0.999,STRING
MT-ND6,MT-ND2,9606.ENSP00000354665,9606.ENSP00000355046,0.999,STRING
MT-ND6,MT-ND4,9606.ENSP00000354665,9606.ENSP00000354961,0.999,STRING
MT-ND1,NDUFB3,9606.ENSP00000354687,9606.ENSP00000407336,0.999,STRING
MT-ND1,NDUFS2,9606.ENSP00000354687,9606.ENSP00000356972,0.999,STRING
FYN,SRC,9606.ENSP00000346671,9606.ENSP00000362680,0.999,STRING
MT-ND4L,NDUFA5,9606.ENSP00000354728,9606.ENSP00000417142,0.999,STRING
MT-ND4L,NDUFAB1,9606.ENSP00000354728,9606.ENSP00000458770,0.999,STRING
MT-ND4L,MT-ND2,9606.ENSP00000354728,9606.ENSP00000355046,0.999,STRING
MT-ND4L,MT-ND3,9606.ENSP00000354728,9606.ENSP00000355206,0.999,STRING
MT-ND4L,MT-ND4,9606.ENSP00000354728,9606.ENSP00000354961,0.999,STRING
MT-ND4L,NDUFV1,9606.ENSP00000354728,9606.ENSP00000497587,0.999,STRING
MT-ND4L,NDUFS2,9606.ENSP00000354728,9606.ENSP00000356972,0.999,STRING
MT-ND4L,MT-ND5,9606.ENSP00000354728,9606.ENSP00000354813,0.999,STRING
MT-ND1,NDUFA8,9606.ENSP00000354687,9606.ENSP00000362873,0.999,STRING
CDKN1B,CDK4,9606.ENSP00000228872,9606.ENSP00000257904,0.999,STRING
CDKN1B,CDK6,9606.ENSP00000228872,9606.ENSP00000265734,0.999,STRING
MT-ND1,NDUFA1,9606.ENSP00000354687,9606.ENSP00000360492,0.999,STRING
MT-ND1,MT-ND2,9606.ENSP00000354687,9606.ENSP00000355046,0.999,STRING
MT-ND1,MT-ND4L,9606.ENSP00000354687,9606.ENSP00000354728,0.999,STRING
MT-ND1,NDUFV1,9606.ENSP00000354687,9606.ENSP00000497587,0.999,STRING
MT-ND6,NDUFS5,9606.ENSP00000354665,9606.ENSP00000362058,0.999,STRING
CD3E,CD3G,9606.ENSP00000354566,9606.ENSP00000431445,0.999,STRING
IFNG,IFNGR1,9606.ENSP00000229135,9606.ENSP00000356713,0.999,STRING
CASP8,TNF,9606.ENSP00000351273,9606.ENSP00000398698,0.999,STRING
TGFBR2,TGFB2,9606.ENSP00000351905,9606.ENSP00000355896,0.999,STRING
PSMB10,PSMA1,9606.ENSP00000351314,9606.ENSP00000414359,0.999,STRING
PSMB10,PSMB2,9606.ENSP00000351314,9606.ENSP00000362334,0.999,STRING
PSMB10,PSMB9,9606.ENSP00000351314,9606.ENSP00000363993,0.999,STRING
PSMB10,PSMB8,9606.ENSP00000351314,9606.ENSP00000364016,0.999,STRING
CASP8,FAS,9606.ENSP00000351273,9606.ENSP00000498466,0.999,STRING
PRIM1,POLA1,9606.ENSP00000350491,9606.ENSP00000368358,0.999,STRING
IFNG,IFNGR2,9606.ENSP00000229135,9606.ENSP00000371425,0.999,STRING
PRIM1,PRIM2,9606.ENSP00000350491,9606.ENSP00000484105,0.999,STRING
IL4,IL2RG,9606.ENSP00000231449,9606.ENSP00000363318,0.999,STRING
IL4,IL4R,9606.ENSP00000231449,9606.ENSP00000379111,0.999,STRING
CACNA2D1,CACNA1S,9606.ENSP00000349320,9606.ENSP00000355192,0.999,STRING
CACNA2D1,CACNB1,9606.ENSP00000349320,9606.ENSP00000377840,0.999,STRING
ITGAL,ITGB2,9606.ENSP00000349252,9606.ENSP00000380948,0.999,STRING
TGFBR2,TGFBR1,9606.ENSP00000351905,9606.ENSP00000447297,0.999,STRING
KCNQ2,KCNQ3,9606.ENSP00000352035,9606.ENSP00000373648,0.999,STRING
DNMT1,HDAC2,9606.ENSP00000352516,9606.ENSP00000430432,0.999,STRING
DNMT1,HDAC1,9606.ENSP00000352516,9606.ENSP00000362649,0.999,STRING
IL12B,IL12A,9606.ENSP00000231228,9606.ENSP00000303231,0.999,STRING
RYR1,FKBP1A,9606.ENSP00000352608,9606.ENSP00000383003,0.999,STRING
TRRAP,MYC,9606.ENSP00000352925,9606.ENSP00000478887,0.999,STRING
HBEGF,EGFR,9606.ENSP00000230990,9606.ENSP00000275493,0.999,STRING
HBEGF,ERBB4,9606.ENSP00000230990,9606.ENSP00000342235,0.999,STRING
COL4A2,COL4A1,9606.ENSP00000353654,9606.ENSP00000364979,0.999,STRING
DPP4,ACE2,9606.ENSP00000353731,9606.ENSP00000389326,0.999,STRING
DPP4,ADA,9606.ENSP00000353731,9606.ENSP00000361965,0.999,STRING
MAPK14,MAP2K3,9606.ENSP00000229795,9606.ENSP00000345083,0.999,STRING
TLR9,MYD88,9606.ENSP00000353874,9606.ENSP00000498321,0.999,STRING
NTRK3,BDNF,9606.ENSP00000354207,9606.ENSP00000414303,0.999,STRING
MTOR,FKBP1A,9606.ENSP00000354558,9606.ENSP00000383003,0.999,STRING
MTOR,AKT1,9606.ENSP00000354558,9606.ENSP00000451828,0.999,STRING
PSMD2,PSMA1,9606.ENSP00000310129,9606.ENSP00000414359,0.999,STRING
PSMD2,PSMC3,9606.ENSP00000310129,9606.ENSP00000481029,0.999,STRING
NDUFA1,NDUFB3,9606.ENSP00000360492,9606.ENSP00000407336,0.999,STRING
PSMB1,PSMD1,9606.ENSP00000262193,9606.ENSP00000309474,0.999,STRING
PSMB1,PSMD13,9606.ENSP00000262193,9606.ENSP00000396937,0.999,STRING
PSMB1,PSMA5,9606.ENSP00000262193,9606.ENSP00000271308,0.999,STRING
PSMB1,PSMD2,9606.ENSP00000262193,9606.ENSP00000310129,0.999,STRING
PSMB1,PSMB9,9606.ENSP00000262193,9606.ENSP00000363993,0.999,STRING
PSMB1,PSMD14,9606.ENSP00000262193,9606.ENSP00000386541,0.999,STRING
PSMB1,PSMB8,9606.ENSP00000262193,9606.ENSP00000364016,0.999,STRING
PSMB1,PSMB2,9606.ENSP00000262193,9606.ENSP00000362334,0.999,STRING
NDUFC2,NDUFA5,9606.ENSP00000281031,9606.ENSP00000417142,0.999,STRING
PSMB1,PSMC6,9606.ENSP00000262193,9606.ENSP00000484998,0.999,STRING
PSMB1,PSMC3,9606.ENSP00000262193,9606.ENSP00000481029,0.999,STRING
PSMB1,PSMB10,9606.ENSP00000262193,9606.ENSP00000351314,0.999,STRING
PSMB1,PSMD3,9606.ENSP00000262193,9606.ENSP00000264639,0.999,STRING
PSMB1,PSMA7,9606.ENSP00000262193,9606.ENSP00000359910,0.999,STRING
PSMB1,PSMC2,9606.ENSP00000262193,9606.ENSP00000391211,0.999,STRING
KMT2C,KDM6A,9606.ENSP00000262189,9606.ENSP00000367203,0.999,STRING
NDUFC2,NDUFB8,9606.ENSP00000281031,9606.ENSP00000299166,0.999,STRING
PSMB1,PSMB5,9606.ENSP00000262193,9606.ENSP00000355325,0.999,STRING
NDUFC2,NDUFB1,9606.ENSP00000281031,9606.ENSP00000483888,0.999,STRING
NDUFC2,MT-ND2,9606.ENSP00000281031,9606.ENSP00000355046,0.999,STRING
NDUFC2,NDUFS2,9606.ENSP00000281031,9606.ENSP00000356972,0.999,STRING
NDUFC2,NDUFS5,9606.ENSP00000281031,9606.ENSP00000362058,0.999,STRING
NDUFC2,NDUFA8,9606.ENSP00000281031,9606.ENSP00000362873,0.999,STRING
NDUFC2,NDUFS8,9606.ENSP00000281031,9606.ENSP00000315774,0.999,STRING
NDUFC2,NDUFB6,9606.ENSP00000281031,9606.ENSP00000369176,0.999,STRING
NDUFC2,NDUFC1,9606.ENSP00000281031,9606.ENSP00000441126,0.999,STRING
NDUFC2,NDUFA6,9606.ENSP00000281031,9606.ENSP00000482543,0.999,STRING
NDUFC2,NDUFV2,9606.ENSP00000281031,9606.ENSP00000327268,0.999,STRING
NDUFC2,NDUFAB1,9606.ENSP00000281031,9606.ENSP00000458770,0.999,STRING
NDUFC2,NDUFB3,9606.ENSP00000281031,9606.ENSP00000407336,0.999,STRING
NDUFC2,NDUFA13,9606.ENSP00000281031,9606.ENSP00000423673,0.999,STRING
NDUFC2,MT-ND4,9606.ENSP00000281031,9606.ENSP00000354961,0.999,STRING
NDUFC2,NDUFA12,9606.ENSP00000281031,9606.ENSP00000330737,0.999,STRING
PSMB1,PSMD4,9606.ENSP00000262193,9606.ENSP00000357876,0.999,STRING
PSMB1,PSMB4,9606.ENSP00000262193,9606.ENSP00000290541,0.999,STRING
PSMD2,PSMC2,9606.ENSP00000310129,9606.ENSP00000391211,0.999,STRING
NDUFB9,NDUFA1,9606.ENSP00000276689,9606.ENSP00000360492,0.999,STRING
NDUFB9,NDUFV1,9606.ENSP00000276689,9606.ENSP00000497587,0.999,STRING
NDUFB9,MT-ND1,9606.ENSP00000276689,9606.ENSP00000354687,0.999,STRING
NDUFB9,MT-ND2,9606.ENSP00000276689,9606.ENSP00000355046,0.999,STRING
NDUFB9,NDUFA7,9606.ENSP00000276689,9606.ENSP00000301457,0.999,STRING
NDUFB9,NDUFS4,9606.ENSP00000276689,9606.ENSP00000296684,0.999,STRING
NDUFB9,NDUFA11,9606.ENSP00000276689,9606.ENSP00000389160,0.999,STRING
NDUFB9,NDUFA6,9606.ENSP00000276689,9606.ENSP00000482543,0.999,STRING
NDUFB9,NDUFA8,9606.ENSP00000276689,9606.ENSP00000362873,0.999,STRING
NDUFB9,NDUFB8,9606.ENSP00000276689,9606.ENSP00000299166,0.999,STRING
NDUFB9,NDUFA5,9606.ENSP00000276689,9606.ENSP00000417142,0.999,STRING
NDUFB9,MT-ND5,9606.ENSP00000276689,9606.ENSP00000354813,0.999,STRING
NDUFB9,NDUFA12,9606.ENSP00000276689,9606.ENSP00000330737,0.999,STRING
NDUFB9,NDUFB2,9606.ENSP00000276689,9606.ENSP00000419087,0.999,STRING
NDUFB9,NDUFC2,9606.ENSP00000276689,9606.ENSP00000281031,0.999,STRING
NDUFB9,NDUFA3,9606.ENSP00000276689,9606.ENSP00000418438,0.999,STRING
NDUFB9,NDUFS5,9606.ENSP00000276689,9606.ENSP00000362058,0.999,STRING
PSMB1,PSMD6,9606.ENSP00000262193,9606.ENSP00000418695,0.999,STRING
AXIN1,GSK3B,9606.ENSP00000262320,9606.ENSP00000324806,0.999,STRING
PSMB1,PSMA1,9606.ENSP00000262193,9606.ENSP00000414359,0.999,STRING
PSMB1,PSMB6,9606.ENSP00000262193,9606.ENSP00000270586,0.999,STRING
ATM,ATR,9606.ENSP00000278616,9606.ENSP00000343741,0.999,STRING
ATM,CHEK2,9606.ENSP00000278616,9606.ENSP00000372023,0.999,STRING
ATM,BRCA1,9606.ENSP00000278616,9606.ENSP00000418960,0.999,STRING
AXIN1,CTNNB1,9606.ENSP00000262320,9606.ENSP00000495360,0.999,STRING
AXIN1,AMER1,9606.ENSP00000262320,9606.ENSP00000364003,0.999,STRING
NDUFB9,NDUFS2,9606.ENSP00000276689,9606.ENSP00000356972,0.999,STRING
AXIN1,LRP5,9606.ENSP00000262320,9606.ENSP00000294304,0.999,STRING
NTRK2,BDNF,9606.ENSP00000277120,9606.ENSP00000414303,0.999,STRING
NTRK2,NGF,9606.ENSP00000277120,9606.ENSP00000358525,0.999,STRING
NDUFB9,NDUFS8,9606.ENSP00000276689,9606.ENSP00000315774,0.999,STRING
NDUFB9,NDUFB6,9606.ENSP00000276689,9606.ENSP00000369176,0.999,STRING
NDUFB9,NDUFV3,9606.ENSP00000276689,9606.ENSP00000346196,0.999,STRING
NDUFC2,NDUFV1,9606.ENSP00000281031,9606.ENSP00000497587,0.999,STRING
NDUFC2,NDUFS4,9606.ENSP00000281031,9606.ENSP00000296684,0.999,STRING
NDUFC2,NDUFA7,9606.ENSP00000281031,9606.ENSP00000301457,0.999,STRING
PSMD11,PSMC5,9606.ENSP00000261712,9606.ENSP00000310572,0.999,STRING
PSMD11,PSMB4,9606.ENSP00000261712,9606.ENSP00000290541,0.999,STRING
PSMD11,PSMD6,9606.ENSP00000261712,9606.ENSP00000418695,0.999,STRING
PSMD11,PSMD3,9606.ENSP00000261712,9606.ENSP00000264639,0.999,STRING
PSMD11,PSMD4,9606.ENSP00000261712,9606.ENSP00000357876,0.999,STRING
PSMD11,PSMC2,9606.ENSP00000261712,9606.ENSP00000391211,0.999,STRING
PSMD11,PSMC3,9606.ENSP00000261712,9606.ENSP00000481029,0.999,STRING
FXYD2,ATP1B1,9606.ENSP00000292079,9606.ENSP00000356790,0.999,STRING
PSMD11,PSMD13,9606.ENSP00000261712,9606.ENSP00000396937,0.999,STRING
U2AF1,SRSF2,9606.ENSP00000291552,9606.ENSP00000376276,0.999,STRING
CALM3,RYR2,9606.ENSP00000291295,9606.ENSP00000355533,0.999,STRING
CALM3,SCN5A,9606.ENSP00000291295,9606.ENSP00000328968,0.999,STRING
CALM3,RYR1,9606.ENSP00000291295,9606.ENSP00000352608,0.999,STRING
CALM3,PPP3CA,9606.ENSP00000291295,9606.ENSP00000378323,0.999,STRING
CALM3,NOS3,9606.ENSP00000291295,9606.ENSP00000297494,0.999,STRING
PSMD11,ADRM1,9606.ENSP00000261712,9606.ENSP00000478877,0.999,STRING
PSMD11,PSMB1,9606.ENSP00000261712,9606.ENSP00000262193,0.999,STRING
SMAD2,TGFBR1,9606.ENSP00000262160,9606.ENSP00000447297,0.999,STRING
PALB2,RAD51C,9606.ENSP00000261584,9606.ENSP00000336701,0.999,STRING
MERTK,PROS1,9606.ENSP00000295408,9606.ENSP00000377783,0.999,STRING
STAT5B,JAK1,9606.ENSP00000293328,9606.ENSP00000499900,0.999,STRING
STAT5B,JAK2,9606.ENSP00000293328,9606.ENSP00000371067,0.999,STRING
NDUFS3,MT-ND1,9606.ENSP00000263774,9606.ENSP00000354687,0.999,STRING
NDUFS3,MT-ND2,9606.ENSP00000263774,9606.ENSP00000355046,0.999,STRING
PALB2,BRCA1,9606.ENSP00000261584,9606.ENSP00000418960,0.999,STRING
PALB2,BRCA2,9606.ENSP00000261584,9606.ENSP00000369497,0.999,STRING
PSMD11,PSMD2,9606.ENSP00000261712,9606.ENSP00000310129,0.999,STRING
GRIN2C,GRIN1,9606.ENSP00000293190,9606.ENSP00000360608,0.999,STRING
PSMD11,PSMC6,9606.ENSP00000261712,9606.ENSP00000484998,0.999,STRING
PSMD11,PSMD14,9606.ENSP00000261712,9606.ENSP00000386541,0.999,STRING
PSMD11,PSMD1,9606.ENSP00000261712,9606.ENSP00000309474,0.999,STRING
PSMD11,PSMB2,9606.ENSP00000261712,9606.ENSP00000362334,0.999,STRING
PSMD11,PSMA5,9606.ENSP00000261712,9606.ENSP00000271308,0.999,STRING
ACE,AGT,9606.ENSP00000290866,9606.ENSP00000355627,0.999,STRING
PSMB4,PSMB2,9606.ENSP00000290541,9606.ENSP00000362334,0.999,STRING
PSMB4,PSMB8,9606.ENSP00000290541,9606.ENSP00000364016,0.999,STRING
APP,PSEN1,9606.ENSP00000284981,9606.ENSP00000326366,0.999,STRING
PRKAG2,PRKAA1,9606.ENSP00000287878,9606.ENSP00000346148,0.999,STRING
NRG1,ERBB4,9606.ENSP00000287842,9606.ENSP00000342235,0.999,STRING
PPARG,RXRA,9606.ENSP00000287820,9606.ENSP00000419692,0.999,STRING
FANCD2,BRCA2,9606.ENSP00000287647,9606.ENSP00000369497,0.999,STRING
FANCD2,BRCA1,9606.ENSP00000287647,9606.ENSP00000418960,0.999,STRING
FANCD2,FANCA,9606.ENSP00000287647,9606.ENSP00000373952,0.999,STRING
POLD3,POLD4,9606.ENSP00000263681,9606.ENSP00000311368,0.999,STRING
CDH1,CTNNB1,9606.ENSP00000261769,9606.ENSP00000495360,0.999,STRING
POLD3,POLD1,9606.ENSP00000263681,9606.ENSP00000472445,0.999,STRING
POLD3,POLD2,9606.ENSP00000263681,9606.ENSP00000480186,0.999,STRING
GRIA4,GRIA2,9606.ENSP00000282499,9606.ENSP00000296526,0.999,STRING
FLT1,PGF,9606.ENSP00000282397,9606.ENSP00000451040,0.999,STRING
SMAD2,SMAD3,9606.ENSP00000262160,9606.ENSP00000332973,0.999,STRING
SMAD2,SMAD4,9606.ENSP00000262160,9606.ENSP00000341551,0.999,STRING
PDGFRB,SRC,9606.ENSP00000261799,9606.ENSP00000362680,0.999,STRING
PDGFRB,PIK3R1,9606.ENSP00000261799,9606.ENSP00000428056,0.999,STRING
PDGFRB,PDGFB,9606.ENSP00000261799,9606.ENSP00000330382,0.999,STRING
PDGFRB,PTPN11,9606.ENSP00000261799,9606.ENSP00000489597,0.999,STRING
CACNA1D,CACNA2D1,9606.ENSP00000288139,9606.ENSP00000349320,0.999,STRING
PSMB4,PSMB10,9606.ENSP00000290541,9606.ENSP00000351314,0.999,STRING
PSMB4,PSMA7,9606.ENSP00000290541,9606.ENSP00000359910,0.999,STRING
PSMB4,PSMC2,9606.ENSP00000290541,9606.ENSP00000391211,0.999,STRING
PSMB4,PSMD4,9606.ENSP00000290541,9606.ENSP00000357876,0.999,STRING
PSMB4,PSMA1,9606.ENSP00000290541,9606.ENSP00000414359,0.999,STRING
PSMB4,PSMD6,9606.ENSP00000290541,9606.ENSP00000418695,0.999,STRING
PSMB4,PSMB5,9606.ENSP00000290541,9606.ENSP00000355325,0.999,STRING
PSMB4,PSMD13,9606.ENSP00000290541,9606.ENSP00000396937,0.999,STRING
PSMB4,PSMC6,9606.ENSP00000290541,9606.ENSP00000484998,0.999,STRING
PSMB4,PSMB9,9606.ENSP00000290541,9606.ENSP00000363993,0.999,STRING
PSMB4,PSMD14,9606.ENSP00000290541,9606.ENSP00000386541,0.999,STRING
CDH1,EGFR,9606.ENSP00000261769,9606.ENSP00000275493,0.999,STRING
NDUFB9,NDUFA13,9606.ENSP00000276689,9606.ENSP00000423673,0.999,STRING
NDUFB9,MT-ND3,9606.ENSP00000276689,9606.ENSP00000355206,0.999,STRING
NDUFB9,MT-ND4,9606.ENSP00000276689,9606.ENSP00000354961,0.999,STRING
EP300,MYC,9606.ENSP00000263253,9606.ENSP00000478887,0.999,STRING
PSMA5,PSMB5,9606.ENSP00000271308,9606.ENSP00000355325,0.999,STRING
EP300,STAT3,9606.ENSP00000263253,9606.ENSP00000264657,0.999,STRING
EP300,TP53,9606.ENSP00000263253,9606.ENSP00000269305,0.999,STRING
EP300,HIF1A,9606.ENSP00000263253,9606.ENSP00000437955,0.999,STRING
EP300,HDAC1,9606.ENSP00000263253,9606.ENSP00000362649,0.999,STRING
EP300,SMAD3,9606.ENSP00000263253,9606.ENSP00000332973,0.999,STRING
EP300,CTNNB1,9606.ENSP00000263253,9606.ENSP00000495360,0.999,STRING
ABCG8,ABCG5,9606.ENSP00000272286,9606.ENSP00000384513,0.999,STRING
PSMA5,PSMB4,9606.ENSP00000271308,9606.ENSP00000290541,0.999,STRING
PSMA5,PSMD6,9606.ENSP00000271308,9606.ENSP00000418695,0.999,STRING
PSMA5,PSMA1,9606.ENSP00000271308,9606.ENSP00000414359,0.999,STRING
PSMA5,PSMC3,9606.ENSP00000271308,9606.ENSP00000481029,0.999,STRING
PSMA5,PSMC5,9606.ENSP00000271308,9606.ENSP00000310572,0.999,STRING
PSMA5,PSMD4,9606.ENSP00000271308,9606.ENSP00000357876,0.999,STRING
REN,AGT,9606.ENSP00000272190,9606.ENSP00000355627,0.999,STRING
RPS27A,RPS24,9606.ENSP00000272317,9606.ENSP00000414321,0.999,STRING
NDUFS6,NDUFC2,9606.ENSP00000274137,9606.ENSP00000281031,0.999,STRING
NDUFS6,NDUFB3,9606.ENSP00000274137,9606.ENSP00000407336,0.999,STRING
NDUFS6,MT-ND3,9606.ENSP00000274137,9606.ENSP00000355206,0.999,STRING
NDUFS6,MT-ND4,9606.ENSP00000274137,9606.ENSP00000354961,0.999,STRING
NDUFS6,NDUFC1,9606.ENSP00000274137,9606.ENSP00000441126,0.999,STRING
NDUFS6,NDUFV2,9606.ENSP00000274137,9606.ENSP00000327268,0.999,STRING
NDUFS6,NDUFAB1,9606.ENSP00000274137,9606.ENSP00000458770,0.999,STRING
NDUFS6,NDUFS1,9606.ENSP00000274137,9606.ENSP00000392709,0.999,STRING
NDUFS6,NDUFA6,9606.ENSP00000274137,9606.ENSP00000482543,0.999,STRING
RPS27A,RPS19,9606.ENSP00000272317,9606.ENSP00000470972,0.999,STRING
NDUFS6,NDUFB11,9606.ENSP00000274137,9606.ENSP00000276062,0.999,STRING
NDUFS6,NDUFB8,9606.ENSP00000274137,9606.ENSP00000299166,0.999,STRING
NDUFS6,NDUFA5,9606.ENSP00000274137,9606.ENSP00000417142,0.999,STRING
NDUFS6,MT-ND5,9606.ENSP00000274137,9606.ENSP00000354813,0.999,STRING
NDUFS6,NDUFA12,9606.ENSP00000274137,9606.ENSP00000330737,0.999,STRING
RPS27A,PSMD4,9606.ENSP00000272317,9606.ENSP00000357876,0.999,STRING
PSMA5,PSMA7,9606.ENSP00000271308,9606.ENSP00000359910,0.999,STRING
PSMA5,PSMC2,9606.ENSP00000271308,9606.ENSP00000391211,0.999,STRING
PSMA5,PSMB10,9606.ENSP00000271308,9606.ENSP00000351314,0.999,STRING
IFNAR1,JAK1,9606.ENSP00000270139,9606.ENSP00000499900,0.999,STRING
PSMB6,PSMD4,9606.ENSP00000270586,9606.ENSP00000357876,0.999,STRING
PSMB6,PSMA7,9606.ENSP00000270586,9606.ENSP00000359910,0.999,STRING
TP53,BCL2,9606.ENSP00000269305,9606.ENSP00000381185,0.999,STRING
TP53,BRCA1,9606.ENSP00000269305,9606.ENSP00000418960,0.999,STRING
TP53,CDKN1A,9606.ENSP00000269305,9606.ENSP00000384849,0.999,STRING
SLC6A3,DRD2,9606.ENSP00000270349,9606.ENSP00000354859,0.999,STRING
IFNAR1,IFNAR2,9606.ENSP00000270139,9606.ENSP00000343957,0.999,STRING
PSMA5,PSMB2,9606.ENSP00000271308,9606.ENSP00000362334,0.999,STRING
IFNAR1,TYK2,9606.ENSP00000270139,9606.ENSP00000431885,0.999,STRING
TP53,TP53BP2,9606.ENSP00000269305,9606.ENSP00000341957,0.999,STRING
ERBB2,SRC,9606.ENSP00000269571,9606.ENSP00000362680,0.999,STRING
ERBB2,EGFR,9606.ENSP00000269571,9606.ENSP00000275493,0.999,STRING
ERBB2,NRG1,9606.ENSP00000269571,9606.ENSP00000287842,0.999,STRING
ERBB2,ERBB4,9606.ENSP00000269571,9606.ENSP00000342235,0.999,STRING
PSMB6,PSMA1,9606.ENSP00000270586,9606.ENSP00000414359,0.999,STRING
PSMB6,PSMB5,9606.ENSP00000270586,9606.ENSP00000355325,0.999,STRING
PSMB6,PSMB4,9606.ENSP00000270586,9606.ENSP00000290541,0.999,STRING
PSMB6,PSMA5,9606.ENSP00000270586,9606.ENSP00000271308,0.999,STRING
PSMB6,PSMA8,9606.ENSP00000270586,9606.ENSP00000311121,0.999,STRING
PSMB6,PSMC6,9606.ENSP00000270586,9606.ENSP00000484998,0.999,STRING
PSMB6,PSMB2,9606.ENSP00000270586,9606.ENSP00000362334,0.999,STRING
PSMB6,PSMD14,9606.ENSP00000270586,9606.ENSP00000386541,0.999,STRING
PSMB6,PSMB8,9606.ENSP00000270586,9606.ENSP00000364016,0.999,STRING
PSMA5,PSMD2,9606.ENSP00000271308,9606.ENSP00000310129,0.999,STRING
PSMA5,PSMD13,9606.ENSP00000271308,9606.ENSP00000396937,0.999,STRING
PSMA5,PSMC6,9606.ENSP00000271308,9606.ENSP00000484998,0.999,STRING
PSMA5,PSMD1,9606.ENSP00000271308,9606.ENSP00000309474,0.999,STRING
GRIN2D,GRIN1,9606.ENSP00000263269,9606.ENSP00000360608,0.999,STRING
PSMA5,PSMD14,9606.ENSP00000271308,9606.ENSP00000386541,0.999,STRING
PSMA5,PSMB9,9606.ENSP00000271308,9606.ENSP00000363993,0.999,STRING
PSMA5,PSMB8,9606.ENSP00000271308,9606.ENSP00000364016,0.999,STRING
NDUFS6,NDUFA13,9606.ENSP00000274137,9606.ENSP00000423673,0.999,STRING
NDUFS6,NDUFA8,9606.ENSP00000274137,9606.ENSP00000362873,0.999,STRING
NDUFB9,NDUFS1,9606.ENSP00000276689,9606.ENSP00000392709,0.999,STRING
NDUFB11,MT-ND1,9606.ENSP00000276062,9606.ENSP00000354687,0.999,STRING
NDUFB11,NDUFA5,9606.ENSP00000276062,9606.ENSP00000417142,0.999,STRING
NDUFB11,NDUFS4,9606.ENSP00000276062,9606.ENSP00000296684,0.999,STRING
NDUFB11,NDUFA7,9606.ENSP00000276062,9606.ENSP00000301457,0.999,STRING
ITGA2B,ITGB3,9606.ENSP00000262407,9606.ENSP00000452786,0.999,STRING
NDUFB11,NDUFA1,9606.ENSP00000276062,9606.ENSP00000360492,0.999,STRING
NDUFB11,NDUFA11,9606.ENSP00000276062,9606.ENSP00000389160,0.999,STRING
NDUFB11,NDUFV1,9606.ENSP00000276062,9606.ENSP00000497587,0.999,STRING
NDUFB11,NDUFA6,9606.ENSP00000276062,9606.ENSP00000482543,0.999,STRING
SLC4A1,ANK1,9606.ENSP00000262418,9606.ENSP00000265709,0.999,STRING
TP53,SFN,9606.ENSP00000269305,9606.ENSP00000340989,0.999,STRING
NDUFB11,NDUFB9,9606.ENSP00000276062,9606.ENSP00000276689,0.999,STRING
NDUFB11,NDUFA3,9606.ENSP00000276062,9606.ENSP00000418438,0.999,STRING
NDUFB11,MT-ND2,9606.ENSP00000276062,9606.ENSP00000355046,0.999,STRING
NDUFB11,NDUFV3,9606.ENSP00000276062,9606.ENSP00000346196,0.999,STRING
NDUFB11,MT-ND5,9606.ENSP00000276062,9606.ENSP00000354813,0.999,STRING
NDUFB11,NDUFB8,9606.ENSP00000276062,9606.ENSP00000299166,0.999,STRING
MAPK3,MAP2K1,9606.ENSP00000263025,9606.ENSP00000302486,0.999,STRING
CREBBP,EP300,9606.ENSP00000262367,9606.ENSP00000263253,0.999,STRING
NDUFB9,NDUFAB1,9606.ENSP00000276689,9606.ENSP00000458770,0.999,STRING
NDUFB9,NDUFV2,9606.ENSP00000276689,9606.ENSP00000327268,0.999,STRING
NDUFB9,NDUFB3,9606.ENSP00000276689,9606.ENSP00000407336,0.999,STRING
CREBBP,CTNNB1,9606.ENSP00000262367,9606.ENSP00000495360,0.999,STRING
CREBBP,HIF1A,9606.ENSP00000262367,9606.ENSP00000437955,0.999,STRING
CREBBP,TP53,9606.ENSP00000262367,9606.ENSP00000269305,0.999,STRING
NDUFB11,NDUFB3,9606.ENSP00000276062,9606.ENSP00000407336,0.999,STRING
NDUFB11,NDUFA12,9606.ENSP00000276062,9606.ENSP00000330737,0.999,STRING
NDUFB11,NDUFV2,9606.ENSP00000276062,9606.ENSP00000327268,0.999,STRING
NDUFB11,NDUFAB1,9606.ENSP00000276062,9606.ENSP00000458770,0.999,STRING
NDUFB11,NDUFS1,9606.ENSP00000276062,9606.ENSP00000392709,0.999,STRING
NDUFB11,MT-ND4,9606.ENSP00000276062,9606.ENSP00000354961,0.999,STRING
NDUFB11,NDUFA13,9606.ENSP00000276062,9606.ENSP00000423673,0.999,STRING
NDUFB11,NDUFC2,9606.ENSP00000276062,9606.ENSP00000281031,0.999,STRING
NDUFB11,NDUFA8,9606.ENSP00000276062,9606.ENSP00000362873,0.999,STRING
NDUFB11,NDUFS5,9606.ENSP00000276062,9606.ENSP00000362058,0.999,STRING
NDUFB11,NDUFS2,9606.ENSP00000276062,9606.ENSP00000356972,0.999,STRING
NDUFS6,NDUFA11,9606.ENSP00000274137,9606.ENSP00000389160,0.999,STRING
NDUFS6,NDUFA3,9606.ENSP00000274137,9606.ENSP00000418438,0.999,STRING
NDUFS6,NDUFV1,9606.ENSP00000274137,9606.ENSP00000497587,0.999,STRING
NDUFS6,MT-ND1,9606.ENSP00000274137,9606.ENSP00000354687,0.999,STRING
NDUFS6,MT-ND2,9606.ENSP00000274137,9606.ENSP00000355046,0.999,STRING
NDUFS6,NDUFA7,9606.ENSP00000274137,9606.ENSP00000301457,0.999,STRING
NDUFS6,NDUFS4,9606.ENSP00000274137,9606.ENSP00000296684,0.999,STRING
NDUFS6,NDUFA1,9606.ENSP00000274137,9606.ENSP00000360492,0.999,STRING
ATP4A,ATP4B,9606.ENSP00000262623,9606.ENSP00000334216,0.999,STRING
NDUFS6,NDUFS8,9606.ENSP00000274137,9606.ENSP00000315774,0.999,STRING
NDUFS6,NDUFB6,9606.ENSP00000274137,9606.ENSP00000369176,0.999,STRING
NDUFS6,NDUFV3,9606.ENSP00000274137,9606.ENSP00000346196,0.999,STRING
NDUFS6,NDUFS2,9606.ENSP00000274137,9606.ENSP00000356972,0.999,STRING
NDUFS6,NDUFS5,9606.ENSP00000274137,9606.ENSP00000362058,0.999,STRING
IL1B,MYD88,9606.ENSP00000263341,9606.ENSP00000498321,0.999,STRING
NDUFS6,NDUFB9,9606.ENSP00000274137,9606.ENSP00000276689,0.999,STRING
IL1B,IL1R1,9606.ENSP00000263341,9606.ENSP00000386380,0.999,STRING
TP53,CHEK2,9606.ENSP00000269305,9606.ENSP00000372023,0.999,STRING
EGFR,PTPN11,9606.ENSP00000275493,9606.ENSP00000489597,0.999,STRING
EGFR,NRG1,9606.ENSP00000275493,9606.ENSP00000287842,0.999,STRING
EGFR,TGFA,9606.ENSP00000275493,9606.ENSP00000404131,0.999,STRING
EGFR,SOS1,9606.ENSP00000275493,9606.ENSP00000384675,0.999,STRING
EGFR,CAV1,9606.ENSP00000275493,9606.ENSP00000339191,0.999,STRING
EGFR,SRC,9606.ENSP00000275493,9606.ENSP00000362680,0.999,STRING
EGFR,PTK2,9606.ENSP00000275493,9606.ENSP00000341189,0.999,STRING
TP53,ATM,9606.ENSP00000269305,9606.ENSP00000278616,0.999,STRING
TP53,HDAC1,9606.ENSP00000269305,9606.ENSP00000362649,0.999,STRING
TP53,HIF1A,9606.ENSP00000269305,9606.ENSP00000437955,0.999,STRING
CDKN2C,CDK6,9606.ENSP00000262662,9606.ENSP00000265734,0.999,STRING
NDUFB11,NDUFB1,9606.ENSP00000276062,9606.ENSP00000483888,0.999,STRING
NDUFB11,NDUFS8,9606.ENSP00000276062,9606.ENSP00000315774,0.999,STRING
NDUFB11,NDUFB6,9606.ENSP00000276062,9606.ENSP00000369176,0.999,STRING
NDUFS3,NDUFV1,9606.ENSP00000263774,9606.ENSP00000497587,0.999,STRING
NDUFS3,MT-ND4L,9606.ENSP00000263774,9606.ENSP00000354728,0.999,STRING
NDUFS3,NDUFA3,9606.ENSP00000263774,9606.ENSP00000418438,0.999,STRING
NDUFB5,NDUFA13,9606.ENSP00000259037,9606.ENSP00000423673,0.999,STRING
NDUFB5,NDUFB3,9606.ENSP00000259037,9606.ENSP00000407336,0.999,STRING
NDUFB5,NDUFV2,9606.ENSP00000259037,9606.ENSP00000327268,0.999,STRING
NDUFB5,NDUFS1,9606.ENSP00000259037,9606.ENSP00000392709,0.999,STRING
NDUFB5,NDUFAB1,9606.ENSP00000259037,9606.ENSP00000458770,0.999,STRING
NDUFB5,NDUFC1,9606.ENSP00000259037,9606.ENSP00000441126,0.999,STRING
NDUFB5,MT-ND4,9606.ENSP00000259037,9606.ENSP00000354961,0.999,STRING
NDUFB5,NDUFC2,9606.ENSP00000259037,9606.ENSP00000281031,0.999,STRING
NDUFB5,NDUFB11,9606.ENSP00000259037,9606.ENSP00000276062,0.999,STRING
NDUFA7,NDUFAB1,9606.ENSP00000301457,9606.ENSP00000458770,0.999,STRING
NDUFA7,NDUFB3,9606.ENSP00000301457,9606.ENSP00000407336,0.999,STRING
NDUFA7,NDUFA13,9606.ENSP00000301457,9606.ENSP00000423673,0.999,STRING
NDUFA7,NDUFV3,9606.ENSP00000301457,9606.ENSP00000346196,0.999,STRING
NDUFA7,NDUFS2,9606.ENSP00000301457,9606.ENSP00000356972,0.999,STRING
NDUFA7,NDUFS5,9606.ENSP00000301457,9606.ENSP00000362058,0.999,STRING
NDUFB5,NDUFB8,9606.ENSP00000259037,9606.ENSP00000299166,0.999,STRING
NDUFB5,NDUFA6,9606.ENSP00000259037,9606.ENSP00000482543,0.999,STRING
NDUFB5,NDUFB1,9606.ENSP00000259037,9606.ENSP00000483888,0.999,STRING
NDUFB5,NDUFV1,9606.ENSP00000259037,9606.ENSP00000497587,0.999,STRING
NDUFB5,NDUFS8,9606.ENSP00000259037,9606.ENSP00000315774,0.999,STRING
NDUFB5,NDUFA11,9606.ENSP00000259037,9606.ENSP00000389160,0.999,STRING
NDUFB5,NDUFA1,9606.ENSP00000259037,9606.ENSP00000360492,0.999,STRING
NDUFB5,NDUFS4,9606.ENSP00000259037,9606.ENSP00000296684,0.999,STRING
NDUFB5,NDUFA7,9606.ENSP00000259037,9606.ENSP00000301457,0.999,STRING
NDUFB5,MT-ND2,9606.ENSP00000259037,9606.ENSP00000355046,0.999,STRING
NDUFB5,NDUFS3,9606.ENSP00000259037,9606.ENSP00000263774,0.999,STRING
NDUFB5,NDUFS6,9606.ENSP00000259037,9606.ENSP00000274137,0.999,STRING
NDUFB5,NDUFB9,9606.ENSP00000259037,9606.ENSP00000276689,0.999,STRING
NDUFB5,NDUFA3,9606.ENSP00000259037,9606.ENSP00000418438,0.999,STRING
NDUFB5,NDUFA12,9606.ENSP00000259037,9606.ENSP00000330737,0.999,STRING
NDUFB5,NDUFA9,9606.ENSP00000259037,9606.ENSP00000266544,0.999,STRING
NDUFB5,MT-ND5,9606.ENSP00000259037,9606.ENSP00000354813,0.999,STRING
NDUFB5,NDUFA5,9606.ENSP00000259037,9606.ENSP00000417142,0.999,STRING
NDUFA7,NDUFA8,9606.ENSP00000301457,9606.ENSP00000362873,0.999,STRING
NDUFA7,NDUFS8,9606.ENSP00000301457,9606.ENSP00000315774,0.999,STRING
NDUFA7,NDUFB6,9606.ENSP00000301457,9606.ENSP00000369176,0.999,STRING
PSMB7,PSMA8,9606.ENSP00000259457,9606.ENSP00000311121,0.999,STRING
PSMB7,PSMD4,9606.ENSP00000259457,9606.ENSP00000357876,0.999,STRING
PSMB7,PSMB9,9606.ENSP00000259457,9606.ENSP00000363993,0.999,STRING
PSMB7,PSMD14,9606.ENSP00000259457,9606.ENSP00000386541,0.999,STRING
PSMB7,PSMB8,9606.ENSP00000259457,9606.ENSP00000364016,0.999,STRING
PSMB7,PSMB2,9606.ENSP00000259457,9606.ENSP00000362334,0.999,STRING
PSMB7,PSMC6,9606.ENSP00000259457,9606.ENSP00000484998,0.999,STRING
PSMB7,PSMB1,9606.ENSP00000259457,9606.ENSP00000262193,0.999,STRING
NDUFA7,NDUFA1,9606.ENSP00000301457,9606.ENSP00000360492,0.999,STRING
PSMB7,PSMD13,9606.ENSP00000259457,9606.ENSP00000396937,0.999,STRING
PSMB7,PSMA6,9606.ENSP00000259457,9606.ENSP00000261479,0.999,STRING
PSMB7,PSMA5,9606.ENSP00000259457,9606.ENSP00000271308,0.999,STRING
PSMB7,PSMD2,9606.ENSP00000259457,9606.ENSP00000310129,0.999,STRING
NDUFS3,NDUFA9,9606.ENSP00000263774,9606.ENSP00000266544,0.999,STRING
RIPK1,CASP8,9606.ENSP00000259808,9606.ENSP00000351273,0.999,STRING
PSMB7,PSMC2,9606.ENSP00000259457,9606.ENSP00000391211,0.999,STRING
PSMB7,PSMA7,9606.ENSP00000259457,9606.ENSP00000359910,0.999,STRING
PSMB7,PSMD3,9606.ENSP00000259457,9606.ENSP00000264639,0.999,STRING
PSMB7,PSMD11,9606.ENSP00000259457,9606.ENSP00000261712,0.999,STRING
PSMB7,PSMC3,9606.ENSP00000259457,9606.ENSP00000481029,0.999,STRING
PSMB7,PSMB6,9606.ENSP00000259457,9606.ENSP00000270586,0.999,STRING
PSMB7,PSMA1,9606.ENSP00000259457,9606.ENSP00000414359,0.999,STRING
PSMB7,PSMD6,9606.ENSP00000259457,9606.ENSP00000418695,0.999,STRING
PSMB7,PSMB4,9606.ENSP00000259457,9606.ENSP00000290541,0.999,STRING
PSMB7,PSMB5,9606.ENSP00000259457,9606.ENSP00000355325,0.999,STRING
NDUFS3,NDUFA5,9606.ENSP00000263774,9606.ENSP00000417142,0.999,STRING
GABBR2,GABBR1,9606.ENSP00000259455,9606.ENSP00000366233,0.999,STRING
KMT2D,KDM6A,9606.ENSP00000301067,9606.ENSP00000367203,0.999,STRING
GRIK5,GRIK2,9606.ENSP00000301218,9606.ENSP00000397026,0.999,STRING
NDUFA7,NDUFV1,9606.ENSP00000301457,9606.ENSP00000497587,0.999,STRING
NDUFA7,NDUFA3,9606.ENSP00000301457,9606.ENSP00000418438,0.999,STRING
NDUFA7,NDUFA11,9606.ENSP00000301457,9606.ENSP00000389160,0.999,STRING
NDUFB5,NDUFB6,9606.ENSP00000259037,9606.ENSP00000369176,0.999,STRING
NDUFB5,NDUFV3,9606.ENSP00000259037,9606.ENSP00000346196,0.999,STRING
NDUFS3,MT-ND5,9606.ENSP00000263774,9606.ENSP00000354813,0.999,STRING
IL7R,IL2RG,9606.ENSP00000306157,9606.ENSP00000363318,0.999,STRING
F2,F10,9606.ENSP00000308541,9606.ENSP00000364709,0.999,STRING
F2,FGG,9606.ENSP00000308541,9606.ENSP00000336829,0.999,STRING
F2,SERPINC1,9606.ENSP00000308541,9606.ENSP00000356671,0.999,STRING
F2,F5,9606.ENSP00000308541,9606.ENSP00000356771,0.999,STRING
F2,FGA,9606.ENSP00000308541,9606.ENSP00000498441,0.999,STRING
PDGFRA,PDGFB,9606.ENSP00000257290,9606.ENSP00000330382,0.999,STRING
APC,GSK3B,9606.ENSP00000257430,9606.ENSP00000324806,0.999,STRING
PSMD1,ADRM1,9606.ENSP00000309474,9606.ENSP00000478877,0.999,STRING
APC,AXIN1,9606.ENSP00000257430,9606.ENSP00000262320,0.999,STRING
APC,CTNNB1,9606.ENSP00000257430,9606.ENSP00000495360,0.999,STRING
IL7R,TSLP,9606.ENSP00000306157,9606.ENSP00000339804,0.999,STRING
FGB,F2,9606.ENSP00000306099,9606.ENSP00000308541,0.999,STRING
FGB,FGG,9606.ENSP00000306099,9606.ENSP00000336829,0.999,STRING
FGB,FGA,9606.ENSP00000306099,9606.ENSP00000498441,0.999,STRING
PSMD1,PSMA1,9606.ENSP00000309474,9606.ENSP00000414359,0.999,STRING
PSMD1,PSMD6,9606.ENSP00000309474,9606.ENSP00000418695,0.999,STRING
NDUFB5,NDUFS2,9606.ENSP00000259037,9606.ENSP00000356972,0.999,STRING
PSMD1,PSMD13,9606.ENSP00000309474,9606.ENSP00000396937,0.999,STRING
PSMD2,PSMD4,9606.ENSP00000310129,9606.ENSP00000357876,0.999,STRING
PSMD2,PSMB2,9606.ENSP00000310129,9606.ENSP00000362334,0.999,STRING
PSMD2,PSMD14,9606.ENSP00000310129,9606.ENSP00000386541,0.999,STRING
PSMD2,PSMC6,9606.ENSP00000310129,9606.ENSP00000484998,0.999,STRING
PSMD2,PSMD13,9606.ENSP00000310129,9606.ENSP00000396937,0.999,STRING
TBX5,NKX2-5,9606.ENSP00000309913,9606.ENSP00000327758,0.999,STRING
PSMD1,PSMD2,9606.ENSP00000309474,9606.ENSP00000310129,0.999,STRING
PSMD1,PSMC2,9606.ENSP00000309474,9606.ENSP00000391211,0.999,STRING
PSMD1,PSMB2,9606.ENSP00000309474,9606.ENSP00000362334,0.999,STRING
PSMD1,PSMD14,9606.ENSP00000309474,9606.ENSP00000386541,0.999,STRING
PSMD1,PSMC6,9606.ENSP00000309474,9606.ENSP00000484998,0.999,STRING
PSMD1,PSMC3,9606.ENSP00000309474,9606.ENSP00000481029,0.999,STRING
PSMD1,PSMC5,9606.ENSP00000309474,9606.ENSP00000310572,0.999,STRING
PSMD1,PSMD4,9606.ENSP00000309474,9606.ENSP00000357876,0.999,STRING
IL13,IL4R,9606.ENSP00000304915,9606.ENSP00000379111,0.999,STRING
NCOR1,PPARG,9606.ENSP00000268712,9606.ENSP00000287820,0.999,STRING
NCOR1,BCL6,9606.ENSP00000268712,9606.ENSP00000384371,0.999,STRING
NDUFS3,NDUFB11,9606.ENSP00000263774,9606.ENSP00000276062,0.999,STRING
NDUFS3,NDUFA6,9606.ENSP00000263774,9606.ENSP00000482543,0.999,STRING
NDUFA7,NDUFA12,9606.ENSP00000301457,9606.ENSP00000330737,0.999,STRING
NDUFA7,NDUFB2,9606.ENSP00000301457,9606.ENSP00000419087,0.999,STRING
NDUFA7,NDUFA6,9606.ENSP00000301457,9606.ENSP00000482543,0.999,STRING
NDUFA7,NDUFA5,9606.ENSP00000301457,9606.ENSP00000417142,0.999,STRING
NDUFA7,NDUFC1,9606.ENSP00000301457,9606.ENSP00000441126,0.999,STRING
BRIP1,BRCA1,9606.ENSP00000259008,9606.ENSP00000418960,0.999,STRING
NCOR1,TBL1XR1,9606.ENSP00000268712,9606.ENSP00000405574,0.999,STRING
BRIP1,BARD1,9606.ENSP00000259008,9606.ENSP00000260947,0.999,STRING
NDUFA7,NDUFV2,9606.ENSP00000301457,9606.ENSP00000327268,0.999,STRING
NDUFA7,NDUFS1,9606.ENSP00000301457,9606.ENSP00000392709,0.999,STRING
NDUFS3,NDUFB8,9606.ENSP00000263774,9606.ENSP00000299166,0.999,STRING
NDUFB5,NDUFA8,9606.ENSP00000259037,9606.ENSP00000362873,0.999,STRING
NDUFB5,NDUFS5,9606.ENSP00000259037,9606.ENSP00000362058,0.999,STRING
DDB1,CUL4A,9606.ENSP00000301764,9606.ENSP00000364589,0.999,STRING
NDUFS3,NDUFS6,9606.ENSP00000263774,9606.ENSP00000274137,0.999,STRING
MAP2K1,BRAF,9606.ENSP00000302486,9606.ENSP00000419060,0.999,STRING
MAP2K1,RAF1,9606.ENSP00000302486,9606.ENSP00000401888,0.999,STRING
HDAC3,TBL1XR1,9606.ENSP00000302967,9606.ENSP00000405574,0.999,STRING
PCSK9,LDLR,9606.ENSP00000303208,9606.ENSP00000454071,0.999,STRING
NDUFS3,NDUFA12,9606.ENSP00000263774,9606.ENSP00000330737,0.999,STRING
CDK4,CDKN2B,9606.ENSP00000257904,9606.ENSP00000276925,0.999,STRING
CDK4,CDK6,9606.ENSP00000257904,9606.ENSP00000265734,0.999,STRING
CDK4,CDKN2C,9606.ENSP00000257904,9606.ENSP00000262662,0.999,STRING
CDK4,CDKN1A,9606.ENSP00000257904,9606.ENSP00000384849,0.999,STRING
CDK4,CDKN2A,9606.ENSP00000257904,9606.ENSP00000418915,0.999,STRING
CDK4,RB1,9606.ENSP00000257904,9606.ENSP00000267163,0.999,STRING
NCOR1,ESR1,9606.ENSP00000268712,9606.ENSP00000405330,0.999,STRING
NCOR1,HDAC3,9606.ENSP00000268712,9606.ENSP00000302967,0.999,STRING
NCOR1,HDAC1,9606.ENSP00000268712,9606.ENSP00000362649,0.999,STRING
INSR,INS,9606.ENSP00000303830,9606.ENSP00000380432,0.999,STRING
RIPK1,TNF,9606.ENSP00000259808,9606.ENSP00000398698,0.999,STRING
RRM1,RRM2,9606.ENSP00000300738,9606.ENSP00000353770,0.999,STRING
ALB,FCGRT,9606.ENSP00000295897,9606.ENSP00000410798,0.999,STRING
NDUFS4,NDUFV1,9606.ENSP00000296684,9606.ENSP00000497587,0.999,STRING
NDUFS3,NDUFA1,9606.ENSP00000263774,9606.ENSP00000360492,0.999,STRING
NDUFS4,NDUFA1,9606.ENSP00000296684,9606.ENSP00000360492,0.999,STRING
NDUFS4,NDUFA7,9606.ENSP00000296684,9606.ENSP00000301457,0.999,STRING
NDUFS4,MT-ND2,9606.ENSP00000296684,9606.ENSP00000355046,0.999,STRING
LRP6,AXIN1,9606.ENSP00000261349,9606.ENSP00000262320,0.999,STRING
LRP6,LRP5,9606.ENSP00000261349,9606.ENSP00000294304,0.999,STRING
NDUFS4,MT-ND1,9606.ENSP00000296684,9606.ENSP00000354687,0.999,STRING
PSMC1,PSMD3,9606.ENSP00000261303,9606.ENSP00000264639,0.999,STRING
NDUFS4,NDUFA3,9606.ENSP00000296684,9606.ENSP00000418438,0.999,STRING
NDUFS4,NDUFA12,9606.ENSP00000296684,9606.ENSP00000330737,0.999,STRING
NDUFS4,MT-ND5,9606.ENSP00000296684,9606.ENSP00000354813,0.999,STRING
NDUFS4,NDUFA5,9606.ENSP00000296684,9606.ENSP00000417142,0.999,STRING
NDUFS4,NDUFA6,9606.ENSP00000296684,9606.ENSP00000482543,0.999,STRING
NDUFS4,NDUFB8,9606.ENSP00000296684,9606.ENSP00000299166,0.999,STRING
NDUFS4,NDUFA11,9606.ENSP00000296684,9606.ENSP00000389160,0.999,STRING
PSMC1,PSMA7,9606.ENSP00000261303,9606.ENSP00000359910,0.999,STRING
PSMC1,PSMC6,9606.ENSP00000261303,9606.ENSP00000484998,0.999,STRING
PSMC1,PSMB5,9606.ENSP00000261303,9606.ENSP00000355325,0.999,STRING
PSMC1,PSMD13,9606.ENSP00000261303,9606.ENSP00000396937,0.999,STRING
PSMC1,PSMA6,9606.ENSP00000261303,9606.ENSP00000261479,0.999,STRING
PSMC1,PSMA5,9606.ENSP00000261303,9606.ENSP00000271308,0.999,STRING
PSMC1,PSMD2,9606.ENSP00000261303,9606.ENSP00000310129,0.999,STRING
PSMC1,PSMD6,9606.ENSP00000261303,9606.ENSP00000418695,0.999,STRING
PSMC1,PSMB4,9606.ENSP00000261303,9606.ENSP00000290541,0.999,STRING
PSMC1,PSMA1,9606.ENSP00000261303,9606.ENSP00000414359,0.999,STRING
PSMC1,PSMC2,9606.ENSP00000261303,9606.ENSP00000391211,0.999,STRING
PSMC1,ADRM1,9606.ENSP00000261303,9606.ENSP00000478877,0.999,STRING
PSMC1,PSMB6,9606.ENSP00000261303,9606.ENSP00000270586,0.999,STRING
PSMC1,PSMC3,9606.ENSP00000261303,9606.ENSP00000481029,0.999,STRING
PSMC1,PSMC5,9606.ENSP00000261303,9606.ENSP00000310572,0.999,STRING
PSMC1,PSMD11,9606.ENSP00000261303,9606.ENSP00000261712,0.999,STRING
PSMC1,PSMD4,9606.ENSP00000261303,9606.ENSP00000357876,0.999,STRING
NDUFS4,NDUFB3,9606.ENSP00000296684,9606.ENSP00000407336,0.999,STRING
NDUFS4,NDUFAB1,9606.ENSP00000296684,9606.ENSP00000458770,0.999,STRING
NDUFS4,NDUFS1,9606.ENSP00000296684,9606.ENSP00000392709,0.999,STRING
PSMA6,PSMC2,9606.ENSP00000261479,9606.ENSP00000391211,0.999,STRING
PSMA6,PSMA1,9606.ENSP00000261479,9606.ENSP00000414359,0.999,STRING
PSMA6,PSMD11,9606.ENSP00000261479,9606.ENSP00000261712,0.999,STRING
PSMA6,PSMC3,9606.ENSP00000261479,9606.ENSP00000481029,0.999,STRING
PSMA6,PSMC5,9606.ENSP00000261479,9606.ENSP00000310572,0.999,STRING
PSMA6,PSMD4,9606.ENSP00000261479,9606.ENSP00000357876,0.999,STRING
PSMA6,PSMA7,9606.ENSP00000261479,9606.ENSP00000359910,0.999,STRING
PSMA6,PSMB10,9606.ENSP00000261479,9606.ENSP00000351314,0.999,STRING
NDUFS4,NDUFV2,9606.ENSP00000296684,9606.ENSP00000327268,0.999,STRING
GRIA2,GRIA3,9606.ENSP00000296526,9606.ENSP00000481554,0.999,STRING
GRIA2,GRIA1,9606.ENSP00000296526,9606.ENSP00000428994,0.999,STRING
NDUFS3,NDUFB9,9606.ENSP00000263774,9606.ENSP00000276689,0.999,STRING
GUCY1A1,GUCY1B1,9606.ENSP00000296518,9606.ENSP00000426786,0.999,STRING
ATXN7,TRRAP,9606.ENSP00000295900,9606.ENSP00000352925,0.999,STRING
ALB,INS,9606.ENSP00000295897,9606.ENSP00000380432,0.999,STRING
PSMA6,PSMB6,9606.ENSP00000261479,9606.ENSP00000270586,0.999,STRING
PSMA6,PSMB4,9606.ENSP00000261479,9606.ENSP00000290541,0.999,STRING
PSMA6,PSMB5,9606.ENSP00000261479,9606.ENSP00000355325,0.999,STRING
PSMA6,PSMD6,9606.ENSP00000261479,9606.ENSP00000418695,0.999,STRING
PSMA6,PSMA5,9606.ENSP00000261479,9606.ENSP00000271308,0.999,STRING
PSMA6,PSMB1,9606.ENSP00000261479,9606.ENSP00000262193,0.999,STRING
PSMA6,PSMC6,9606.ENSP00000261479,9606.ENSP00000484998,0.999,STRING
PSMA6,PSMD14,9606.ENSP00000261479,9606.ENSP00000386541,0.999,STRING
PSMA6,PSMB9,9606.ENSP00000261479,9606.ENSP00000363993,0.999,STRING
PSMA6,PSMB8,9606.ENSP00000261479,9606.ENSP00000364016,0.999,STRING
PSMA6,PSMD1,9606.ENSP00000261479,9606.ENSP00000309474,0.999,STRING
PSMA6,PSMB2,9606.ENSP00000261479,9606.ENSP00000362334,0.999,STRING
VWF,ITGA2B,9606.ENSP00000261405,9606.ENSP00000262407,0.999,STRING
VWF,F8,9606.ENSP00000261405,9606.ENSP00000353393,0.999,STRING
NDUFS4,NDUFA13,9606.ENSP00000296684,9606.ENSP00000423673,0.999,STRING
NDUFS4,MT-ND4,9606.ENSP00000296684,9606.ENSP00000354961,0.999,STRING
NDUFS4,MT-ND3,9606.ENSP00000296684,9606.ENSP00000355206,0.999,STRING
PSMC1,PSMB1,9606.ENSP00000261303,9606.ENSP00000262193,0.999,STRING
PSMC1,PSMB2,9606.ENSP00000261303,9606.ENSP00000362334,0.999,STRING
NDUFS3,NDUFV2,9606.ENSP00000263774,9606.ENSP00000327268,0.999,STRING
NDUFB8,NDUFS5,9606.ENSP00000299166,9606.ENSP00000362058,0.999,STRING
NDUFS3,NDUFV3,9606.ENSP00000263774,9606.ENSP00000346196,0.999,STRING
NDUFS3,NDUFS2,9606.ENSP00000263774,9606.ENSP00000356972,0.999,STRING
NDUFS3,NDUFS5,9606.ENSP00000263774,9606.ENSP00000362058,0.999,STRING
NDUFS3,NDUFA8,9606.ENSP00000263774,9606.ENSP00000362873,0.999,STRING
NDUFB8,NDUFS8,9606.ENSP00000299166,9606.ENSP00000315774,0.999,STRING
NDUFB8,NDUFB6,9606.ENSP00000299166,9606.ENSP00000369176,0.999,STRING
NDUFB8,NDUFS2,9606.ENSP00000299166,9606.ENSP00000356972,0.999,STRING
NDUFS3,MT-ND3,9606.ENSP00000263774,9606.ENSP00000355206,0.999,STRING
NDUFB8,NDUFA8,9606.ENSP00000299166,9606.ENSP00000362873,0.999,STRING
NDUFB8,NDUFV3,9606.ENSP00000299166,9606.ENSP00000346196,0.999,STRING
NDUFB8,MT-ND2,9606.ENSP00000299166,9606.ENSP00000355046,0.999,STRING
NDUFB8,NDUFA3,9606.ENSP00000299166,9606.ENSP00000418438,0.999,STRING
NDUFB8,MT-ND1,9606.ENSP00000299166,9606.ENSP00000354687,0.999,STRING
NDUFB8,NDUFV1,9606.ENSP00000299166,9606.ENSP00000497587,0.999,STRING
NDUFS3,MT-ND4,9606.ENSP00000263774,9606.ENSP00000354961,0.999,STRING
SCNN1G,SCNN1A,9606.ENSP00000300061,9606.ENSP00000353292,0.999,STRING
PSMC1,PSMD14,9606.ENSP00000261303,9606.ENSP00000386541,0.999,STRING
NDUFS3,MT-ND6,9606.ENSP00000263774,9606.ENSP00000354665,0.999,STRING
CD3D,CD3E,9606.ENSP00000300692,9606.ENSP00000354566,0.999,STRING
CD3D,CD3G,9606.ENSP00000300692,9606.ENSP00000431445,0.999,STRING
NDUFS3,NDUFS1,9606.ENSP00000263774,9606.ENSP00000392709,0.999,STRING
NDUFS3,NDUFAB1,9606.ENSP00000263774,9606.ENSP00000458770,0.999,STRING
RUNX1,FOXP3,9606.ENSP00000300305,9606.ENSP00000365380,0.999,STRING
NDUFS3,NDUFB3,9606.ENSP00000263774,9606.ENSP00000407336,0.999,STRING
NDUFS3,NDUFC2,9606.ENSP00000263774,9606.ENSP00000281031,0.999,STRING
HTR3B,HTR3A,9606.ENSP00000260191,9606.ENSP00000347754,0.999,STRING
CACNG2,GRIA1,9606.ENSP00000300105,9606.ENSP00000428994,0.999,STRING
NDUFS3,NDUFA13,9606.ENSP00000263774,9606.ENSP00000423673,0.999,STRING
TLR2,TLR1,9606.ENSP00000260010,9606.ENSP00000354932,0.999,STRING
TLR2,MYD88,9606.ENSP00000260010,9606.ENSP00000498321,0.999,STRING
TLR2,TLR4,9606.ENSP00000260010,9606.ENSP00000363089,0.999,STRING
SCNN1G,SCNN1B,9606.ENSP00000300061,9606.ENSP00000345751,0.999,STRING
NDUFB8,NDUFA1,9606.ENSP00000299166,9606.ENSP00000360492,0.999,STRING
NDUFB8,NDUFA11,9606.ENSP00000299166,9606.ENSP00000389160,0.999,STRING
NDUFB8,NDUFA7,9606.ENSP00000299166,9606.ENSP00000301457,0.999,STRING
NDUFS4,NDUFA8,9606.ENSP00000296684,9606.ENSP00000362873,0.999,STRING
NDUFS3,NDUFA11,9606.ENSP00000263774,9606.ENSP00000389160,0.999,STRING
BARD1,BRCA2,9606.ENSP00000260947,9606.ENSP00000369497,0.999,STRING
BARD1,BRCA1,9606.ENSP00000260947,9606.ENSP00000418960,0.999,STRING
NOS3,CAV1,9606.ENSP00000297494,9606.ENSP00000339191,0.999,STRING
SHH,PTCH1,9606.ENSP00000297261,9606.ENSP00000332353,0.999,STRING
NPM1,CDKN2A,9606.ENSP00000296930,9606.ENSP00000418915,0.999,STRING
ABCC9,KCNJ11,9606.ENSP00000261200,9606.ENSP00000345708,0.999,STRING
FDX1,CYP11A1,9606.ENSP00000260270,9606.ENSP00000268053,0.999,STRING
NDUFS4,NDUFS2,9606.ENSP00000296684,9606.ENSP00000356972,0.999,STRING
NDUFS4,NDUFS5,9606.ENSP00000296684,9606.ENSP00000362058,0.999,STRING
NDUFS4,NDUFV3,9606.ENSP00000296684,9606.ENSP00000346196,0.999,STRING
NDUFS4,NDUFB6,9606.ENSP00000296684,9606.ENSP00000369176,0.999,STRING
NDUFS4,NDUFS8,9606.ENSP00000296684,9606.ENSP00000315774,0.999,STRING
PSMC1,PSMD1,9606.ENSP00000261303,9606.ENSP00000309474,0.999,STRING
NDUFS3,NDUFS4,9606.ENSP00000263774,9606.ENSP00000296684,0.999,STRING
NDUFS3,NDUFAF3,9606.ENSP00000263774,9606.ENSP00000323076,0.999,STRING
NDUFS3,NDUFA7,9606.ENSP00000263774,9606.ENSP00000301457,0.999,STRING
NDUFS3,NDUFB6,9606.ENSP00000263774,9606.ENSP00000369176,0.999,STRING
NDUFB8,NDUFB3,9606.ENSP00000299166,9606.ENSP00000407336,0.999,STRING
NDUFB8,NDUFS1,9606.ENSP00000299166,9606.ENSP00000392709,0.999,STRING
NDUFB8,NDUFAB1,9606.ENSP00000299166,9606.ENSP00000458770,0.999,STRING
NDUFS3,NDUFS8,9606.ENSP00000263774,9606.ENSP00000315774,0.999,STRING
NDUFB8,NDUFV2,9606.ENSP00000299166,9606.ENSP00000327268,0.999,STRING
NDUFB8,MT-ND4,9606.ENSP00000299166,9606.ENSP00000354961,0.999,STRING
NDUFB8,MT-ND3,9606.ENSP00000299166,9606.ENSP00000355206,0.999,STRING
NDUFB8,NDUFA13,9606.ENSP00000299166,9606.ENSP00000423673,0.999,STRING
NDUFB8,NDUFB2,9606.ENSP00000299166,9606.ENSP00000419087,0.999,STRING
NDUFB8,NDUFA12,9606.ENSP00000299166,9606.ENSP00000330737,0.999,STRING
NDUFB8,NDUFA6,9606.ENSP00000299166,9606.ENSP00000482543,0.999,STRING
NDUFB8,MT-ND5,9606.ENSP00000299166,9606.ENSP00000354813,0.999,STRING
NDUFB8,NDUFA5,9606.ENSP00000299166,9606.ENSP00000417142,0.999,STRING
NDUFA1,NDUFA11,9606.ENSP00000360492,9606.ENSP00000389160,0.999,STRING
GRIN3B,GRIN1,9606.ENSP00000234389,9606.ENSP00000360608,0.999,STRING
POLA2,POLA1,9606.ENSP00000265465,9606.ENSP00000368358,0.999,STRING
IL2RB,IL2RA,9606.ENSP00000216223,9606.ENSP00000369293,0.999,STRING
RBX1,FBXW7,9606.ENSP00000216225,9606.ENSP00000474725,0.999,STRING
RBX1,VHL,9606.ENSP00000216225,9606.ENSP00000256474,0.999,STRING
RBX1,DDB1,9606.ENSP00000216225,9606.ENSP00000301764,0.999,STRING
RBX1,CRBN,9606.ENSP00000216225,9606.ENSP00000231948,0.999,STRING
RBX1,CUL4A,9606.ENSP00000216225,9606.ENSP00000364589,0.999,STRING
IL1R1,MYD88,9606.ENSP00000386380,9606.ENSP00000498321,0.999,STRING
PSMD14,PSMC2,9606.ENSP00000386541,9606.ENSP00000391211,0.999,STRING
PSMD14,PSMC3,9606.ENSP00000386541,9606.ENSP00000481029,0.999,STRING
PSMD14,ADRM1,9606.ENSP00000386541,9606.ENSP00000478877,0.999,STRING
PSMD14,PSMA1,9606.ENSP00000386541,9606.ENSP00000414359,0.999,STRING
IL2RB,IL2RG,9606.ENSP00000216223,9606.ENSP00000363318,0.999,STRING
PPARA,RXRA,9606.ENSP00000385523,9606.ENSP00000419692,0.999,STRING
IL2RB,IL2,9606.ENSP00000216223,9606.ENSP00000226730,0.999,STRING
PSMD14,PSMD6,9606.ENSP00000386541,9606.ENSP00000418695,0.999,STRING
PSMD14,PSMD13,9606.ENSP00000386541,9606.ENSP00000396937,0.999,STRING
PSMD14,PSMC6,9606.ENSP00000386541,9606.ENSP00000484998,0.999,STRING
CD8A,LCK,9606.ENSP00000386559,9606.ENSP00000477713,0.999,STRING
NDUFA11,NDUFA6,9606.ENSP00000389160,9606.ENSP00000482543,0.999,STRING
NDUFA11,NDUFA5,9606.ENSP00000389160,9606.ENSP00000417142,0.999,STRING
NDUFA11,NDUFAB1,9606.ENSP00000389160,9606.ENSP00000458770,0.999,STRING
NDUFA11,NDUFS1,9606.ENSP00000389160,9606.ENSP00000392709,0.999,STRING
NDUFA11,NDUFB3,9606.ENSP00000389160,9606.ENSP00000407336,0.999,STRING
POLA2,PRIM2,9606.ENSP00000265465,9606.ENSP00000484105,0.999,STRING
POLE2,POLE3,9606.ENSP00000216367,9606.ENSP00000363286,0.999,STRING
NDUFA11,NDUFV1,9606.ENSP00000389160,9606.ENSP00000497587,0.999,STRING
PSMA3,PSMB1,9606.ENSP00000216455,9606.ENSP00000262193,0.999,STRING
PSMA3,PSMC2,9606.ENSP00000216455,9606.ENSP00000391211,0.999,STRING
PSMA3,PSMA2,9606.ENSP00000216455,9606.ENSP00000223321,0.999,STRING
PSMA3,PSMB10,9606.ENSP00000216455,9606.ENSP00000351314,0.999,STRING
PSMA3,PSMB7,9606.ENSP00000216455,9606.ENSP00000259457,0.999,STRING
PSMA3,PSMD6,9606.ENSP00000216455,9606.ENSP00000418695,0.999,STRING
PSMA3,PSMB5,9606.ENSP00000216455,9606.ENSP00000355325,0.999,STRING
PSMA3,PSMB4,9606.ENSP00000216455,9606.ENSP00000290541,0.999,STRING
PSMA3,PSMB6,9606.ENSP00000216455,9606.ENSP00000270586,0.999,STRING
PSMA3,PSMA1,9606.ENSP00000216455,9606.ENSP00000414359,0.999,STRING
PSMA3,PSMA6,9606.ENSP00000216455,9606.ENSP00000261479,0.999,STRING
PSMA3,PSMD7,9606.ENSP00000216455,9606.ENSP00000219313,0.999,STRING
POLE2,POLE,9606.ENSP00000216367,9606.ENSP00000322570,0.999,STRING
PSMA3,PSMD2,9606.ENSP00000216455,9606.ENSP00000310129,0.999,STRING
PSMA3,PSMA5,9606.ENSP00000216455,9606.ENSP00000271308,0.999,STRING
PSMA3,PSMB2,9606.ENSP00000216455,9606.ENSP00000362334,0.999,STRING
PSMA3,PSMD1,9606.ENSP00000216455,9606.ENSP00000309474,0.999,STRING
PSMA3,PSMB8,9606.ENSP00000216455,9606.ENSP00000364016,0.999,STRING
PSMA3,PSMC1,9606.ENSP00000216455,9606.ENSP00000261303,0.999,STRING
PSMA3,PSMB9,9606.ENSP00000216455,9606.ENSP00000363993,0.999,STRING
PSMA3,PSMD14,9606.ENSP00000216455,9606.ENSP00000386541,0.999,STRING
PSMA3,PSMC6,9606.ENSP00000216455,9606.ENSP00000484998,0.999,STRING
SOS1,PTPN11,9606.ENSP00000384675,9606.ENSP00000489597,0.999,STRING
NDUFA11,NDUFA3,9606.ENSP00000389160,9606.ENSP00000418438,0.999,STRING
NDUFA11,NDUFA13,9606.ENSP00000389160,9606.ENSP00000423673,0.999,STRING
PSMA3,PSMD4,9606.ENSP00000216455,9606.ENSP00000357876,0.999,STRING
NDUFB7,NDUFV2,9606.ENSP00000215565,9606.ENSP00000327268,0.999,STRING
NDUFB7,NDUFA6,9606.ENSP00000215565,9606.ENSP00000482543,0.999,STRING
NDUFB7,NDUFB8,9606.ENSP00000215565,9606.ENSP00000299166,0.999,STRING
NDUFB7,NDUFB2,9606.ENSP00000215565,9606.ENSP00000419087,0.999,STRING
NDUFB7,NDUFA12,9606.ENSP00000215565,9606.ENSP00000330737,0.999,STRING
NDUFB7,MT-ND4,9606.ENSP00000215565,9606.ENSP00000354961,0.999,STRING
NDUFB7,MT-ND3,9606.ENSP00000215565,9606.ENSP00000355206,0.999,STRING
NDUFB7,NDUFB5,9606.ENSP00000215565,9606.ENSP00000259037,0.999,STRING
NDUFB7,NDUFA13,9606.ENSP00000215565,9606.ENSP00000423673,0.999,STRING
NDUFB7,NDUFC2,9606.ENSP00000215565,9606.ENSP00000281031,0.999,STRING
NDUFB7,NDUFB3,9606.ENSP00000215565,9606.ENSP00000407336,0.999,STRING
NDUFB7,NDUFS1,9606.ENSP00000215565,9606.ENSP00000392709,0.999,STRING
NDUFB7,NDUFB11,9606.ENSP00000215565,9606.ENSP00000276062,0.999,STRING
NDUFB7,NDUFAB1,9606.ENSP00000215565,9606.ENSP00000458770,0.999,STRING
NDUFB7,NDUFS7,9606.ENSP00000215565,9606.ENSP00000233627,0.999,STRING
NDUFB7,NDUFB6,9606.ENSP00000215565,9606.ENSP00000369176,0.999,STRING
NDUFB7,NDUFA10,9606.ENSP00000215565,9606.ENSP00000252711,0.999,STRING
NDUFB7,NDUFS8,9606.ENSP00000215565,9606.ENSP00000315774,0.999,STRING
NDUFB7,NDUFA8,9606.ENSP00000215565,9606.ENSP00000362873,0.999,STRING
NDUFB7,NDUFA2,9606.ENSP00000215565,9606.ENSP00000252102,0.999,STRING
NDUFB7,NDUFS5,9606.ENSP00000215565,9606.ENSP00000362058,0.999,STRING
NDUFB7,NDUFS2,9606.ENSP00000215565,9606.ENSP00000356972,0.999,STRING
NDUFB7,NDUFV3,9606.ENSP00000215565,9606.ENSP00000346196,0.999,STRING
NDUFB7,NDUFS6,9606.ENSP00000215565,9606.ENSP00000274137,0.999,STRING
NDUFB7,NDUFA5,9606.ENSP00000215565,9606.ENSP00000417142,0.999,STRING
MAPK1,MAP2K2,9606.ENSP00000215832,9606.ENSP00000262948,0.999,STRING
NDUFS1,NDUFAB1,9606.ENSP00000392709,9606.ENSP00000458770,0.999,STRING
MAPK1,MAP2K1,9606.ENSP00000215832,9606.ENSP00000302486,0.999,STRING
PSMC2,PSMC6,9606.ENSP00000391211,9606.ENSP00000484998,0.999,STRING
PSMC2,PSMD13,9606.ENSP00000391211,9606.ENSP00000396937,0.999,STRING
PSMC2,PSMD6,9606.ENSP00000391211,9606.ENSP00000418695,0.999,STRING
PSMC2,PSMA1,9606.ENSP00000391211,9606.ENSP00000414359,0.999,STRING
PSMC2,ADRM1,9606.ENSP00000391211,9606.ENSP00000478877,0.999,STRING
PSMC2,PSMC3,9606.ENSP00000391211,9606.ENSP00000481029,0.999,STRING
NDUFS1,NDUFV1,9606.ENSP00000392709,9606.ENSP00000497587,0.999,STRING
NDUFS1,NDUFA3,9606.ENSP00000392709,9606.ENSP00000418438,0.999,STRING
NDUFS1,NDUFB3,9606.ENSP00000392709,9606.ENSP00000407336,0.999,STRING
NDUFS1,NDUFA13,9606.ENSP00000392709,9606.ENSP00000423673,0.999,STRING
NDUFB7,MT-ND5,9606.ENSP00000215565,9606.ENSP00000354813,0.999,STRING
NDUFS1,NDUFA6,9606.ENSP00000392709,9606.ENSP00000482543,0.999,STRING
NDUFS1,NDUFA5,9606.ENSP00000392709,9606.ENSP00000417142,0.999,STRING
SCN4A,SCN1B,9606.ENSP00000396320,9606.ENSP00000396915,0.999,STRING
PSMD13,PSMD6,9606.ENSP00000396937,9606.ENSP00000418695,0.999,STRING
PSMD13,PSMA1,9606.ENSP00000396937,9606.ENSP00000414359,0.999,STRING
PSMD13,ADRM1,9606.ENSP00000396937,9606.ENSP00000478877,0.999,STRING
PSMD13,PSMC3,9606.ENSP00000396937,9606.ENSP00000481029,0.999,STRING
PSMD13,PSMC6,9606.ENSP00000396937,9606.ENSP00000484998,0.999,STRING
TNF,TNFAIP3,9606.ENSP00000398698,9606.ENSP00000481570,0.999,STRING
NDUFB7,NDUFA9,9606.ENSP00000215565,9606.ENSP00000266544,0.999,STRING
PSMA3,PSMA7,9606.ENSP00000216455,9606.ENSP00000359910,0.999,STRING
PSMA3,PSMC3,9606.ENSP00000216455,9606.ENSP00000481029,0.999,STRING
NDUFA8,NDUFB6,9606.ENSP00000362873,9606.ENSP00000369176,0.999,STRING
NDUFB6,NDUFA3,9606.ENSP00000369176,9606.ENSP00000418438,0.999,STRING
RELB,NFKB1,9606.ENSP00000221452,9606.ENSP00000226574,0.999,STRING
ANXA1,FPR1,9606.ENSP00000366109,9606.ENSP00000471493,0.999,STRING
PIK3CD,PIK3R1,9606.ENSP00000366563,9606.ENSP00000428056,0.999,STRING
DNMT3A,DNMT1,9606.ENSP00000264709,9606.ENSP00000352516,0.999,STRING
DNMT3A,EZH2,9606.ENSP00000264709,9606.ENSP00000320147,0.999,STRING
BCOR,BCL6,9606.ENSP00000367705,9606.ENSP00000384371,0.999,STRING
POLA1,PRIM2,9606.ENSP00000368358,9606.ENSP00000484105,0.999,STRING
RIPK2,NOD2,9606.ENSP00000220751,9606.ENSP00000300589,0.999,STRING
NDUFB6,NDUFB1,9606.ENSP00000369176,9606.ENSP00000483888,0.999,STRING
NDUFB6,NDUFA11,9606.ENSP00000369176,9606.ENSP00000389160,0.999,STRING
NDUFB6,NDUFV1,9606.ENSP00000369176,9606.ENSP00000497587,0.999,STRING
SYK,BTK,9606.ENSP00000364898,9606.ENSP00000483570,0.999,STRING
NDUFB6,NDUFA6,9606.ENSP00000369176,9606.ENSP00000482543,0.999,STRING
NDUFB6,NDUFA5,9606.ENSP00000369176,9606.ENSP00000417142,0.999,STRING
NDUFB6,NDUFAB1,9606.ENSP00000369176,9606.ENSP00000458770,0.999,STRING
NDUFB6,NDUFS1,9606.ENSP00000369176,9606.ENSP00000392709,0.999,STRING
NDUFB6,NDUFB3,9606.ENSP00000369176,9606.ENSP00000407336,0.999,STRING
CSK,PTPN22,9606.ENSP00000220003,9606.ENSP00000352833,0.999,STRING
NDUFB6,NDUFA13,9606.ENSP00000369176,9606.ENSP00000423673,0.999,STRING
TEK,ANGPT1,9606.ENSP00000369375,9606.ENSP00000428340,0.999,STRING
KL,FGFR1,9606.ENSP00000369442,9606.ENSP00000393312,0.999,STRING
BRCA2,SEM1,9606.ENSP00000369497,9606.ENSP00000481021,0.999,STRING
SYK,PLCG2,9606.ENSP00000364898,9606.ENSP00000482457,0.999,STRING
SYK,LYN,9606.ENSP00000364898,9606.ENSP00000428924,0.999,STRING
TUBB2A,TUBA1A,9606.ENSP00000369703,9606.ENSP00000439020,0.999,STRING
TGFB1,TGFBR1,9606.ENSP00000221930,9606.ENSP00000447297,0.999,STRING
CD79A,LYN,9606.ENSP00000221972,9606.ENSP00000428924,0.999,STRING
CBL,EGFR,9606.ENSP00000264033,9606.ENSP00000275493,0.999,STRING
NDUFA8,NDUFB3,9606.ENSP00000362873,9606.ENSP00000407336,0.999,STRING
NDUFA8,NDUFS1,9606.ENSP00000362873,9606.ENSP00000392709,0.999,STRING
NDUFA8,NDUFAB1,9606.ENSP00000362873,9606.ENSP00000458770,0.999,STRING
NDUFA8,NDUFA5,9606.ENSP00000362873,9606.ENSP00000417142,0.999,STRING
NDUFA8,NDUFA6,9606.ENSP00000362873,9606.ENSP00000482543,0.999,STRING
CBL,PIK3R1,9606.ENSP00000264033,9606.ENSP00000428056,0.999,STRING
NBN,ATM,9606.ENSP00000265433,9606.ENSP00000278616,0.999,STRING
TGFB1,TGFBR2,9606.ENSP00000221930,9606.ENSP00000351905,0.999,STRING
TLR4,MYD88,9606.ENSP00000363089,9606.ENSP00000498321,0.999,STRING
ASXL1,BAP1,9606.ENSP00000364839,9606.ENSP00000417132,0.999,STRING
IL2RG,IL4R,9606.ENSP00000363318,9606.ENSP00000379111,0.999,STRING
IL2RG,IL2RA,9606.ENSP00000363318,9606.ENSP00000369293,0.999,STRING
IL2RG,JAK3,9606.ENSP00000363318,9606.ENSP00000432511,0.999,STRING
IL2RG,JAK1,9606.ENSP00000363318,9606.ENSP00000499900,0.999,STRING
GDF5,BMPR1B,9606.ENSP00000363492,9606.ENSP00000401907,0.999,STRING
BMPR2,BMPR1B,9606.ENSP00000363708,9606.ENSP00000401907,0.999,STRING
BMPR2,ACVR1,9606.ENSP00000363708,9606.ENSP00000405004,0.999,STRING
PSMB9,PSMA1,9606.ENSP00000363993,9606.ENSP00000414359,0.999,STRING
PSMB9,PSMB8,9606.ENSP00000363993,9606.ENSP00000364016,0.999,STRING
PSMB8,PSMA1,9606.ENSP00000364016,9606.ENSP00000414359,0.999,STRING
BRCA2,BRCA1,9606.ENSP00000369497,9606.ENSP00000418960,0.999,STRING
TSC2,TSC1,9606.ENSP00000219476,9606.ENSP00000298552,0.999,STRING
PSMA3,PSMD11,9606.ENSP00000216455,9606.ENSP00000261712,0.999,STRING
CD80,CD274,9606.ENSP00000264246,9606.ENSP00000370989,0.999,STRING
JAK2,JAK1,9606.ENSP00000371067,9606.ENSP00000499900,0.999,STRING
JAK2,SOCS1,9606.ENSP00000371067,9606.ENSP00000496577,0.999,STRING
FGF9,FGFR2,9606.ENSP00000371790,9606.ENSP00000410294,0.999,STRING
FGF9,FGFR1,9606.ENSP00000371790,9606.ENSP00000393312,0.999,STRING
CHEK2,BRCA1,9606.ENSP00000372023,9606.ENSP00000418960,0.999,STRING
CD80,CTLA4,9606.ENSP00000264246,9606.ENSP00000497102,0.999,STRING
PPP3CA,NFATC1,9606.ENSP00000378323,9606.ENSP00000389377,0.999,STRING
CD80,CD86,9606.ENSP00000264246,9606.ENSP00000332049,0.999,STRING
F9,SERPINC1,9606.ENSP00000218099,9606.ENSP00000356671,0.999,STRING
IL4R,JAK1,9606.ENSP00000379111,9606.ENSP00000499900,0.999,STRING
CD80,CD40,9606.ENSP00000264246,9606.ENSP00000361359,0.999,STRING
JAK2,IFNGR2,9606.ENSP00000371067,9606.ENSP00000371425,0.999,STRING
INS,IGF1R,9606.ENSP00000380432,9606.ENSP00000497069,0.999,STRING
STAT3,SRC,9606.ENSP00000264657,9606.ENSP00000362680,0.999,STRING
STAT3,JAK2,9606.ENSP00000264657,9606.ENSP00000371067,0.999,STRING
TCF4,CTNNB1,9606.ENSP00000381382,9606.ENSP00000495360,0.999,STRING
STAT3,JAK1,9606.ENSP00000264657,9606.ENSP00000499900,0.999,STRING
ROCK1,RHOA,9606.ENSP00000382697,9606.ENSP00000400175,0.999,STRING
FKBP1A,TGFBR1,9606.ENSP00000383003,9606.ENSP00000447297,0.999,STRING
CSF2RB,CSF2RA,9606.ENSP00000384053,9606.ENSP00000394227,0.999,STRING
ZFPM2,GATA4,9606.ENSP00000384179,9606.ENSP00000435712,0.999,STRING
SOS1,HRAS,9606.ENSP00000384675,9606.ENSP00000407586,0.999,STRING
JAK2,GHR,9606.ENSP00000371067,9606.ENSP00000483403,0.999,STRING
FGF10,FGFR1,9606.ENSP00000264664,9606.ENSP00000393312,0.999,STRING
TLR7,MYD88,9606.ENSP00000370034,9606.ENSP00000498321,0.999,STRING
PSMD7,PSMC5,9606.ENSP00000219313,9606.ENSP00000310572,0.999,STRING
CD274,CTLA4,9606.ENSP00000370989,9606.ENSP00000497102,0.999,STRING
PSMD7,PSMB1,9606.ENSP00000219313,9606.ENSP00000262193,0.999,STRING
PSMD7,PSMD13,9606.ENSP00000219313,9606.ENSP00000396937,0.999,STRING
PSMD7,PSMA5,9606.ENSP00000219313,9606.ENSP00000271308,0.999,STRING
PSMD7,PSMD2,9606.ENSP00000219313,9606.ENSP00000310129,0.999,STRING
PSMD7,PSMD14,9606.ENSP00000219313,9606.ENSP00000386541,0.999,STRING
PSMD7,PSMC1,9606.ENSP00000219313,9606.ENSP00000261303,0.999,STRING
PSMD7,PSMD1,9606.ENSP00000219313,9606.ENSP00000309474,0.999,STRING
PSMD7,PSMB2,9606.ENSP00000219313,9606.ENSP00000362334,0.999,STRING
PSMD7,PSMC6,9606.ENSP00000219313,9606.ENSP00000484998,0.999,STRING
PSMD7,PSMC3,9606.ENSP00000219313,9606.ENSP00000481029,0.999,STRING
FGF10,FGFR2,9606.ENSP00000264664,9606.ENSP00000410294,0.999,STRING
PSMD7,PSMD11,9606.ENSP00000219313,9606.ENSP00000261712,0.999,STRING
PSMD7,PSMA2,9606.ENSP00000219313,9606.ENSP00000223321,0.999,STRING
PSMD7,PSMD3,9606.ENSP00000219313,9606.ENSP00000264639,0.999,STRING
PSMD7,PSMC2,9606.ENSP00000219313,9606.ENSP00000391211,0.999,STRING
PSMD7,PSMD4,9606.ENSP00000219313,9606.ENSP00000357876,0.999,STRING
PSMD7,PSMB4,9606.ENSP00000219313,9606.ENSP00000290541,0.999,STRING
PSMD7,PSMD6,9606.ENSP00000219313,9606.ENSP00000418695,0.999,STRING
PSMD7,PSMB7,9606.ENSP00000219313,9606.ENSP00000259457,0.999,STRING
PSMD7,PSMA1,9606.ENSP00000219313,9606.ENSP00000414359,0.999,STRING
PSMD7,ADRM1,9606.ENSP00000219313,9606.ENSP00000478877,0.999,STRING
NDUFB7,MT-ND2,9606.ENSP00000215565,9606.ENSP00000355046,0.999,STRING
NDUFB7,NDUFV1,9606.ENSP00000215565,9606.ENSP00000497587,0.999,STRING
NDUFB7,NDUFS3,9606.ENSP00000215565,9606.ENSP00000263774,0.999,STRING
PSMA4,PSMA2,9606.ENSP00000044462,9606.ENSP00000223321,0.999,STRING
PSMD6,PSMC3,9606.ENSP00000418695,9606.ENSP00000481029,0.999,STRING
PSMD6,PSMC6,9606.ENSP00000418695,9606.ENSP00000484998,0.999,STRING
HDAC4,NCOR1,9606.ENSP00000264606,9606.ENSP00000268712,0.999,STRING
PSMA4,PSMD11,9606.ENSP00000044462,9606.ENSP00000261712,0.999,STRING
PSMA4,PSMC5,9606.ENSP00000044462,9606.ENSP00000310572,0.999,STRING
PSMA4,PSMC4,9606.ENSP00000044462,9606.ENSP00000157812,0.999,STRING
PSMA4,PSMC3,9606.ENSP00000044462,9606.ENSP00000481029,0.999,STRING
PSMA4,PSMA7,9606.ENSP00000044462,9606.ENSP00000359910,0.999,STRING
PSMA4,PSMC2,9606.ENSP00000044462,9606.ENSP00000391211,0.999,STRING
PSMA4,PSMD4,9606.ENSP00000044462,9606.ENSP00000357876,0.999,STRING
PSMA4,PSMB7,9606.ENSP00000044462,9606.ENSP00000259457,0.999,STRING
NDUFA3,NDUFV1,9606.ENSP00000418438,9606.ENSP00000497587,0.999,STRING
PSMA4,PSMD6,9606.ENSP00000044462,9606.ENSP00000418695,0.999,STRING
PSMA4,PSMB5,9606.ENSP00000044462,9606.ENSP00000355325,0.999,STRING
PSMA4,PSMB4,9606.ENSP00000044462,9606.ENSP00000290541,0.999,STRING
PSMA4,PSMB6,9606.ENSP00000044462,9606.ENSP00000270586,0.999,STRING
PSMA4,PSMA1,9606.ENSP00000044462,9606.ENSP00000414359,0.999,STRING
PSMA4,PSMA6,9606.ENSP00000044462,9606.ENSP00000261479,0.999,STRING
PSMA4,PSMB1,9606.ENSP00000044462,9606.ENSP00000262193,0.999,STRING
PSMA4,PSMD7,9606.ENSP00000044462,9606.ENSP00000219313,0.999,STRING
PSMA4,PSMD2,9606.ENSP00000044462,9606.ENSP00000310129,0.999,STRING
PSMA4,PSMA5,9606.ENSP00000044462,9606.ENSP00000271308,0.999,STRING
PSMD6,ADRM1,9606.ENSP00000418695,9606.ENSP00000478877,0.999,STRING
NDUFA3,NDUFA6,9606.ENSP00000418438,9606.ENSP00000482543,0.999,STRING
PSMA4,PSMD1,9606.ENSP00000044462,9606.ENSP00000309474,0.999,STRING
PSMC4,PSMD13,9606.ENSP00000157812,9606.ENSP00000396937,0.999,STRING
PSMC4,PSMA1,9606.ENSP00000157812,9606.ENSP00000414359,0.999,STRING
PSMC4,ADRM1,9606.ENSP00000157812,9606.ENSP00000478877,0.999,STRING
PSMC4,PSMB5,9606.ENSP00000157812,9606.ENSP00000355325,0.999,STRING
PSMC4,PSMB4,9606.ENSP00000157812,9606.ENSP00000290541,0.999,STRING
PSMC4,PSMD6,9606.ENSP00000157812,9606.ENSP00000418695,0.999,STRING
PSMC4,PSMA5,9606.ENSP00000157812,9606.ENSP00000271308,0.999,STRING
PSMC4,PSMD2,9606.ENSP00000157812,9606.ENSP00000310129,0.999,STRING
PSMC4,PSMB1,9606.ENSP00000157812,9606.ENSP00000262193,0.999,STRING
PSMC4,PSMD7,9606.ENSP00000157812,9606.ENSP00000219313,0.999,STRING
PSMC4,PSMA6,9606.ENSP00000157812,9606.ENSP00000261479,0.999,STRING
PSMC4,PSMD8,9606.ENSP00000157812,9606.ENSP00000215071,0.999,STRING
NDUFA3,NDUFC1,9606.ENSP00000418438,9606.ENSP00000441126,0.999,STRING
PSMC4,PSMC6,9606.ENSP00000157812,9606.ENSP00000484998,0.999,STRING
PSMC4,PSMC1,9606.ENSP00000157812,9606.ENSP00000261303,0.999,STRING
PSMC4,PSMD14,9606.ENSP00000157812,9606.ENSP00000386541,0.999,STRING
PSMC4,PSMD1,9606.ENSP00000157812,9606.ENSP00000309474,0.999,STRING
PSMC4,PSMB2,9606.ENSP00000157812,9606.ENSP00000362334,0.999,STRING
NDUFA5,NDUFA13,9606.ENSP00000417142,9606.ENSP00000423673,0.999,STRING
HFE,B2M,9606.ENSP00000417404,9606.ENSP00000497910,0.999,STRING
KCNQ1,CALM3,9606.ENSP00000155840,9606.ENSP00000291295,0.999,STRING
NDUFA3,NDUFA13,9606.ENSP00000418438,9606.ENSP00000423673,0.999,STRING
NDUFA3,NDUFAB1,9606.ENSP00000418438,9606.ENSP00000458770,0.999,STRING
PSMA4,PSMB2,9606.ENSP00000044462,9606.ENSP00000362334,0.999,STRING
PSMA4,PSMB9,9606.ENSP00000044462,9606.ENSP00000363993,0.999,STRING
NDUFB7,MT-ND1,9606.ENSP00000215565,9606.ENSP00000354687,0.999,STRING
NDUFA6,NDUFV1,9606.ENSP00000482543,9606.ENSP00000497587,0.999,STRING
NDUFAB1,NDUFA6,9606.ENSP00000458770,9606.ENSP00000482543,0.999,STRING
NDUFAB1,NDUFV1,9606.ENSP00000458770,9606.ENSP00000497587,0.999,STRING
NDUFAB1,NDUFB1,9606.ENSP00000458770,9606.ENSP00000483888,0.999,STRING
POLD1,POLD2,9606.ENSP00000472445,9606.ENSP00000480186,0.999,STRING
FBXW7,MYC,9606.ENSP00000474725,9606.ENSP00000478887,0.999,STRING
ADRM1,PSMC6,9606.ENSP00000478877,9606.ENSP00000484998,0.999,STRING
PSMC3,PSMC6,9606.ENSP00000481029,9606.ENSP00000484998,0.999,STRING
PSMD3,ADRM1,9606.ENSP00000264639,9606.ENSP00000478877,0.999,STRING
PSMD3,PSMD6,9606.ENSP00000264639,9606.ENSP00000418695,0.999,STRING
PLCG2,BTK,9606.ENSP00000482457,9606.ENSP00000483570,0.999,STRING
NDUFA6,NDUFB1,9606.ENSP00000482543,9606.ENSP00000483888,0.999,STRING
NDUFC1,NDUFA6,9606.ENSP00000441126,9606.ENSP00000482543,0.999,STRING
PSMD3,PSMD4,9606.ENSP00000264639,9606.ENSP00000357876,0.999,STRING
TCF7L2,CTNNB1,9606.ENSP00000486891,9606.ENSP00000495360,0.999,STRING
PSMD3,PSMC2,9606.ENSP00000264639,9606.ENSP00000391211,0.999,STRING
PSMD3,PSMC3,9606.ENSP00000264639,9606.ENSP00000481029,0.999,STRING
PSMD3,PSMC5,9606.ENSP00000264639,9606.ENSP00000310572,0.999,STRING
PSMD3,PSMC6,9606.ENSP00000264639,9606.ENSP00000484998,0.999,STRING
PSMD3,SEM1,9606.ENSP00000264639,9606.ENSP00000481021,0.999,STRING
PSMD3,PSMD1,9606.ENSP00000264639,9606.ENSP00000309474,0.999,STRING
SOCS1,JAK1,9606.ENSP00000496577,9606.ENSP00000499900,0.999,STRING
PSMD3,PSMD14,9606.ENSP00000264639,9606.ENSP00000386541,0.999,STRING
NDUFC1,NDUFAB1,9606.ENSP00000441126,9606.ENSP00000458770,0.999,STRING
JAK3,JAK1,9606.ENSP00000432511,9606.ENSP00000499900,0.999,STRING
PSMA4,PSMD14,9606.ENSP00000044462,9606.ENSP00000386541,0.999,STRING
CD4,LCK,9606.ENSP00000011653,9606.ENSP00000477713,0.999,STRING
PSMA4,PSMB8,9606.ENSP00000044462,9606.ENSP00000364016,0.999,STRING
PSMA4,PSMC1,9606.ENSP00000044462,9606.ENSP00000261303,0.999,STRING
PSMA4,PSMA3,9606.ENSP00000044462,9606.ENSP00000216455,0.999,STRING
PSMA4,PSMC6,9606.ENSP00000044462,9606.ENSP00000484998,0.999,STRING
PSMA4,PSMD8,9606.ENSP00000044462,9606.ENSP00000215071,0.999,STRING
BRCA1,MYC,9606.ENSP00000418960,9606.ENSP00000478887,0.999,STRING
SLC7A9,SLC3A1,9606.ENSP00000023064,9606.ENSP00000260649,0.999,STRING
CD4,CXCR4,9606.ENSP00000011653,9606.ENSP00000386884,0.999,STRING
CD4,CD8A,9606.ENSP00000011653,9606.ENSP00000386559,0.999,STRING
CD4,CCR5,9606.ENSP00000011653,9606.ENSP00000292303,0.999,STRING
PSMD3,PSMD13,9606.ENSP00000264639,9606.ENSP00000396937,0.999,STRING
TYK2,SOCS1,9606.ENSP00000431885,9606.ENSP00000496577,0.999,STRING
NDUFB2,NDUFA6,9606.ENSP00000419087,9606.ENSP00000482543,0.999,STRING
NDUFB2,NDUFAB1,9606.ENSP00000419087,9606.ENSP00000458770,0.999,STRING
PIK3CG,PIK3R1,9606.ENSP00000419260,9606.ENSP00000428056,0.999,STRING
RXRA,NR1H4,9606.ENSP00000419692,9606.ENSP00000447149,0.999,STRING
RAD51B,RAD51D,9606.ENSP00000419881,9606.ENSP00000466399,0.999,STRING
NDUFA13,NDUFV1,9606.ENSP00000423673,9606.ENSP00000497587,0.999,STRING
NDUFA13,NDUFAB1,9606.ENSP00000423673,9606.ENSP00000458770,0.999,STRING
NDUFA13,NDUFA6,9606.ENSP00000423673,9606.ENSP00000482543,0.999,STRING
PIK3R1,PIK3CB,9606.ENSP00000428056,9606.ENSP00000501150,0.999,STRING
GRIA1,GRIA3,9606.ENSP00000428994,9606.ENSP00000481554,0.999,STRING
PSMC4,PSMD11,9606.ENSP00000157812,9606.ENSP00000261712,0.999,STRING
PSMC4,PSMC5,9606.ENSP00000157812,9606.ENSP00000310572,0.999,STRING
PSMC4,PSMC3,9606.ENSP00000157812,9606.ENSP00000481029,0.999,STRING
NDUFB4,NDUFB6,9606.ENSP00000184266,9606.ENSP00000369176,0.999,STRING
PSMD8,PSMC1,9606.ENSP00000215071,9606.ENSP00000261303,0.999,STRING
RAF1,HRAS,9606.ENSP00000401888,9606.ENSP00000407586,0.999,STRING
RAF1,BRAF,9606.ENSP00000401888,9606.ENSP00000419060,0.999,STRING
NDUFB4,NDUFV3,9606.ENSP00000184266,9606.ENSP00000346196,0.999,STRING
NDUFB4,NDUFS2,9606.ENSP00000184266,9606.ENSP00000356972,0.999,STRING
NDUFB4,NDUFS5,9606.ENSP00000184266,9606.ENSP00000362058,0.999,STRING
NDUFB4,NDUFA2,9606.ENSP00000184266,9606.ENSP00000252102,0.999,STRING
NDUFB4,NDUFA8,9606.ENSP00000184266,9606.ENSP00000362873,0.999,STRING
NDUFB4,NDUFS8,9606.ENSP00000184266,9606.ENSP00000315774,0.999,STRING
NDUFB4,NDUFA10,9606.ENSP00000184266,9606.ENSP00000252711,0.999,STRING
NDUFB4,NDUFS7,9606.ENSP00000184266,9606.ENSP00000233627,0.999,STRING
PSMD8,PSMD1,9606.ENSP00000215071,9606.ENSP00000309474,0.999,STRING
NDUFB4,NDUFB1,9606.ENSP00000184266,9606.ENSP00000483888,0.999,STRING
NDUFB4,NDUFA7,9606.ENSP00000184266,9606.ENSP00000301457,0.999,STRING
NDUFB4,NDUFS4,9606.ENSP00000184266,9606.ENSP00000296684,0.999,STRING
NDUFB4,NDUFB7,9606.ENSP00000184266,9606.ENSP00000215565,0.999,STRING
NDUFB4,NDUFA11,9606.ENSP00000184266,9606.ENSP00000389160,0.999,STRING
NDUFB4,NDUFA1,9606.ENSP00000184266,9606.ENSP00000360492,0.999,STRING
NDUFB4,NDUFB9,9606.ENSP00000184266,9606.ENSP00000276689,0.999,STRING
NDUFB4,NDUFA3,9606.ENSP00000184266,9606.ENSP00000418438,0.999,STRING
NDUFB4,NDUFV1,9606.ENSP00000184266,9606.ENSP00000497587,0.999,STRING
NDUFB4,NDUFS3,9606.ENSP00000184266,9606.ENSP00000263774,0.999,STRING
PSMD8,PSMD14,9606.ENSP00000215071,9606.ENSP00000386541,0.999,STRING
PSMD8,PSMB2,9606.ENSP00000215071,9606.ENSP00000362334,0.999,STRING
PSMC4,PSMC2,9606.ENSP00000157812,9606.ENSP00000391211,0.999,STRING
PSMD8,PSMD11,9606.ENSP00000215071,9606.ENSP00000261712,0.999,STRING
NDUFB7,NDUFB9,9606.ENSP00000215565,9606.ENSP00000276689,0.999,STRING
NDUFB7,NDUFA3,9606.ENSP00000215565,9606.ENSP00000418438,0.999,STRING
NDUFB7,NDUFA11,9606.ENSP00000215565,9606.ENSP00000389160,0.999,STRING
NDUFB7,NDUFA1,9606.ENSP00000215565,9606.ENSP00000360492,0.999,STRING
NDUFB7,NDUFS4,9606.ENSP00000215565,9606.ENSP00000296684,0.999,STRING
NDUFB7,NDUFA7,9606.ENSP00000215565,9606.ENSP00000301457,0.999,STRING
PSMD8,PSMC2,9606.ENSP00000215071,9606.ENSP00000391211,0.999,STRING
PSMD8,PSMD4,9606.ENSP00000215071,9606.ENSP00000357876,0.999,STRING
PSMD8,PSMA2,9606.ENSP00000215071,9606.ENSP00000223321,0.999,STRING
PSMD8,PSMD3,9606.ENSP00000215071,9606.ENSP00000264639,0.999,STRING
PSMD8,PSMC5,9606.ENSP00000215071,9606.ENSP00000310572,0.999,STRING
PSMD8,PSMC6,9606.ENSP00000215071,9606.ENSP00000484998,0.999,STRING
PSMD8,PSMC3,9606.ENSP00000215071,9606.ENSP00000481029,0.999,STRING
PSMD8,ADRM1,9606.ENSP00000215071,9606.ENSP00000478877,0.999,STRING
PSMD8,PSMB6,9606.ENSP00000215071,9606.ENSP00000270586,0.999,STRING
PSMD8,PSMA1,9606.ENSP00000215071,9606.ENSP00000414359,0.999,STRING
PSMD8,PSMD6,9606.ENSP00000215071,9606.ENSP00000418695,0.999,STRING
PSMD8,PSMB4,9606.ENSP00000215071,9606.ENSP00000290541,0.999,STRING
PSMD8,PSMD2,9606.ENSP00000215071,9606.ENSP00000310129,0.999,STRING
PSMD8,PSMD13,9606.ENSP00000215071,9606.ENSP00000396937,0.999,STRING
PSMD8,PSMD7,9606.ENSP00000215071,9606.ENSP00000219313,0.999,STRING
PSMD8,PSMA3,9606.ENSP00000215071,9606.ENSP00000216455,0.999,STRING
NDUFB4,NDUFA12,9606.ENSP00000184266,9606.ENSP00000330737,0.999,STRING
NDUFB4,NDUFB2,9606.ENSP00000184266,9606.ENSP00000419087,0.999,STRING
NDUFB4,NDUFS6,9606.ENSP00000184266,9606.ENSP00000274137,0.999,STRING
PSMA1,PSMC6,9606.ENSP00000414359,9606.ENSP00000484998,0.999,STRING
TNFRSF1A,MAP3K7,9606.ENSP00000162749,9606.ENSP00000358335,0.999,STRING
TNFRSF1A,FAS,9606.ENSP00000162749,9606.ENSP00000498466,0.999,STRING
TNFRSF1A,RIPK1,9606.ENSP00000162749,9606.ENSP00000259808,0.999,STRING
TNFRSF1A,CHUK,9606.ENSP00000162749,9606.ENSP00000359424,0.999,STRING
TNFRSF1A,TNF,9606.ENSP00000162749,9606.ENSP00000398698,0.999,STRING
NDUFB3,NDUFV1,9606.ENSP00000407336,9606.ENSP00000497587,0.999,STRING
HRAS,BRAF,9606.ENSP00000407586,9606.ENSP00000419060,0.999,STRING
FCGRT,B2M,9606.ENSP00000410798,9606.ENSP00000497910,0.999,STRING
BDNF,NTRK1,9606.ENSP00000414303,9606.ENSP00000431418,0.999,STRING
RPS24,RPS19,9606.ENSP00000414321,9606.ENSP00000470972,0.999,STRING
PSMA1,PSMD6,9606.ENSP00000414359,9606.ENSP00000418695,0.999,STRING
NDUFB4,NDUFA6,9606.ENSP00000184266,9606.ENSP00000482543,0.999,STRING
PSMA1,PSMC3,9606.ENSP00000414359,9606.ENSP00000481029,0.999,STRING
SERPINA1,ELANE,9606.ENSP00000416066,9606.ENSP00000466090,0.999,STRING
NDUFA5,NDUFA3,9606.ENSP00000417142,9606.ENSP00000418438,0.999,STRING
NDUFA5,NDUFV1,9606.ENSP00000417142,9606.ENSP00000497587,0.999,STRING
NDUFA5,NDUFA6,9606.ENSP00000417142,9606.ENSP00000482543,0.999,STRING
NDUFA5,NDUFC1,9606.ENSP00000417142,9606.ENSP00000441126,0.999,STRING
NDUFA5,NDUFAB1,9606.ENSP00000417142,9606.ENSP00000458770,0.999,STRING
PSMC4,PSMD3,9606.ENSP00000157812,9606.ENSP00000264639,0.999,STRING
PSMC4,PSMA2,9606.ENSP00000157812,9606.ENSP00000223321,0.999,STRING
PSMC4,PSMD4,9606.ENSP00000157812,9606.ENSP00000357876,0.999,STRING
NDUFB3,NDUFA3,9606.ENSP00000407336,9606.ENSP00000418438,0.999,STRING
NDUFB3,NDUFB1,9606.ENSP00000407336,9606.ENSP00000483888,0.999,STRING
NDUFB3,NDUFC1,9606.ENSP00000407336,9606.ENSP00000441126,0.999,STRING
NDUFB3,NDUFAB1,9606.ENSP00000407336,9606.ENSP00000458770,0.999,STRING
NDUFB4,NDUFB11,9606.ENSP00000184266,9606.ENSP00000276062,0.999,STRING
NDUFB4,NDUFB8,9606.ENSP00000184266,9606.ENSP00000299166,0.999,STRING
NDUFB4,NDUFA5,9606.ENSP00000184266,9606.ENSP00000417142,0.999,STRING
NDUFB4,NDUFA9,9606.ENSP00000184266,9606.ENSP00000266544,0.999,STRING
NDUFB4,MT-ND5,9606.ENSP00000184266,9606.ENSP00000354813,0.999,STRING
NDUFB4,NDUFC1,9606.ENSP00000184266,9606.ENSP00000441126,0.999,STRING
NDUFB4,NDUFV2,9606.ENSP00000184266,9606.ENSP00000327268,0.999,STRING
NDUFB4,NDUFS1,9606.ENSP00000184266,9606.ENSP00000392709,0.999,STRING
NDUFB4,NDUFAB1,9606.ENSP00000184266,9606.ENSP00000458770,0.999,STRING
NDUFB4,NDUFB3,9606.ENSP00000184266,9606.ENSP00000407336,0.999,STRING
NDUFB4,NDUFC2,9606.ENSP00000184266,9606.ENSP00000281031,0.999,STRING
NDUFB4,NDUFA13,9606.ENSP00000184266,9606.ENSP00000423673,0.999,STRING
NDUFB4,NDUFB5,9606.ENSP00000184266,9606.ENSP00000259037,0.999,STRING
NDUFB4,MT-ND4,9606.ENSP00000184266,9606.ENSP00000354961,0.999,STRING
ESR1,IGF1R,9606.ENSP00000405330,9606.ENSP00000497069,0.999,STRING
ESR1,BRCA1,9606.ENSP00000405330,9606.ENSP00000418960,0.999,STRING
MAP2K5,MAP3K3,9606.ENSP00000178640,9606.ENSP00000354927,0.999,STRING
NDUFB3,NDUFA5,9606.ENSP00000407336,9606.ENSP00000417142,0.999,STRING
NDUFB3,NDUFA6,9606.ENSP00000407336,9606.ENSP00000482543,0.999,STRING
NDUFB3,NDUFB2,9606.ENSP00000407336,9606.ENSP00000419087,0.999,STRING
NDUFB3,NDUFA13,9606.ENSP00000407336,9606.ENSP00000423673,0.999,STRING
NDUFA8,NDUFA13,9606.ENSP00000362873,9606.ENSP00000423673,0.999,STRING
TP53,CDKN2A,9606.ENSP00000269305,9606.ENSP00000418915,0.999,STRING
PSMA2,PSMB9,9606.ENSP00000223321,9606.ENSP00000363993,0.999,STRING
NDUFS5,NDUFB6,9606.ENSP00000362058,9606.ENSP00000369176,0.999,STRING
PSMA2,PSMA5,9606.ENSP00000223321,9606.ENSP00000271308,0.999,STRING
NDUFS5,NDUFA13,9606.ENSP00000362058,9606.ENSP00000423673,0.999,STRING
NDUFA8,NDUFA3,9606.ENSP00000362873,9606.ENSP00000418438,0.999,STRING
MPO,ELANE,9606.ENSP00000225275,9606.ENSP00000466090,0.999,STRING
PSMA2,PSMD2,9606.ENSP00000223321,9606.ENSP00000310129,0.999,STRING
NDUFA8,NDUFA11,9606.ENSP00000362873,9606.ENSP00000389160,0.999,STRING
NDUFS5,NDUFB3,9606.ENSP00000362058,9606.ENSP00000407336,0.999,STRING
PSMA2,PSMD1,9606.ENSP00000223321,9606.ENSP00000309474,0.999,STRING
NDUFS5,NDUFS1,9606.ENSP00000362058,9606.ENSP00000392709,0.999,STRING
NDUFS5,NDUFAB1,9606.ENSP00000362058,9606.ENSP00000458770,0.999,STRING
PSMA2,PSMB8,9606.ENSP00000223321,9606.ENSP00000364016,0.999,STRING
NDUFA8,NDUFB1,9606.ENSP00000362873,9606.ENSP00000483888,0.999,STRING
PSMA2,PSMD6,9606.ENSP00000223321,9606.ENSP00000418695,0.999,STRING
CBL,SRC,9606.ENSP00000264033,9606.ENSP00000362680,0.999,STRING
GRIN1,GRIN2B,9606.ENSP00000360608,9606.ENSP00000477455,0.999,STRING
PSMA2,PSMC5,9606.ENSP00000223321,9606.ENSP00000310572,0.999,STRING
PSMA2,PSMC3,9606.ENSP00000223321,9606.ENSP00000481029,0.999,STRING
PSMA2,PSMD13,9606.ENSP00000223321,9606.ENSP00000396937,0.999,STRING
PSMA2,PSMA6,9606.ENSP00000223321,9606.ENSP00000261479,0.999,STRING
PSMA2,PSMB1,9606.ENSP00000223321,9606.ENSP00000262193,0.999,STRING
NDUFS5,NDUFA5,9606.ENSP00000362058,9606.ENSP00000417142,0.999,STRING
PSMA2,PSMB4,9606.ENSP00000223321,9606.ENSP00000290541,0.999,STRING
PSMA2,PSMB5,9606.ENSP00000223321,9606.ENSP00000355325,0.999,STRING
PSMA2,PSMB7,9606.ENSP00000223321,9606.ENSP00000259457,0.999,STRING
PSMA2,PSMA1,9606.ENSP00000223321,9606.ENSP00000414359,0.999,STRING
PSMA2,PSMA7,9606.ENSP00000223321,9606.ENSP00000359910,0.999,STRING
PSMA2,PSMB6,9606.ENSP00000223321,9606.ENSP00000270586,0.999,STRING
NDUFS5,NDUFA6,9606.ENSP00000362058,9606.ENSP00000482543,0.999,STRING
PSMA2,PSMC2,9606.ENSP00000223321,9606.ENSP00000391211,0.999,STRING
CARD9,SYK,9606.ENSP00000360797,9606.ENSP00000364898,0.999,STRING
PSMA2,PSMD4,9606.ENSP00000223321,9606.ENSP00000357876,0.999,STRING
PSMA2,PSMB10,9606.ENSP00000223321,9606.ENSP00000351314,0.999,STRING
PSMA2,PSMD11,9606.ENSP00000223321,9606.ENSP00000261712,0.999,STRING
HDAC1,MECP2,9606.ENSP00000362649,9606.ENSP00000395535,0.999,STRING
NDUFA8,NDUFV1,9606.ENSP00000362873,9606.ENSP00000497587,0.999,STRING
HDAC1,HDAC2,9606.ENSP00000362649,9606.ENSP00000430432,0.999,STRING
HGF,MET,9606.ENSP00000222390,9606.ENSP00000317272,0.999,STRING
GSK3A,AXIN1,9606.ENSP00000222330,9606.ENSP00000262320,0.999,STRING
CBL,MET,9606.ENSP00000264033,9606.ENSP00000317272,0.999,STRING
SRC,ESR1,9606.ENSP00000362680,9606.ENSP00000405330,0.999,STRING
PSMB2,PSMC2,9606.ENSP00000362334,9606.ENSP00000391211,0.999,STRING
NDUFS5,NDUFA3,9606.ENSP00000362058,9606.ENSP00000418438,0.999,STRING
PSMB2,PSMB8,9606.ENSP00000362334,9606.ENSP00000364016,0.999,STRING
ENG,ACVRL1,9606.ENSP00000362299,9606.ENSP00000373574,0.999,STRING
NDUFS5,NDUFV1,9606.ENSP00000362058,9606.ENSP00000497587,0.999,STRING
PSMB2,PSMD13,9606.ENSP00000362334,9606.ENSP00000396937,0.999,STRING
PSMB2,PSMA1,9606.ENSP00000362334,9606.ENSP00000414359,0.999,STRING
PSMB2,PSMD6,9606.ENSP00000362334,9606.ENSP00000418695,0.999,STRING
PSMB2,PSMC3,9606.ENSP00000362334,9606.ENSP00000481029,0.999,STRING
PSMB2,PSMD14,9606.ENSP00000362334,9606.ENSP00000386541,0.999,STRING
NDUFS5,NDUFA8,9606.ENSP00000362058,9606.ENSP00000362873,0.999,STRING
EPOR,JAK2,9606.ENSP00000222139,9606.ENSP00000371067,0.999,STRING
PSMA2,PSMC6,9606.ENSP00000223321,9606.ENSP00000484998,0.999,STRING
SRC,SYK,9606.ENSP00000362680,9606.ENSP00000364898,0.999,STRING
PSMA2,PSMB2,9606.ENSP00000223321,9606.ENSP00000362334,0.999,STRING
PSMA2,PSMC1,9606.ENSP00000223321,9606.ENSP00000261303,0.999,STRING
PSMA2,PSMD14,9606.ENSP00000223321,9606.ENSP00000386541,0.999,STRING
NDUFS5,NDUFA11,9606.ENSP00000362058,9606.ENSP00000389160,0.999,STRING
PSMA2,PSMD3,9606.ENSP00000223321,9606.ENSP00000264639,0.999,STRING
PSMB2,PSMC6,9606.ENSP00000362334,9606.ENSP00000484998,0.999,STRING
SRC,CTNNB1,9606.ENSP00000362680,9606.ENSP00000495360,0.999,STRING
GCK,GCKR,9606.ENSP00000223366,9606.ENSP00000264717,0.999,STRING
PSMB2,PSMB9,9606.ENSP00000362334,9606.ENSP00000363993,0.999,STRING
CCND1,CDKN2A,9606.ENSP00000227507,9606.ENSP00000418915,0.998,STRING
APP,PRNP,9606.ENSP00000284981,9606.ENSP00000399376,0.998,STRING
CACNA1C,CACNA2D1,9606.ENSP00000266376,9606.ENSP00000349320,0.998,STRING
STAT3,JAK3,9606.ENSP00000264657,9606.ENSP00000432511,0.998,STRING
NDUFV2,NDUFB1,9606.ENSP00000327268,9606.ENSP00000483888,0.998,STRING
FKBP1A,ACVR1,9606.ENSP00000383003,9606.ENSP00000405004,0.998,STRING
NDUFV2,MT-ND4L,9606.ENSP00000327268,9606.ENSP00000354728,0.998,STRING
STAT3,STAT5B,9606.ENSP00000264657,9606.ENSP00000293328,0.998,STRING
PIK3CA,AKT1,9606.ENSP00000263967,9606.ENSP00000451828,0.998,STRING
PSMB6,PSMD13,9606.ENSP00000270586,9606.ENSP00000396937,0.998,STRING
ESR2,ESR1,9606.ENSP00000343925,9606.ENSP00000405330,0.998,STRING
EZH2,ASXL1,9606.ENSP00000320147,9606.ENSP00000364839,0.998,STRING
SCN3A,SCN1B,9606.ENSP00000283254,9606.ENSP00000396915,0.998,STRING
PSMD8,PSMA6,9606.ENSP00000215071,9606.ENSP00000261479,0.998,STRING
PSMD8,PSMA5,9606.ENSP00000215071,9606.ENSP00000271308,0.998,STRING
NDUFB8,NDUFC1,9606.ENSP00000299166,9606.ENSP00000441126,0.998,STRING
FYN,LCK,9606.ENSP00000346671,9606.ENSP00000477713,0.998,STRING
NDUFS6,NDUFB1,9606.ENSP00000274137,9606.ENSP00000483888,0.998,STRING
ERBB3,PIK3R1,9606.ENSP00000267101,9606.ENSP00000428056,0.998,STRING
SRC,ITGB3,9606.ENSP00000362680,9606.ENSP00000452786,0.998,STRING
SMARCA4,CTNNB1,9606.ENSP00000343896,9606.ENSP00000495360,0.998,STRING
ATP1B1,ATP1A3,9606.ENSP00000356790,9606.ENSP00000444688,0.998,STRING
PSEN1,NOTCH1,9606.ENSP00000326366,9606.ENSP00000498587,0.998,STRING
NDUFV3,MT-ND2,9606.ENSP00000346196,9606.ENSP00000355046,0.998,STRING
CCND1,RB1,9606.ENSP00000227507,9606.ENSP00000267163,0.998,STRING
KCNQ5,KCNQ3,9606.ENSP00000345055,9606.ENSP00000373648,0.998,STRING
NDUFA10,NDUFC1,9606.ENSP00000252711,9606.ENSP00000441126,0.998,STRING
NDUFB2,NDUFB1,9606.ENSP00000419087,9606.ENSP00000483888,0.998,STRING
NDUFB2,NDUFC1,9606.ENSP00000419087,9606.ENSP00000441126,0.998,STRING
NDUFA9,NDUFA1,9606.ENSP00000266544,9606.ENSP00000360492,0.998,STRING
RPS27A,ADRM1,9606.ENSP00000272317,9606.ENSP00000478877,0.998,STRING
GJA1,SRC,9606.ENSP00000282561,9606.ENSP00000362680,0.998,STRING
BARD1,NBN,9606.ENSP00000260947,9606.ENSP00000265433,0.998,STRING
NFKB1,EP300,9606.ENSP00000226574,9606.ENSP00000263253,0.998,STRING
KDR,SRC,9606.ENSP00000263923,9606.ENSP00000362680,0.998,STRING
ERBB3,TGFA,9606.ENSP00000267101,9606.ENSP00000404131,0.998,STRING
SRC,PIK3R1,9606.ENSP00000362680,9606.ENSP00000428056,0.998,STRING
AURKA,TP53,9606.ENSP00000216911,9606.ENSP00000269305,0.998,STRING
NDUFV3,MT-ND5,9606.ENSP00000346196,9606.ENSP00000354813,0.998,STRING
NDUFV3,NDUFB2,9606.ENSP00000346196,9606.ENSP00000419087,0.998,STRING
APOA1,ALB,9606.ENSP00000236850,9606.ENSP00000295897,0.998,STRING
PSMB6,PSMC3,9606.ENSP00000270586,9606.ENSP00000481029,0.998,STRING
PSMB6,PSMC2,9606.ENSP00000270586,9606.ENSP00000391211,0.998,STRING
ARID1A,ARID2,9606.ENSP00000320485,9606.ENSP00000335044,0.998,STRING
NDUFV3,MT-ND4,9606.ENSP00000346196,9606.ENSP00000354961,0.998,STRING
NDUFV3,MT-ND1,9606.ENSP00000346196,9606.ENSP00000354687,0.998,STRING
IL5,IL1B,9606.ENSP00000231454,9606.ENSP00000263341,0.998,STRING
PSMD8,PSMB1,9606.ENSP00000215071,9606.ENSP00000262193,0.998,STRING
SRC,PTPN11,9606.ENSP00000362680,9606.ENSP00000489597,0.998,STRING
MT-ND5,NDUFA3,9606.ENSP00000354813,9606.ENSP00000418438,0.998,STRING
HDAC1,ESR1,9606.ENSP00000362649,9606.ENSP00000405330,0.998,STRING
CD86,CD40LG,9606.ENSP00000332049,9606.ENSP00000359663,0.998,STRING
NDUFB6,NDUFC1,9606.ENSP00000369176,9606.ENSP00000441126,0.998,STRING
HRAS,PIK3CG,9606.ENSP00000407586,9606.ENSP00000419260,0.998,STRING
MAP2K2,BRAF,9606.ENSP00000262948,9606.ENSP00000419060,0.998,STRING
ADRM1,PSMC3,9606.ENSP00000478877,9606.ENSP00000481029,0.998,STRING
PSMB4,PSMD1,9606.ENSP00000290541,9606.ENSP00000309474,0.998,STRING
PSMB4,PSMA8,9606.ENSP00000290541,9606.ENSP00000311121,0.998,STRING
NDUFS3,NDUFB1,9606.ENSP00000263774,9606.ENSP00000483888,0.998,STRING
GRIN3B,GRIN2A,9606.ENSP00000234389,9606.ENSP00000332549,0.998,STRING
PTK2,FYN,9606.ENSP00000341189,9606.ENSP00000346671,0.998,STRING
CD80,CD40LG,9606.ENSP00000264246,9606.ENSP00000359663,0.998,STRING
ALB,SERPINA1,9606.ENSP00000295897,9606.ENSP00000416066,0.998,STRING
PSMB4,PSMD2,9606.ENSP00000290541,9606.ENSP00000310129,0.998,STRING
MT-ND4L,NDUFA13,9606.ENSP00000354728,9606.ENSP00000423673,0.998,STRING
PSMB4,PSMC3,9606.ENSP00000290541,9606.ENSP00000481029,0.998,STRING
SMAD4,TGFBR1,9606.ENSP00000341551,9606.ENSP00000447297,0.998,STRING
SMAD4,CTNNB1,9606.ENSP00000341551,9606.ENSP00000495360,0.998,STRING
TNFRSF1A,CASP8,9606.ENSP00000162749,9606.ENSP00000351273,0.998,STRING
MT-ND4L,NDUFA8,9606.ENSP00000354728,9606.ENSP00000362873,0.998,STRING
SMAD3,TGFBR2,9606.ENSP00000332973,9606.ENSP00000351905,0.998,STRING
GRIN2C,GRIN3A,9606.ENSP00000293190,9606.ENSP00000355155,0.998,STRING
GRIN2C,GRIN2B,9606.ENSP00000293190,9606.ENSP00000477455,0.998,STRING
GRIN2C,GRIN2A,9606.ENSP00000293190,9606.ENSP00000332549,0.998,STRING
CALM3,TRPV1,9606.ENSP00000291295,9606.ENSP00000459962,0.998,STRING
CSK,SRC,9606.ENSP00000220003,9606.ENSP00000362680,0.998,STRING
MAP3K7,MAP2K4,9606.ENSP00000358335,9606.ENSP00000410402,0.998,STRING
MT-ND4L,NDUFS1,9606.ENSP00000354728,9606.ENSP00000392709,0.998,STRING
TIE1,ANGPT1,9606.ENSP00000361554,9606.ENSP00000428340,0.998,STRING
CHRNB4,CHRNA3,9606.ENSP00000261751,9606.ENSP00000315602,0.998,STRING
EP300,EPAS1,9606.ENSP00000263253,9606.ENSP00000263734,0.998,STRING
CAV1,ESR1,9606.ENSP00000339191,9606.ENSP00000405330,0.998,STRING
CCR2,CXCL8,9606.ENSP00000292301,9606.ENSP00000306512,0.998,STRING
EPAS1,HIF1A,9606.ENSP00000263734,9606.ENSP00000437955,0.998,STRING
PSMD3,PSMB4,9606.ENSP00000264639,9606.ENSP00000290541,0.998,STRING
NDUFA5,NDUFB2,9606.ENSP00000417142,9606.ENSP00000419087,0.998,STRING
NDUFA5,NDUFB1,9606.ENSP00000417142,9606.ENSP00000483888,0.998,STRING
PSMD11,PSMA1,9606.ENSP00000261712,9606.ENSP00000414359,0.998,STRING
PSMD11,SEM1,9606.ENSP00000261712,9606.ENSP00000481021,0.998,STRING
PSMD3,PSMB2,9606.ENSP00000264639,9606.ENSP00000362334,0.998,STRING
PDCD1,PTPN11,9606.ENSP00000335062,9606.ENSP00000489597,0.998,STRING
PLAT,PLG,9606.ENSP00000220809,9606.ENSP00000308938,0.998,STRING
PSMB4,PSMC5,9606.ENSP00000290541,9606.ENSP00000310572,0.998,STRING
TNFRSF1A,TBK1,9606.ENSP00000162749,9606.ENSP00000329967,0.998,STRING
NDUFS7,MT-ND6,9606.ENSP00000233627,9606.ENSP00000354665,0.998,STRING
PSMA6,PSMD2,9606.ENSP00000261479,9606.ENSP00000310129,0.998,STRING
PSMA6,PSMD13,9606.ENSP00000261479,9606.ENSP00000396937,0.998,STRING
SCN5A,SCN1B,9606.ENSP00000328968,9606.ENSP00000396915,0.998,STRING
VWF,ITGB3,9606.ENSP00000261405,9606.ENSP00000452786,0.998,STRING
GRIK1,GRIK2,9606.ENSP00000327687,9606.ENSP00000397026,0.998,STRING
PSMC4,PSMB7,9606.ENSP00000157812,9606.ENSP00000259457,0.998,STRING
NDUFS4,MT-ND4L,9606.ENSP00000296684,9606.ENSP00000354728,0.998,STRING
JAK2,PTPN11,9606.ENSP00000371067,9606.ENSP00000489597,0.998,STRING
PSMC4,PSMA3,9606.ENSP00000157812,9606.ENSP00000216455,0.998,STRING
FOXA1,ESR1,9606.ENSP00000250448,9606.ENSP00000405330,0.998,STRING
NDUFB4,MT-ND2,9606.ENSP00000184266,9606.ENSP00000355046,0.998,STRING
SMAD2,CTNNB1,9606.ENSP00000262160,9606.ENSP00000495360,0.998,STRING
IFNGR2,JAK1,9606.ENSP00000371425,9606.ENSP00000499900,0.998,STRING
FLT4,PGF,9606.ENSP00000261937,9606.ENSP00000451040,0.998,STRING
NDUFA2,MT-ND4L,9606.ENSP00000252102,9606.ENSP00000354728,0.998,STRING
TLR1,MYD88,9606.ENSP00000354932,9606.ENSP00000498321,0.998,STRING
CD80,PDCD1,9606.ENSP00000264246,9606.ENSP00000335062,0.998,STRING
C3,ITGB2,9606.ENSP00000245907,9606.ENSP00000380948,0.998,STRING
GRIN2D,GRIN2C,9606.ENSP00000263269,9606.ENSP00000293190,0.998,STRING
MT-ND4L,NDUFA6,9606.ENSP00000354728,9606.ENSP00000482543,0.998,STRING
GRIN2D,GRIN2A,9606.ENSP00000263269,9606.ENSP00000332549,0.998,STRING
TNFRSF1A,TNFAIP3,9606.ENSP00000162749,9606.ENSP00000481570,0.998,STRING
PIK3CD,PIK3CB,9606.ENSP00000366563,9606.ENSP00000501150,0.998,STRING
EGFR,CTNNB1,9606.ENSP00000275493,9606.ENSP00000495360,0.998,STRING
CBL,FYN,9606.ENSP00000264033,9606.ENSP00000346671,0.998,STRING
NDUFA1,NDUFC1,9606.ENSP00000360492,9606.ENSP00000441126,0.998,STRING
BMP4,ACVR1,9606.ENSP00000245451,9606.ENSP00000405004,0.998,STRING
PSMD7,PSMA6,9606.ENSP00000219313,9606.ENSP00000261479,0.998,STRING
NDUFA13,NDUFB1,9606.ENSP00000423673,9606.ENSP00000483888,0.998,STRING
NDUFA12,MT-ND4L,9606.ENSP00000330737,9606.ENSP00000354728,0.998,STRING
GRIN2D,GRIN3A,9606.ENSP00000263269,9606.ENSP00000355155,0.998,STRING
PDGFRB,EGFR,9606.ENSP00000261799,9606.ENSP00000275493,0.998,STRING
EGFR,PIK3R1,9606.ENSP00000275493,9606.ENSP00000428056,0.998,STRING
TBK1,TNF,9606.ENSP00000329967,9606.ENSP00000398698,0.998,STRING
PSMC4,PSMA7,9606.ENSP00000157812,9606.ENSP00000359910,0.998,STRING
PSMC4,PSMB6,9606.ENSP00000157812,9606.ENSP00000270586,0.998,STRING
NDUFS5,NDUFB1,9606.ENSP00000362058,9606.ENSP00000483888,0.998,STRING
GRIN2D,GRIN2B,9606.ENSP00000263269,9606.ENSP00000477455,0.998,STRING
ATR,CHEK2,9606.ENSP00000343741,9606.ENSP00000372023,0.998,STRING
NDUFS6,MT-ND4L,9606.ENSP00000274137,9606.ENSP00000354728,0.998,STRING
SMAD2,TGFBR2,9606.ENSP00000262160,9606.ENSP00000351905,0.998,STRING
TGFB2,TGFBR1,9606.ENSP00000355896,9606.ENSP00000447297,0.998,STRING
PSMA4,PSMD13,9606.ENSP00000044462,9606.ENSP00000396937,0.998,STRING
PSMA4,PSMD3,9606.ENSP00000044462,9606.ENSP00000264639,0.998,STRING
TBX5,GATA4,9606.ENSP00000309913,9606.ENSP00000435712,0.998,STRING
SORT1,BDNF,9606.ENSP00000256637,9606.ENSP00000414303,0.998,STRING
NTRK3,NGF,9606.ENSP00000354207,9606.ENSP00000358525,0.998,STRING
PSMD2,PSMA7,9606.ENSP00000310129,9606.ENSP00000359910,0.998,STRING
IL2RB,JAK1,9606.ENSP00000216223,9606.ENSP00000499900,0.998,STRING
HIF1A,CTNNB1,9606.ENSP00000437955,9606.ENSP00000495360,0.998,STRING
CACNB3,CACNA1B,9606.ENSP00000301050,9606.ENSP00000360423,0.998,STRING
PSMC5,PSMA1,9606.ENSP00000310572,9606.ENSP00000414359,0.998,STRING
ERBB2,TGFA,9606.ENSP00000269571,9606.ENSP00000404131,0.998,STRING
CACNG1,CACNA2D1,9606.ENSP00000226021,9606.ENSP00000349320,0.998,STRING
NDUFA8,NDUFC1,9606.ENSP00000362873,9606.ENSP00000441126,0.998,STRING
PSMC5,ADRM1,9606.ENSP00000310572,9606.ENSP00000478877,0.998,STRING
ERBB2,CTNNB1,9606.ENSP00000269571,9606.ENSP00000495360,0.998,STRING
SCN9A,SCN1B,9606.ENSP00000386306,9606.ENSP00000396915,0.998,STRING
PSMB7,PSMD1,9606.ENSP00000259457,9606.ENSP00000309474,0.998,STRING
PSMA7,PSMD14,9606.ENSP00000359910,9606.ENSP00000386541,0.998,STRING
KRAS,PIK3CA,9606.ENSP00000256078,9606.ENSP00000263967,0.998,STRING
KRAS,CALM3,9606.ENSP00000256078,9606.ENSP00000291295,0.998,STRING
PSMB5,PSMD4,9606.ENSP00000355325,9606.ENSP00000357876,0.998,STRING
PSMB5,PSMD14,9606.ENSP00000355325,9606.ENSP00000386541,0.998,STRING
TGFB1,ENG,9606.ENSP00000221930,9606.ENSP00000362299,0.998,STRING
DNMT1,MECP2,9606.ENSP00000352516,9606.ENSP00000395535,0.998,STRING
NDUFC1,NDUFV1,9606.ENSP00000441126,9606.ENSP00000497587,0.998,STRING
CDKN2A,MYC,9606.ENSP00000418915,9606.ENSP00000478887,0.998,STRING
IRAK1,TLR4,9606.ENSP00000358997,9606.ENSP00000363089,0.998,STRING
PSMB1,PSMC5,9606.ENSP00000262193,9606.ENSP00000310572,0.998,STRING
PSMB1,PSMA8,9606.ENSP00000262193,9606.ENSP00000311121,0.998,STRING
NDUFA7,MT-ND2,9606.ENSP00000301457,9606.ENSP00000355046,0.998,STRING
NDUFA7,MT-ND1,9606.ENSP00000301457,9606.ENSP00000354687,0.998,STRING
CD8A,B2M,9606.ENSP00000386559,9606.ENSP00000497910,0.998,STRING
MAPK1,TP53,9606.ENSP00000215832,9606.ENSP00000269305,0.998,STRING
BRIP1,NBN,9606.ENSP00000259008,9606.ENSP00000265433,0.998,STRING
BRIP1,PALB2,9606.ENSP00000259008,9606.ENSP00000261584,0.998,STRING
CD79A,CD19,9606.ENSP00000221972,9606.ENSP00000313419,0.998,STRING
BRIP1,BRCA2,9606.ENSP00000259008,9606.ENSP00000369497,0.998,STRING
MT-ND6,NDUFV1,9606.ENSP00000354665,9606.ENSP00000497587,0.998,STRING
MT-ND6,NDUFAB1,9606.ENSP00000354665,9606.ENSP00000458770,0.998,STRING
TYK2,JAK1,9606.ENSP00000431885,9606.ENSP00000499900,0.998,STRING
NDUFB5,NDUFB2,9606.ENSP00000259037,9606.ENSP00000419087,0.998,STRING
NDUFS1,NDUFC1,9606.ENSP00000392709,9606.ENSP00000441126,0.998,STRING
GABRA1,GABRG2,9606.ENSP00000393097,9606.ENSP00000410732,0.998,STRING
NDUFB9,NDUFC1,9606.ENSP00000276689,9606.ENSP00000441126,0.998,STRING
NDUFB9,MT-ND4L,9606.ENSP00000276689,9606.ENSP00000354728,0.998,STRING
NDUFB9,NDUFB1,9606.ENSP00000276689,9606.ENSP00000483888,0.998,STRING
IL1B,TNF,9606.ENSP00000263341,9606.ENSP00000398698,0.998,STRING
PBRM1,ARID1B,9606.ENSP00000386593,9606.ENSP00000490491,0.998,STRING
MT-ND3,NDUFA11,9606.ENSP00000355206,9606.ENSP00000389160,0.998,STRING
MT-ND3,NDUFA1,9606.ENSP00000355206,9606.ENSP00000360492,0.998,STRING
APC,AMER1,9606.ENSP00000257430,9606.ENSP00000364003,0.998,STRING
IFNG,JAK2,9606.ENSP00000229135,9606.ENSP00000371067,0.998,STRING
IFNG,IL1B,9606.ENSP00000229135,9606.ENSP00000263341,0.998,STRING
MT-ND1,NDUFB6,9606.ENSP00000354687,9606.ENSP00000369176,0.998,STRING
MT-ND1,NDUFA3,9606.ENSP00000354687,9606.ENSP00000418438,0.998,STRING
MT-ND1,NDUFA11,9606.ENSP00000354687,9606.ENSP00000389160,0.998,STRING
NDUFA7,MT-ND5,9606.ENSP00000301457,9606.ENSP00000354813,0.998,STRING
NDUFA7,MT-ND4,9606.ENSP00000301457,9606.ENSP00000354961,0.998,STRING
NDUFA7,NDUFB1,9606.ENSP00000301457,9606.ENSP00000483888,0.998,STRING
CREBBP,PPARG,9606.ENSP00000262367,9606.ENSP00000287820,0.998,STRING
PSMD1,PSMA7,9606.ENSP00000309474,9606.ENSP00000359910,0.998,STRING
RIPK1,CHUK,9606.ENSP00000259808,9606.ENSP00000359424,0.998,STRING
APOA1,APOC1,9606.ENSP00000236850,9606.ENSP00000465356,0.998,STRING
SERPINC1,F10,9606.ENSP00000356671,9606.ENSP00000364709,0.998,STRING
MT-ND2,NDUFB6,9606.ENSP00000355046,9606.ENSP00000369176,0.998,STRING
CASP8,CARD9,9606.ENSP00000351273,9606.ENSP00000360797,0.998,STRING
NDUFB7,NDUFC1,9606.ENSP00000215565,9606.ENSP00000441126,0.998,STRING
PSMA3,PSMC5,9606.ENSP00000216455,9606.ENSP00000310572,0.998,STRING
PSMA3,PSMD3,9606.ENSP00000216455,9606.ENSP00000264639,0.998,STRING
IL4,JAK3,9606.ENSP00000231449,9606.ENSP00000432511,0.998,STRING
IL4,IL1B,9606.ENSP00000231449,9606.ENSP00000263341,0.998,STRING
TUBB2B,TUBA1B,9606.ENSP00000259818,9606.ENSP00000336799,0.998,STRING
STAT3,EGFR,9606.ENSP00000264657,9606.ENSP00000275493,0.998,STRING
NDUFC2,NDUFA11,9606.ENSP00000281031,9606.ENSP00000389160,0.998,STRING
PSMA3,PSMD13,9606.ENSP00000216455,9606.ENSP00000396937,0.998,STRING
PIK3CA,PIK3CB,9606.ENSP00000263967,9606.ENSP00000501150,0.998,STRING
NDUFC2,NDUFA1,9606.ENSP00000281031,9606.ENSP00000360492,0.998,STRING
NDUFC2,NDUFV3,9606.ENSP00000281031,9606.ENSP00000346196,0.998,STRING
NDUFC2,NDUFA3,9606.ENSP00000281031,9606.ENSP00000418438,0.998,STRING
PSMA8,PSMB2,9606.ENSP00000311121,9606.ENSP00000362334,0.998,STRING
NDUFC2,MT-ND5,9606.ENSP00000281031,9606.ENSP00000354813,0.998,STRING
PRKCQ,CARD11,9606.ENSP00000263125,9606.ENSP00000380150,0.998,STRING
NDUFB7,NDUFB1,9606.ENSP00000215565,9606.ENSP00000483888,0.998,STRING
NDUFB7,MT-ND4L,9606.ENSP00000215565,9606.ENSP00000354728,0.998,STRING
RUNX1,HDAC1,9606.ENSP00000300305,9606.ENSP00000362649,0.998,STRING
TLR2,HMGB1,9606.ENSP00000260010,9606.ENSP00000345347,0.998,STRING
KMT2C,KMT2D,9606.ENSP00000262189,9606.ENSP00000301067,0.998,STRING
PIK3CA,PIK3CD,9606.ENSP00000263967,9606.ENSP00000366563,0.998,STRING
ROCK2,RHOA,9606.ENSP00000317985,9606.ENSP00000400175,0.998,STRING
MECP2,HDAC2,9606.ENSP00000395535,9606.ENSP00000430432,0.997,STRING
CACNA1C,CACNB3,9606.ENSP00000266376,9606.ENSP00000301050,0.997,STRING
LYN,BTK,9606.ENSP00000428924,9606.ENSP00000483570,0.997,STRING
NDUFA7,MT-ND3,9606.ENSP00000301457,9606.ENSP00000355206,0.997,STRING
MT-ND3,NDUFB6,9606.ENSP00000355206,9606.ENSP00000369176,0.997,STRING
TNFRSF1A,IL1B,9606.ENSP00000162749,9606.ENSP00000263341,0.997,STRING
HDAC4,RUNX2,9606.ENSP00000264606,9606.ENSP00000360493,0.997,STRING
NDUFS8,MT-ND6,9606.ENSP00000315774,9606.ENSP00000354665,0.997,STRING
NDUFS8,NDUFC1,9606.ENSP00000315774,9606.ENSP00000441126,0.997,STRING
TP53,HMGB1,9606.ENSP00000269305,9606.ENSP00000345347,0.997,STRING
MT-ND3,NDUFC1,9606.ENSP00000355206,9606.ENSP00000441126,0.997,STRING
PSMD7,PSMA7,9606.ENSP00000219313,9606.ENSP00000359910,0.997,STRING
NDUFA12,NDUFB1,9606.ENSP00000330737,9606.ENSP00000483888,0.997,STRING
NDUFA11,NDUFC1,9606.ENSP00000389160,9606.ENSP00000441126,0.997,STRING
NDUFA13,NDUFC1,9606.ENSP00000423673,9606.ENSP00000441126,0.997,STRING
IL4,CXCL8,9606.ENSP00000231449,9606.ENSP00000306512,0.997,STRING
NDUFA11,NDUFB1,9606.ENSP00000389160,9606.ENSP00000483888,0.997,STRING
PSMD1,PSMB5,9606.ENSP00000309474,9606.ENSP00000355325,0.997,STRING
CBL,SYK,9606.ENSP00000264033,9606.ENSP00000364898,0.997,STRING
PSMD8,PSMA7,9606.ENSP00000215071,9606.ENSP00000359910,0.997,STRING
DNMT3A,HDAC1,9606.ENSP00000264709,9606.ENSP00000362649,0.997,STRING
IL5,CSF2RB,9606.ENSP00000231454,9606.ENSP00000384053,0.997,STRING
TNF,FAS,9606.ENSP00000398698,9606.ENSP00000498466,0.997,STRING
CACNA1D,CACNB3,9606.ENSP00000288139,9606.ENSP00000301050,0.997,STRING
CACNA1D,CACNB2,9606.ENSP00000288139,9606.ENSP00000320025,0.997,STRING
GRIA4,GRIA1,9606.ENSP00000282499,9606.ENSP00000428994,0.997,STRING
CXCL8,CXCR4,9606.ENSP00000306512,9606.ENSP00000386884,0.997,STRING
IL4,JAK1,9606.ENSP00000231449,9606.ENSP00000499900,0.997,STRING
TNFRSF1A,IL6,9606.ENSP00000162749,9606.ENSP00000385675,0.997,STRING
GRIA4,GRIA3,9606.ENSP00000282499,9606.ENSP00000481554,0.997,STRING
IL1B,NLRP3,9606.ENSP00000263341,9606.ENSP00000337383,0.997,STRING
NDUFB5,MT-ND1,9606.ENSP00000259037,9606.ENSP00000354687,0.997,STRING
ACVR2A,BMP4,9606.ENSP00000241416,9606.ENSP00000245451,0.997,STRING
MEN1,PSIP1,9606.ENSP00000337088,9606.ENSP00000370114,0.997,STRING
GNAS,PTH1R,9606.ENSP00000360141,9606.ENSP00000402723,0.997,STRING
PSMD3,PSMA1,9606.ENSP00000264639,9606.ENSP00000414359,0.997,STRING
BRIP1,FANCD2,9606.ENSP00000259008,9606.ENSP00000287647,0.997,STRING
EP300,ESR1,9606.ENSP00000263253,9606.ENSP00000405330,0.997,STRING
NDUFB11,NDUFB2,9606.ENSP00000276062,9606.ENSP00000419087,0.997,STRING
MT-ND6,NDUFA1,9606.ENSP00000354665,9606.ENSP00000360492,0.997,STRING
EP300,PPARG,9606.ENSP00000263253,9606.ENSP00000287820,0.997,STRING
MT-ND6,NDUFA3,9606.ENSP00000354665,9606.ENSP00000418438,0.997,STRING
CAV1,FYN,9606.ENSP00000339191,9606.ENSP00000346671,0.997,STRING
MT-ND2,NDUFA1,9606.ENSP00000355046,9606.ENSP00000360492,0.997,STRING
PSMB6,PSMD1,9606.ENSP00000270586,9606.ENSP00000309474,0.997,STRING
TP53,MYC,9606.ENSP00000269305,9606.ENSP00000478887,0.997,STRING
TP53,NPM1,9606.ENSP00000269305,9606.ENSP00000296930,0.997,STRING
NDUFB11,MT-ND3,9606.ENSP00000276062,9606.ENSP00000355206,0.997,STRING
MT-ND2,NDUFA3,9606.ENSP00000355046,9606.ENSP00000418438,0.997,STRING
PSMD11,PSMA7,9606.ENSP00000261712,9606.ENSP00000359910,0.997,STRING
NDUFB5,MT-ND3,9606.ENSP00000259037,9606.ENSP00000355206,0.997,STRING
NCOR1,MECP2,9606.ENSP00000268712,9606.ENSP00000395535,0.997,STRING
ARID2,ARID1B,9606.ENSP00000335044,9606.ENSP00000490491,0.997,STRING
GSK3A,APC,9606.ENSP00000222330,9606.ENSP00000257430,0.997,STRING
MT-ND5,NDUFB2,9606.ENSP00000354813,9606.ENSP00000419087,0.997,STRING
NDUFS7,MT-ND4L,9606.ENSP00000233627,9606.ENSP00000354728,0.997,STRING
MT-ND2,NDUFC1,9606.ENSP00000355046,9606.ENSP00000441126,0.997,STRING
PTK2,PTPN11,9606.ENSP00000341189,9606.ENSP00000489597,0.997,STRING
STAT5B,JAK3,9606.ENSP00000293328,9606.ENSP00000432511,0.997,STRING
NDUFB6,NDUFB2,9606.ENSP00000369176,9606.ENSP00000419087,0.997,STRING
MT-ND2,NDUFB1,9606.ENSP00000355046,9606.ENSP00000483888,0.997,STRING
NDUFS3,NDUFC1,9606.ENSP00000263774,9606.ENSP00000441126,0.997,STRING
INSR,IGF1R,9606.ENSP00000303830,9606.ENSP00000497069,0.997,STRING
CD3E,SYK,9606.ENSP00000354566,9606.ENSP00000364898,0.997,STRING
NDUFB11,NDUFC1,9606.ENSP00000276062,9606.ENSP00000441126,0.997,STRING
GNAS,TSHR,9606.ENSP00000360141,9606.ENSP00000441235,0.997,STRING
AKR1C3,AKR1C2,9606.ENSP00000369927,9606.ENSP00000370129,0.997,STRING
TP53,DNMT1,9606.ENSP00000269305,9606.ENSP00000352516,0.997,STRING
NDUFS2,NDUFC1,9606.ENSP00000356972,9606.ENSP00000441126,0.997,STRING
FGFR4,FGF9,9606.ENSP00000292408,9606.ENSP00000371790,0.997,STRING
GUCY1A2,GUCY1B1,9606.ENSP00000282249,9606.ENSP00000426786,0.997,STRING
EGFR,STAT5B,9606.ENSP00000275493,9606.ENSP00000293328,0.997,STRING
NDUFS7,NDUFC1,9606.ENSP00000233627,9606.ENSP00000441126,0.997,STRING
NDUFS6,NDUFB2,9606.ENSP00000274137,9606.ENSP00000419087,0.997,STRING
RYR1,CACNA1S,9606.ENSP00000352608,9606.ENSP00000355192,0.997,STRING
PSMB5,PSMD6,9606.ENSP00000355325,9606.ENSP00000418695,0.997,STRING
NDUFA8,NDUFB2,9606.ENSP00000362873,9606.ENSP00000419087,0.997,STRING
KRAS,EGFR,9606.ENSP00000256078,9606.ENSP00000275493,0.997,STRING
PIK3CG,PIK3CB,9606.ENSP00000419260,9606.ENSP00000501150,0.997,STRING
CCND1,ESR1,9606.ENSP00000227507,9606.ENSP00000405330,0.997,STRING
F9,F8,9606.ENSP00000218099,9606.ENSP00000353393,0.997,STRING
PSMA7,PSMC3,9606.ENSP00000359910,9606.ENSP00000481029,0.997,STRING
MT-ND4,NDUFA3,9606.ENSP00000354961,9606.ENSP00000418438,0.997,STRING
F8,F10,9606.ENSP00000353393,9606.ENSP00000364709,0.997,STRING
CD3D,CD8A,9606.ENSP00000300692,9606.ENSP00000386559,0.997,STRING
IL6,IL1R1,9606.ENSP00000385675,9606.ENSP00000386380,0.997,STRING
IL6,IL10,9606.ENSP00000385675,9606.ENSP00000412237,0.997,STRING
HGF,NTRK1,9606.ENSP00000222390,9606.ENSP00000431418,0.997,STRING
PTEN,PIK3R1,9606.ENSP00000361021,9606.ENSP00000428056,0.997,STRING
PSMB5,PSMB9,9606.ENSP00000355325,9606.ENSP00000363993,0.997,STRING
PSMA7,PSMD13,9606.ENSP00000359910,9606.ENSP00000396937,0.997,STRING
STAT3,TYK2,9606.ENSP00000264657,9606.ENSP00000431885,0.997,STRING
NDUFV3,MT-ND3,9606.ENSP00000346196,9606.ENSP00000355206,0.997,STRING
NDUFA10,MT-ND1,9606.ENSP00000252711,9606.ENSP00000354687,0.997,STRING
NDUFA10,MT-ND5,9606.ENSP00000252711,9606.ENSP00000354813,0.997,STRING
NDUFA10,MT-ND6,9606.ENSP00000252711,9606.ENSP00000354665,0.997,STRING
PIK3CA,PIK3CG,9606.ENSP00000263967,9606.ENSP00000419260,0.997,STRING
HMGB1,TLR9,9606.ENSP00000345347,9606.ENSP00000353874,0.997,STRING
TUBB2B,TUBA1A,9606.ENSP00000259818,9606.ENSP00000439020,0.997,STRING
MLH1,ATM,9606.ENSP00000231790,9606.ENSP00000278616,0.997,STRING
NDUFV2,NDUFB2,9606.ENSP00000327268,9606.ENSP00000419087,0.997,STRING
NOS3,AKT1,9606.ENSP00000297494,9606.ENSP00000451828,0.997,STRING
NDUFV3,NDUFB1,9606.ENSP00000346196,9606.ENSP00000483888,0.997,STRING
PSMA8,PSMB9,9606.ENSP00000311121,9606.ENSP00000363993,0.997,STRING
TGFBR2,ENG,9606.ENSP00000351905,9606.ENSP00000362299,0.997,STRING
NDUFC2,NDUFS1,9606.ENSP00000281031,9606.ENSP00000392709,0.997,STRING
TGFB1,LTBP4,9606.ENSP00000221930,9606.ENSP00000311905,0.997,STRING
PSMD14,SEM1,9606.ENSP00000386541,9606.ENSP00000481021,0.997,STRING
PSMA7,PSMD6,9606.ENSP00000359910,9606.ENSP00000418695,0.997,STRING
CACNG1,CACNB1,9606.ENSP00000226021,9606.ENSP00000377840,0.997,STRING
TBL1XR1,CTNNB1,9606.ENSP00000405574,9606.ENSP00000495360,0.997,STRING
POLE,POLA1,9606.ENSP00000322570,9606.ENSP00000368358,0.997,STRING
KMT2D,KMT2A,9606.ENSP00000301067,9606.ENSP00000436786,0.997,STRING
NDUFS4,NDUFC1,9606.ENSP00000296684,9606.ENSP00000441126,0.997,STRING
NDUFB2,NDUFA13,9606.ENSP00000419087,9606.ENSP00000423673,0.997,STRING
JAK2,TYK2,9606.ENSP00000371067,9606.ENSP00000431885,0.997,STRING
MT-ND2,NDUFS5,9606.ENSP00000355046,9606.ENSP00000362058,0.997,STRING
PSMB7,PSMC5,9606.ENSP00000259457,9606.ENSP00000310572,0.997,STRING
PSMB7,PSMC1,9606.ENSP00000259457,9606.ENSP00000261303,0.997,STRING
PSMA6,PSMD3,9606.ENSP00000261479,9606.ENSP00000264639,0.997,STRING
AXL,PROS1,9606.ENSP00000301178,9606.ENSP00000377783,0.997,STRING
PSMA5,PSMA8,9606.ENSP00000271308,9606.ENSP00000311121,0.997,STRING
BMPR2,ACVRL1,9606.ENSP00000363708,9606.ENSP00000373574,0.997,STRING
DRD2,ADORA2A,9606.ENSP00000354859,9606.ENSP00000480012,0.997,STRING
CDK6,RB1,9606.ENSP00000265734,9606.ENSP00000267163,0.997,STRING
PSMD2,PSMB5,9606.ENSP00000310129,9606.ENSP00000355325,0.997,STRING
CACNG1,CACNA1S,9606.ENSP00000226021,9606.ENSP00000355192,0.997,STRING
SORT1,NGF,9606.ENSP00000256637,9606.ENSP00000358525,0.997,STRING
NDUFB4,MT-ND3,9606.ENSP00000184266,9606.ENSP00000355206,0.997,STRING
RRM2B,RRM2,9606.ENSP00000251810,9606.ENSP00000353770,0.997,STRING
FOXA1,GATA3,9606.ENSP00000250448,9606.ENSP00000368632,0.997,STRING
NDUFB5,NDUFA4,9606.ENSP00000259037,9606.ENSP00000339720,0.996,STRING
EGFR,MET,9606.ENSP00000275493,9606.ENSP00000317272,0.996,STRING
GSK3B,MYC,9606.ENSP00000324806,9606.ENSP00000478887,0.996,STRING
TUBA1B,TUBB4B,9606.ENSP00000336799,9606.ENSP00000341289,0.996,STRING
NDUFS4,NDUFB1,9606.ENSP00000296684,9606.ENSP00000483888,0.996,STRING
NFKB1,HDAC1,9606.ENSP00000226574,9606.ENSP00000362649,0.996,STRING
NDUFS4,NDUFB2,9606.ENSP00000296684,9606.ENSP00000419087,0.996,STRING
NDUFB5,MT-ND6,9606.ENSP00000259037,9606.ENSP00000354665,0.996,STRING
TPP1,POT1,9606.ENSP00000299427,9606.ENSP00000350249,0.996,STRING
NFKB1,IL1B,9606.ENSP00000226574,9606.ENSP00000263341,0.996,STRING
GSK3B,AKT1,9606.ENSP00000324806,9606.ENSP00000451828,0.996,STRING
KDR,CTNNB1,9606.ENSP00000263923,9606.ENSP00000495360,0.996,STRING
NDUFS2,NDUFB2,9606.ENSP00000356972,9606.ENSP00000419087,0.996,STRING
FXYD2,ATP1A1,9606.ENSP00000292079,9606.ENSP00000445306,0.996,STRING
TUBB,TUBA1A,9606.ENSP00000339001,9606.ENSP00000439020,0.996,STRING
NDUFS2,NDUFB1,9606.ENSP00000356972,9606.ENSP00000483888,0.996,STRING
NDUFS8,NDUFB2,9606.ENSP00000315774,9606.ENSP00000419087,0.996,STRING
FXYD2,ATP1A4,9606.ENSP00000292079,9606.ENSP00000357060,0.996,STRING
IL2RA,JAK3,9606.ENSP00000369293,9606.ENSP00000432511,0.996,STRING
RPS27A,PSMD2,9606.ENSP00000272317,9606.ENSP00000310129,0.996,STRING
NDUFA12,NDUFB2,9606.ENSP00000330737,9606.ENSP00000419087,0.996,STRING
CCR5,CXCR4,9606.ENSP00000292303,9606.ENSP00000386884,0.996,STRING
FXYD2,ATP1A3,9606.ENSP00000292079,9606.ENSP00000444688,0.996,STRING
INS,NTRK1,9606.ENSP00000380432,9606.ENSP00000431418,0.996,STRING
RIPK1,MAP3K7,9606.ENSP00000259808,9606.ENSP00000358335,0.996,STRING
CRP,CFH,9606.ENSP00000255030,9606.ENSP00000356399,0.996,STRING
BCR,ABL1,9606.ENSP00000303507,9606.ENSP00000361423,0.996,STRING
POLE2,POLA1,9606.ENSP00000216367,9606.ENSP00000368358,0.996,STRING
CBL,ABL1,9606.ENSP00000264033,9606.ENSP00000361423,0.996,STRING
GABRB2,GABRA1,9606.ENSP00000274547,9606.ENSP00000393097,0.996,STRING
FGFR1,NCAM1,9606.ENSP00000393312,9606.ENSP00000480132,0.996,STRING
TLR1,TLR4,9606.ENSP00000354932,9606.ENSP00000363089,0.996,STRING
IL1B,IL6,9606.ENSP00000263341,9606.ENSP00000385675,0.996,STRING
IL1R1,TNF,9606.ENSP00000386380,9606.ENSP00000398698,0.996,STRING
NDUFB8,NDUFA4,9606.ENSP00000299166,9606.ENSP00000339720,0.996,STRING
GSK3A,CTNNB1,9606.ENSP00000222330,9606.ENSP00000495360,0.996,STRING
FOXA1,AR,9606.ENSP00000250448,9606.ENSP00000363822,0.996,STRING
ALB,SHBG,9606.ENSP00000295897,9606.ENSP00000369816,0.996,STRING
ANGPT1,NTRK1,9606.ENSP00000428340,9606.ENSP00000431418,0.996,STRING
MT-ND3,NDUFS5,9606.ENSP00000355206,9606.ENSP00000362058,0.996,STRING
MAPK1,STAT3,9606.ENSP00000215832,9606.ENSP00000264657,0.996,STRING
CD86,PDCD1,9606.ENSP00000332049,9606.ENSP00000335062,0.996,STRING
PIK3R1,PTPN11,9606.ENSP00000428056,9606.ENSP00000489597,0.996,STRING
RUNX1,GATA2,9606.ENSP00000300305,9606.ENSP00000345681,0.996,STRING
RARB,RXRA,9606.ENSP00000332296,9606.ENSP00000419692,0.996,STRING
KLKB1,SERPING1,9606.ENSP00000264690,9606.ENSP00000278407,0.996,STRING
PSMC5,PSMA7,9606.ENSP00000310572,9606.ENSP00000359910,0.996,STRING
IL6,JAK1,9606.ENSP00000385675,9606.ENSP00000499900,0.996,STRING
NDUFS3,NDUFB2,9606.ENSP00000263774,9606.ENSP00000419087,0.996,STRING
KRAS,NF1,9606.ENSP00000256078,9606.ENSP00000351015,0.996,STRING
MAP2K2,RAF1,9606.ENSP00000262948,9606.ENSP00000401888,0.996,STRING
MAP2K2,MAP2K1,9606.ENSP00000262948,9606.ENSP00000302486,0.996,STRING
SCN1A,SCN1B,9606.ENSP00000303540,9606.ENSP00000396915,0.996,STRING
NDUFS1,NDUFB1,9606.ENSP00000392709,9606.ENSP00000483888,0.996,STRING
SMAD3,AKT1,9606.ENSP00000332973,9606.ENSP00000451828,0.996,STRING
EGFR,ERBB4,9606.ENSP00000275493,9606.ENSP00000342235,0.996,STRING
NDUFA11,NDUFB2,9606.ENSP00000389160,9606.ENSP00000419087,0.996,STRING
PSMA2,PSMA8,9606.ENSP00000223321,9606.ENSP00000311121,0.996,STRING
NDUFB4,MT-ND1,9606.ENSP00000184266,9606.ENSP00000354687,0.996,STRING
ACE2,AGTR1,9606.ENSP00000389326,9606.ENSP00000398832,0.996,STRING
GRIN3B,GRIN2C,9606.ENSP00000234389,9606.ENSP00000293190,0.996,STRING
NDUFC2,MT-ND3,9606.ENSP00000281031,9606.ENSP00000355206,0.996,STRING
PSMB6,PSMD2,9606.ENSP00000270586,9606.ENSP00000310129,0.996,STRING
MT-ND4L,NDUFB6,9606.ENSP00000354728,9606.ENSP00000369176,0.996,STRING
SRC,IGF1R,9606.ENSP00000362680,9606.ENSP00000497069,0.996,STRING
CHUK,AKT1,9606.ENSP00000359424,9606.ENSP00000451828,0.996,STRING
NF2,LATS2,9606.ENSP00000344666,9606.ENSP00000372035,0.996,STRING
GRIN3B,GRIN2D,9606.ENSP00000234389,9606.ENSP00000263269,0.996,STRING
SMARCA4,PARP1,9606.ENSP00000343896,9606.ENSP00000355759,0.996,STRING
KCNQ5,KCNQ2,9606.ENSP00000345055,9606.ENSP00000352035,0.996,STRING
NDUFC2,NDUFB2,9606.ENSP00000281031,9606.ENSP00000419087,0.996,STRING
NDUFA3,NDUFB2,9606.ENSP00000418438,9606.ENSP00000419087,0.996,STRING
NDUFA3,NDUFB1,9606.ENSP00000418438,9606.ENSP00000483888,0.996,STRING
GRIN3B,GRIN2B,9606.ENSP00000234389,9606.ENSP00000477455,0.996,STRING
TP53,ATR,9606.ENSP00000269305,9606.ENSP00000343741,0.996,STRING
PSMB6,PSMC5,9606.ENSP00000270586,9606.ENSP00000310572,0.996,STRING
CDKN1B,AKT1,9606.ENSP00000228872,9606.ENSP00000451828,0.996,STRING
ATP1A2,ATP1B1,9606.ENSP00000354490,9606.ENSP00000356790,0.996,STRING
FYN,LYN,9606.ENSP00000346671,9606.ENSP00000428924,0.996,STRING
CALM3,GRIN1,9606.ENSP00000291295,9606.ENSP00000360608,0.996,STRING
APOB,APOC1,9606.ENSP00000233242,9606.ENSP00000465356,0.996,STRING
CACNG8,GRIA1,9606.ENSP00000270458,9606.ENSP00000428994,0.996,STRING
CD79A,SYK,9606.ENSP00000221972,9606.ENSP00000364898,0.996,STRING
PSMB6,PSMD6,9606.ENSP00000270586,9606.ENSP00000418695,0.996,STRING
MSH6,BRCA1,9606.ENSP00000234420,9606.ENSP00000418960,0.996,STRING
SMAD4,TGFBR2,9606.ENSP00000341551,9606.ENSP00000351905,0.996,STRING
NDUFB2,NDUFV1,9606.ENSP00000419087,9606.ENSP00000497587,0.996,STRING
AR,CTNNB1,9606.ENSP00000363822,9606.ENSP00000495360,0.996,STRING
ATR,BRCA1,9606.ENSP00000343741,9606.ENSP00000418960,0.996,STRING
NDUFS7,NDUFB2,9606.ENSP00000233627,9606.ENSP00000419087,0.996,STRING
NDUFS7,NDUFB1,9606.ENSP00000233627,9606.ENSP00000483888,0.996,STRING
PIK3CA,PTEN,9606.ENSP00000263967,9606.ENSP00000361021,0.995,STRING
ERBB2,PIK3R1,9606.ENSP00000269571,9606.ENSP00000428056,0.995,STRING
JAK2,IL6,9606.ENSP00000371067,9606.ENSP00000385675,0.995,STRING
SRC,AKT1,9606.ENSP00000362680,9606.ENSP00000451828,0.995,STRING
CACNG1,CACNA1D,9606.ENSP00000226021,9606.ENSP00000288139,0.995,STRING
NDUFS3,NDUFAF4,9606.ENSP00000263774,9606.ENSP00000358272,0.995,STRING
PIK3CA,HRAS,9606.ENSP00000263967,9606.ENSP00000407586,0.995,STRING
HTR3C,HTR3D,9606.ENSP00000322617,9606.ENSP00000371929,0.995,STRING
ATP1B1,ATP1A4,9606.ENSP00000356790,9606.ENSP00000357060,0.995,STRING
GNAS,ADORA2A,9606.ENSP00000360141,9606.ENSP00000480012,0.995,STRING
NDUFV2,MT-ND6,9606.ENSP00000327268,9606.ENSP00000354665,0.995,STRING
NDUFS5,NDUFB2,9606.ENSP00000362058,9606.ENSP00000419087,0.995,STRING
NDUFS5,NDUFC1,9606.ENSP00000362058,9606.ENSP00000441126,0.995,STRING
APP,MAPT,9606.ENSP00000284981,9606.ENSP00000340820,0.995,STRING
HTR3A,HTR3D,9606.ENSP00000347754,9606.ENSP00000371929,0.995,STRING
NDUFB1,NDUFV1,9606.ENSP00000483888,9606.ENSP00000497587,0.995,STRING
TERT,CTNNB1,9606.ENSP00000309572,9606.ENSP00000495360,0.995,STRING
NDUFA9,MT-ND6,9606.ENSP00000266544,9606.ENSP00000354665,0.995,STRING
PSMA4,PSMB10,9606.ENSP00000044462,9606.ENSP00000351314,0.995,STRING
NDUFA10,NDUFB1,9606.ENSP00000252711,9606.ENSP00000483888,0.995,STRING
CACNA1S,CACNB1,9606.ENSP00000355192,9606.ENSP00000377840,0.995,STRING
PSMA4,PSMA8,9606.ENSP00000044462,9606.ENSP00000311121,0.995,STRING
PSMD11,PSMB6,9606.ENSP00000261712,9606.ENSP00000270586,0.995,STRING
NDUFS4,MT-ND6,9606.ENSP00000296684,9606.ENSP00000354665,0.995,STRING
NR3C1,NCOR1,9606.ENSP00000231509,9606.ENSP00000268712,0.995,STRING
F5,F10,9606.ENSP00000356771,9606.ENSP00000364709,0.995,STRING
KIT,PIK3R1,9606.ENSP00000288135,9606.ENSP00000428056,0.995,STRING
NDUFC1,NDUFB1,9606.ENSP00000441126,9606.ENSP00000483888,0.995,STRING
PPARD,RXRA,9606.ENSP00000310928,9606.ENSP00000419692,0.995,STRING
PSMA3,PSMA8,9606.ENSP00000216455,9606.ENSP00000311121,0.995,STRING
RELB,CHUK,9606.ENSP00000221452,9606.ENSP00000359424,0.995,STRING
PSMD7,PSMB5,9606.ENSP00000219313,9606.ENSP00000355325,0.995,STRING
MT-ND4,NDUFC1,9606.ENSP00000354961,9606.ENSP00000441126,0.995,STRING
NOD2,CARD9,9606.ENSP00000300589,9606.ENSP00000360797,0.995,STRING
CACNB3,CACNA2D1,9606.ENSP00000301050,9606.ENSP00000349320,0.995,STRING
NDUFB8,NDUFB1,9606.ENSP00000299166,9606.ENSP00000483888,0.995,STRING
KCNN2,CALM3,9606.ENSP00000264773,9606.ENSP00000291295,0.995,STRING
NDUFAF3,NDUFS5,9606.ENSP00000323076,9606.ENSP00000362058,0.995,STRING
NDUFS8,NDUFB1,9606.ENSP00000315774,9606.ENSP00000483888,0.995,STRING
CDKN1A,AKT1,9606.ENSP00000384849,9606.ENSP00000451828,0.995,STRING
TUBA4A,TUBB2A,9606.ENSP00000248437,9606.ENSP00000369703,0.995,STRING
COL4A3,COL4A4,9606.ENSP00000379823,9606.ENSP00000379866,0.995,STRING
PIK3CA,NRAS,9606.ENSP00000263967,9606.ENSP00000358548,0.995,STRING
PIK3R1,AKT1,9606.ENSP00000428056,9606.ENSP00000451828,0.995,STRING
ESR2,SRC,9606.ENSP00000343925,9606.ENSP00000362680,0.995,STRING
GRIN3B,GRIN3A,9606.ENSP00000234389,9606.ENSP00000355155,0.995,STRING
GNAS,AVPR2,9606.ENSP00000360141,9606.ENSP00000496396,0.995,STRING
PTK2,PTEN,9606.ENSP00000341189,9606.ENSP00000361021,0.995,STRING
FGF10,FGFR4,9606.ENSP00000264664,9606.ENSP00000292408,0.995,STRING
ATM,BRCA2,9606.ENSP00000278616,9606.ENSP00000369497,0.995,STRING
CACNB4,CACNA1A,9606.ENSP00000438949,9606.ENSP00000489829,0.995,STRING
MT-ND5,NDUFC1,9606.ENSP00000354813,9606.ENSP00000441126,0.995,STRING
MAP3K1,MAP2K4,9606.ENSP00000382423,9606.ENSP00000410402,0.995,STRING
PSMD3,PSMA7,9606.ENSP00000264639,9606.ENSP00000359910,0.995,STRING
PSMB5,PSMD13,9606.ENSP00000355325,9606.ENSP00000396937,0.995,STRING
KRAS,MAP2K1,9606.ENSP00000256078,9606.ENSP00000302486,0.995,STRING
NDUFA9,NDUFB2,9606.ENSP00000266544,9606.ENSP00000419087,0.995,STRING
NDUFC2,MT-ND1,9606.ENSP00000281031,9606.ENSP00000354687,0.995,STRING
GRIA2,CACNG2,9606.ENSP00000296526,9606.ENSP00000300105,0.995,STRING
CREBBP,SMAD3,9606.ENSP00000262367,9606.ENSP00000332973,0.995,STRING
PRNP,NCAM1,9606.ENSP00000399376,9606.ENSP00000480132,0.995,STRING
FBXW7,NOTCH1,9606.ENSP00000474725,9606.ENSP00000498587,0.995,STRING
MSH6,POLD1,9606.ENSP00000234420,9606.ENSP00000472445,0.995,STRING
IRF5,MYD88,9606.ENSP00000418037,9606.ENSP00000498321,0.995,STRING
CD3E,CD8A,9606.ENSP00000354566,9606.ENSP00000386559,0.995,STRING
IFNG,IL10,9606.ENSP00000229135,9606.ENSP00000412237,0.995,STRING
TP53,BRCA2,9606.ENSP00000269305,9606.ENSP00000369497,0.995,STRING
GNAS,GLP1R,9606.ENSP00000360141,9606.ENSP00000362353,0.995,STRING
NDUFS1,NDUFB2,9606.ENSP00000392709,9606.ENSP00000419087,0.995,STRING
BAP1,BRCA1,9606.ENSP00000417132,9606.ENSP00000418960,0.995,STRING
KCNA1,KCNA2,9606.ENSP00000371985,9606.ENSP00000487785,0.995,STRING
NDUFA4,NDUFA1,9606.ENSP00000339720,9606.ENSP00000360492,0.995,STRING
FANCA,BRCA1,9606.ENSP00000373952,9606.ENSP00000418960,0.995,STRING
NDUFA4,NDUFA5,9606.ENSP00000339720,9606.ENSP00000417142,0.995,STRING
FLI1,FBXW7,9606.ENSP00000433488,9606.ENSP00000474725,0.995,STRING
TGFB3,ENG,9606.ENSP00000238682,9606.ENSP00000362299,0.995,STRING
ALDH2,ADH1B,9606.ENSP00000261733,9606.ENSP00000306606,0.995,STRING
GSK3B,PSEN1,9606.ENSP00000324806,9606.ENSP00000326366,0.995,STRING
HTR7,GNAS,9606.ENSP00000337949,9606.ENSP00000360141,0.995,STRING
PSMD3,PSMB6,9606.ENSP00000264639,9606.ENSP00000270586,0.995,STRING
GDF5,BMPR2,9606.ENSP00000363492,9606.ENSP00000363708,0.995,STRING
TUBB,MTOR,9606.ENSP00000339001,9606.ENSP00000354558,0.995,STRING
NDUFB9,NDUFA4,9606.ENSP00000276689,9606.ENSP00000339720,0.995,STRING
BMPR1B,ACVR1,9606.ENSP00000401907,9606.ENSP00000405004,0.995,STRING
MAPK1,MAPK14,9606.ENSP00000215832,9606.ENSP00000229795,0.995,STRING
FGF23,FGFR4,9606.ENSP00000237837,9606.ENSP00000292408,0.995,STRING
ATP1B3,ATP1A1,9606.ENSP00000286371,9606.ENSP00000445306,0.995,STRING
DDB1,MTOR,9606.ENSP00000301764,9606.ENSP00000354558,0.995,STRING
NDUFAF4,NDUFS5,9606.ENSP00000358272,9606.ENSP00000362058,0.995,STRING
PDGFRA,PIK3R1,9606.ENSP00000257290,9606.ENSP00000428056,0.995,STRING
IL23R,JAK2,9606.ENSP00000321345,9606.ENSP00000371067,0.995,STRING
MT-ND6,NDUFS2,9606.ENSP00000354665,9606.ENSP00000356972,0.995,STRING
MT-ND6,NDUFB6,9606.ENSP00000354665,9606.ENSP00000369176,0.995,STRING
CREBBP,KMT2A,9606.ENSP00000262367,9606.ENSP00000436786,0.995,STRING
MT-ND6,NDUFS1,9606.ENSP00000354665,9606.ENSP00000392709,0.995,STRING
PDGFRA,PTPN11,9606.ENSP00000257290,9606.ENSP00000489597,0.995,STRING
TUBA1B,MAPT,9606.ENSP00000336799,9606.ENSP00000340820,0.995,STRING
MT-ND1,NDUFC1,9606.ENSP00000354687,9606.ENSP00000441126,0.995,STRING
CALM3,ESR1,9606.ENSP00000291295,9606.ENSP00000405330,0.995,STRING
CACNB2,CACNA2D1,9606.ENSP00000320025,9606.ENSP00000349320,0.995,STRING
GNAS,DRD1,9606.ENSP00000360141,9606.ENSP00000377353,0.994,STRING
MT-ND1,NDUFB2,9606.ENSP00000354687,9606.ENSP00000419087,0.994,STRING
TUBA4A,TUBB,9606.ENSP00000248437,9606.ENSP00000339001,0.994,STRING
PIK3CD,PIK3CG,9606.ENSP00000366563,9606.ENSP00000419260,0.994,STRING
CACNG8,GRIA2,9606.ENSP00000270458,9606.ENSP00000296526,0.994,STRING
TRPM8,TRPV1,9606.ENSP00000323926,9606.ENSP00000459962,0.994,STRING
PSMD8,SEM1,9606.ENSP00000215071,9606.ENSP00000481021,0.994,STRING
MSH2,POLD1,9606.ENSP00000233146,9606.ENSP00000472445,0.994,STRING
PTPN11,JAK1,9606.ENSP00000489597,9606.ENSP00000499900,0.994,STRING
KDR,FLT1,9606.ENSP00000263923,9606.ENSP00000282397,0.994,STRING
NF1,HRAS,9606.ENSP00000351015,9606.ENSP00000407586,0.994,STRING
TP53,AKT1,9606.ENSP00000269305,9606.ENSP00000451828,0.994,STRING
CALM3,FKBP1A,9606.ENSP00000291295,9606.ENSP00000383003,0.994,STRING
NPM1,ALK,9606.ENSP00000296930,9606.ENSP00000373700,0.994,STRING
TTR,ALB,9606.ENSP00000237014,9606.ENSP00000295897,0.994,STRING
NF1,NRAS,9606.ENSP00000351015,9606.ENSP00000358548,0.994,STRING
MSH2,BRCA1,9606.ENSP00000233146,9606.ENSP00000418960,0.994,STRING
PSMA8,PSMB8,9606.ENSP00000311121,9606.ENSP00000364016,0.994,STRING
MAPK1,MAPK3,9606.ENSP00000215832,9606.ENSP00000263025,0.994,STRING
TUBB2B,MAPT,9606.ENSP00000259818,9606.ENSP00000340820,0.994,STRING
LRP6,GSK3B,9606.ENSP00000261349,9606.ENSP00000324806,0.994,STRING
RUNX1,CEBPA,9606.ENSP00000300305,9606.ENSP00000427514,0.994,STRING
MAP3K7,CHUK,9606.ENSP00000358335,9606.ENSP00000359424,0.994,STRING
POLA2,POLD1,9606.ENSP00000265465,9606.ENSP00000472445,0.994,STRING
NDUFA4,NDUFB3,9606.ENSP00000339720,9606.ENSP00000407336,0.994,STRING
SPP1,ITGB3,9606.ENSP00000378517,9606.ENSP00000452786,0.994,STRING
ANGPT2,TIE1,9606.ENSP00000314897,9606.ENSP00000361554,0.994,STRING
TUBB4A,MTOR,9606.ENSP00000264071,9606.ENSP00000354558,0.994,STRING
EDNRA,EDNRB,9606.ENSP00000315011,9606.ENSP00000366416,0.994,STRING
IL6,TNF,9606.ENSP00000385675,9606.ENSP00000398698,0.994,STRING
KDR,ANGPT1,9606.ENSP00000263923,9606.ENSP00000428340,0.994,STRING
MLH1,BRCA1,9606.ENSP00000231790,9606.ENSP00000418960,0.994,STRING
ACVR2A,ACVRL1,9606.ENSP00000241416,9606.ENSP00000373574,0.994,STRING
STAT3,HIF1A,9606.ENSP00000264657,9606.ENSP00000437955,0.994,STRING
ACVR2A,BMPR2,9606.ENSP00000241416,9606.ENSP00000363708,0.994,STRING
PIK3R1,IGF1R,9606.ENSP00000428056,9606.ENSP00000497069,0.994,STRING
MT-ND2,NDUFB2,9606.ENSP00000355046,9606.ENSP00000419087,0.994,STRING
MT-ND3,NDUFB2,9606.ENSP00000355206,9606.ENSP00000419087,0.994,STRING
EGFR,HRAS,9606.ENSP00000275493,9606.ENSP00000407586,0.994,STRING
ANGPTL4,LPL,9606.ENSP00000301455,9606.ENSP00000497642,0.994,STRING
MAPK3,TP53,9606.ENSP00000263025,9606.ENSP00000269305,0.994,STRING
NFKB1,IL6,9606.ENSP00000226574,9606.ENSP00000385675,0.994,STRING
PIK3CG,AKT1,9606.ENSP00000419260,9606.ENSP00000451828,0.994,STRING
MAPT,FYN,9606.ENSP00000340820,9606.ENSP00000346671,0.994,STRING
TUBA1B,MTOR,9606.ENSP00000336799,9606.ENSP00000354558,0.994,STRING
FYN,YES1,9606.ENSP00000346671,9606.ENSP00000462468,0.994,STRING
PPARG,CTNNB1,9606.ENSP00000287820,9606.ENSP00000495360,0.994,STRING
BARD1,BAP1,9606.ENSP00000260947,9606.ENSP00000417132,0.994,STRING
MTOR,PSMC6,9606.ENSP00000354558,9606.ENSP00000484998,0.994,STRING
TOP1,TOP2A,9606.ENSP00000354522,9606.ENSP00000411532,0.994,STRING
MTOR,PSMD14,9606.ENSP00000354558,9606.ENSP00000386541,0.994,STRING
PSMD11,PSMB5,9606.ENSP00000261712,9606.ENSP00000355325,0.994,STRING
MYBPC3,TTN,9606.ENSP00000442795,9606.ENSP00000467141,0.994,STRING
MT-ND4,NDUFB2,9606.ENSP00000354961,9606.ENSP00000419087,0.994,STRING
QKI,MED12,9606.ENSP00000355094,9606.ENSP00000363193,0.994,STRING
FLT4,KDR,9606.ENSP00000261937,9606.ENSP00000263923,0.994,STRING
PAX8,PPARG,9606.ENSP00000263334,9606.ENSP00000287820,0.994,STRING
TUBB,TUBA1C,9606.ENSP00000339001,9606.ENSP00000443475,0.994,STRING
STAT3,TP53,9606.ENSP00000264657,9606.ENSP00000269305,0.994,STRING
SRC,HRAS,9606.ENSP00000362680,9606.ENSP00000407586,0.994,STRING
EP300,SMAD4,9606.ENSP00000263253,9606.ENSP00000341551,0.994,STRING
NCOR1,HDAC2,9606.ENSP00000268712,9606.ENSP00000430432,0.994,STRING
IL1B,CXCL8,9606.ENSP00000263341,9606.ENSP00000306512,0.994,STRING
PSMC5,MTOR,9606.ENSP00000310572,9606.ENSP00000354558,0.994,STRING
APOA1,TTR,9606.ENSP00000236850,9606.ENSP00000237014,0.994,STRING
CHRNB2,CHRNA4,9606.ENSP00000357461,9606.ENSP00000359285,0.994,STRING
IL17F,IL17A,9606.ENSP00000337432,9606.ENSP00000497968,0.994,STRING
IL7R,JAK1,9606.ENSP00000306157,9606.ENSP00000499900,0.994,STRING
MAPK14,TP53,9606.ENSP00000229795,9606.ENSP00000269305,0.994,STRING
ESR1,PIK3R1,9606.ENSP00000405330,9606.ENSP00000428056,0.994,STRING
MET,SRC,9606.ENSP00000317272,9606.ENSP00000362680,0.993,STRING
ATP1B2,ATP1A2,9606.ENSP00000250111,9606.ENSP00000354490,0.993,STRING
GRIK1,GRIK4,9606.ENSP00000327687,9606.ENSP00000435648,0.993,STRING
RARA,RXRB,9606.ENSP00000254066,9606.ENSP00000363817,0.993,STRING
TUBB3,TUBA1C,9606.ENSP00000320295,9606.ENSP00000443475,0.993,STRING
SMAD2,TP53,9606.ENSP00000262160,9606.ENSP00000269305,0.993,STRING
NDUFB4,NDUFA4,9606.ENSP00000184266,9606.ENSP00000339720,0.993,STRING
FYN,GRIN2B,9606.ENSP00000346671,9606.ENSP00000477455,0.993,STRING
PSMD8,PSMB7,9606.ENSP00000215071,9606.ENSP00000259457,0.993,STRING
IL4,IL13,9606.ENSP00000231449,9606.ENSP00000304915,0.993,STRING
ERBB4,WWOX,9606.ENSP00000342235,9606.ENSP00000457230,0.993,STRING
PSMB6,PSMB10,9606.ENSP00000270586,9606.ENSP00000351314,0.993,STRING
NDUFA2,MT-ND6,9606.ENSP00000252102,9606.ENSP00000354665,0.993,STRING
STAT5B,ERBB4,9606.ENSP00000293328,9606.ENSP00000342235,0.993,STRING
PSMA6,PSMA8,9606.ENSP00000261479,9606.ENSP00000311121,0.993,STRING
NDUFA7,NDUFA4,9606.ENSP00000301457,9606.ENSP00000339720,0.993,STRING
TUBA4A,TUBB3,9606.ENSP00000248437,9606.ENSP00000320295,0.993,STRING
BRCA1,AKT1,9606.ENSP00000418960,9606.ENSP00000451828,0.993,STRING
GABRB3,GABRA1,9606.ENSP00000308725,9606.ENSP00000393097,0.993,STRING
CREBBP,ESR1,9606.ENSP00000262367,9606.ENSP00000405330,0.993,STRING
NFKB1,TLR4,9606.ENSP00000226574,9606.ENSP00000363089,0.993,STRING
NCOR1,PGR,9606.ENSP00000268712,9606.ENSP00000325120,0.993,STRING
IFNG,JAK1,9606.ENSP00000229135,9606.ENSP00000499900,0.993,STRING
PSMD13,SEM1,9606.ENSP00000396937,9606.ENSP00000481021,0.993,STRING
RANBP2,XPO1,9606.ENSP00000283195,9606.ENSP00000384863,0.993,STRING
ADRB2,GNAS,9606.ENSP00000305372,9606.ENSP00000360141,0.993,STRING
GSK3B,AMER1,9606.ENSP00000324806,9606.ENSP00000364003,0.993,STRING
TP53,SMARCA4,9606.ENSP00000269305,9606.ENSP00000343896,0.993,STRING
HIF1A,NOTCH1,9606.ENSP00000437955,9606.ENSP00000498587,0.993,STRING
CALM3,SCN2A,9606.ENSP00000291295,9606.ENSP00000490107,0.993,STRING
CALM3,KCNQ2,9606.ENSP00000291295,9606.ENSP00000352035,0.993,STRING
CCR2,CCR5,9606.ENSP00000292301,9606.ENSP00000292303,0.993,STRING
EGFR,PLCG2,9606.ENSP00000275493,9606.ENSP00000482457,0.993,STRING
EGFR,PIK3CB,9606.ENSP00000275493,9606.ENSP00000501150,0.993,STRING
MT-ND6,NDUFA11,9606.ENSP00000354665,9606.ENSP00000389160,0.993,STRING
MT-ND6,NDUFA13,9606.ENSP00000354665,9606.ENSP00000423673,0.993,STRING
BRIP1,PMS2,9606.ENSP00000259008,9606.ENSP00000265849,0.993,STRING
SMAD3,MYC,9606.ENSP00000332973,9606.ENSP00000478887,0.993,STRING
HTR3C,HTR3A,9606.ENSP00000322617,9606.ENSP00000347754,0.993,STRING
GRIK5,GRIK1,9606.ENSP00000301218,9606.ENSP00000327687,0.993,STRING
AXIN1,CSNK1E,9606.ENSP00000262320,9606.ENSP00000380044,0.993,STRING
ANGPT2,NTRK1,9606.ENSP00000314897,9606.ENSP00000431418,0.993,STRING
PSMD7,PSMB6,9606.ENSP00000219313,9606.ENSP00000270586,0.993,STRING
NDUFA9,MT-ND4L,9606.ENSP00000266544,9606.ENSP00000354728,0.993,STRING
PSMB10,PSMB11,9606.ENSP00000351314,9606.ENSP00000386212,0.993,STRING
PSMB10,PSMA7,9606.ENSP00000351314,9606.ENSP00000359910,0.993,STRING
NDUFA9,NDUFC1,9606.ENSP00000266544,9606.ENSP00000441126,0.993,STRING
THRB,RXRA,9606.ENSP00000379904,9606.ENSP00000419692,0.993,STRING
POLA1,POLD2,9606.ENSP00000368358,9606.ENSP00000480186,0.993,STRING
GSK3A,AKT1,9606.ENSP00000222330,9606.ENSP00000451828,0.993,STRING
POLA2,POLE,9606.ENSP00000265465,9606.ENSP00000322570,0.993,STRING
HIF1A,MYC,9606.ENSP00000437955,9606.ENSP00000478887,0.993,STRING
AXIN1,STK11,9606.ENSP00000262320,9606.ENSP00000324856,0.993,STRING
NBN,BRCA1,9606.ENSP00000265433,9606.ENSP00000418960,0.993,STRING
BCL2,AKT1,9606.ENSP00000381185,9606.ENSP00000451828,0.993,STRING
PIK3CA,ERBB3,9606.ENSP00000263967,9606.ENSP00000267101,0.993,STRING
ERBB2,IGF1R,9606.ENSP00000269571,9606.ENSP00000497069,0.993,STRING
STAT3,IL6R,9606.ENSP00000264657,9606.ENSP00000357470,0.993,STRING
ATP1B3,ATP1A3,9606.ENSP00000286371,9606.ENSP00000444688,0.992,STRING
EGFR,INS,9606.ENSP00000275493,9606.ENSP00000380432,0.992,STRING
IFNAR2,IFNGR1,9606.ENSP00000343957,9606.ENSP00000356713,0.992,STRING
APOE,APOA5,9606.ENSP00000252486,9606.ENSP00000445002,0.992,STRING
AMER1,CTNNB1,9606.ENSP00000364003,9606.ENSP00000495360,0.992,STRING
NFKB1,TLR2,9606.ENSP00000226574,9606.ENSP00000260010,0.992,STRING
LRP6,CTNNB1,9606.ENSP00000261349,9606.ENSP00000495360,0.992,STRING
AKT1,PIK3CB,9606.ENSP00000451828,9606.ENSP00000501150,0.992,STRING
KCNQ1,KCNJ2,9606.ENSP00000155840,9606.ENSP00000243457,0.992,STRING
HTR6,GNAS,9606.ENSP00000289753,9606.ENSP00000360141,0.992,STRING
OXTR,GNAS,9606.ENSP00000324270,9606.ENSP00000360141,0.992,STRING
RIPK1,TNFAIP3,9606.ENSP00000259808,9606.ENSP00000481570,0.992,STRING
PIK3CA,ERBB2,9606.ENSP00000263967,9606.ENSP00000269571,0.992,STRING
KRAS,HRAS,9606.ENSP00000256078,9606.ENSP00000407586,0.992,STRING
KRAS,CDKN2A,9606.ENSP00000256078,9606.ENSP00000418915,0.992,STRING
SRC,RHOA,9606.ENSP00000362680,9606.ENSP00000400175,0.992,STRING
MT-ND5,NDUFB1,9606.ENSP00000354813,9606.ENSP00000483888,0.992,STRING
TLR9,TLR7,9606.ENSP00000353874,9606.ENSP00000370034,0.992,STRING
LRP5,CTNNB1,9606.ENSP00000294304,9606.ENSP00000495360,0.992,STRING
RARB,RXRB,9606.ENSP00000332296,9606.ENSP00000363817,0.992,STRING
RAF1,AKT1,9606.ENSP00000401888,9606.ENSP00000451828,0.992,STRING
TP53,GSK3B,9606.ENSP00000269305,9606.ENSP00000324806,0.992,STRING
GRIK2,GRIK4,9606.ENSP00000397026,9606.ENSP00000435648,0.992,STRING
PSMD3,PSMB5,9606.ENSP00000264639,9606.ENSP00000355325,0.992,STRING
TBX5,CTNNB1,9606.ENSP00000309913,9606.ENSP00000495360,0.992,STRING
STAT3,CD274,9606.ENSP00000264657,9606.ENSP00000370989,0.992,STRING
FGFR4,KL,9606.ENSP00000292408,9606.ENSP00000369442,0.992,STRING
PDCD1,CTLA4,9606.ENSP00000335062,9606.ENSP00000497102,0.992,STRING
PLG,SERPINC1,9606.ENSP00000308938,9606.ENSP00000356671,0.992,STRING
TGFBR2,ACVRL1,9606.ENSP00000351905,9606.ENSP00000373574,0.992,STRING
IFNAR1,IFNGR1,9606.ENSP00000270139,9606.ENSP00000356713,0.992,STRING
TNF,IL10,9606.ENSP00000398698,9606.ENSP00000412237,0.992,STRING
MT-ND6,NDUFA8,9606.ENSP00000354665,9606.ENSP00000362873,0.992,STRING
POLD1,PRIM2,9606.ENSP00000472445,9606.ENSP00000484105,0.992,STRING
POLE2,POLD1,9606.ENSP00000216367,9606.ENSP00000472445,0.992,STRING
PSMB10,PSMB5,9606.ENSP00000351314,9606.ENSP00000355325,0.992,STRING
TP53,ESR1,9606.ENSP00000269305,9606.ENSP00000405330,0.992,STRING
XPO1,DDX3X,9606.ENSP00000384863,9606.ENSP00000494040,0.992,STRING
JAK2,CSF2RB,9606.ENSP00000371067,9606.ENSP00000384053,0.992,STRING
RRM2B,TP53,9606.ENSP00000251810,9606.ENSP00000269305,0.992,STRING
FGFR1,PIK3R1,9606.ENSP00000393312,9606.ENSP00000428056,0.992,STRING
PSMD4,PSMB9,9606.ENSP00000357876,9606.ENSP00000363993,0.992,STRING
NRAS,SOS1,9606.ENSP00000358548,9606.ENSP00000384675,0.992,STRING
CD40,TNF,9606.ENSP00000361359,9606.ENSP00000398698,0.992,STRING
CD4,CD3E,9606.ENSP00000011653,9606.ENSP00000354566,0.991,STRING
NDUFB5,MT-ND4L,9606.ENSP00000259037,9606.ENSP00000354728,0.991,STRING
SOX2,CTNNB1,9606.ENSP00000323588,9606.ENSP00000495360,0.991,STRING
MIF,CXCR4,9606.ENSP00000215754,9606.ENSP00000386884,0.991,STRING
GRIK3,GRIK4,9606.ENSP00000362183,9606.ENSP00000435648,0.991,STRING
CDK4,CEBPA,9606.ENSP00000257904,9606.ENSP00000427514,0.991,STRING
CXCL8,IL6,9606.ENSP00000306512,9606.ENSP00000385675,0.991,STRING
NOS3,CALM1,9606.ENSP00000297494,9606.ENSP00000499717,0.991,STRING
IFNG,TNF,9606.ENSP00000229135,9606.ENSP00000398698,0.991,STRING
SCN1B,SCN2A,9606.ENSP00000396915,9606.ENSP00000490107,0.991,STRING
IL2,FOXP3,9606.ENSP00000226730,9606.ENSP00000365380,0.991,STRING
CD4,IFNG,9606.ENSP00000011653,9606.ENSP00000229135,0.991,STRING
NCOR1,PPARA,9606.ENSP00000268712,9606.ENSP00000385523,0.991,STRING
APOE,MAPT,9606.ENSP00000252486,9606.ENSP00000340820,0.991,STRING
POLE,POLD2,9606.ENSP00000322570,9606.ENSP00000480186,0.991,STRING
FGF10,KL,9606.ENSP00000264664,9606.ENSP00000369442,0.991,STRING
IL1B,IL10,9606.ENSP00000263341,9606.ENSP00000412237,0.991,STRING
PSMD8,PSMB5,9606.ENSP00000215071,9606.ENSP00000355325,0.991,STRING
IL5,IL13,9606.ENSP00000231454,9606.ENSP00000304915,0.991,STRING
NDUFS2,NDUFAF4,9606.ENSP00000356972,9606.ENSP00000358272,0.991,STRING
CACNA2D1,CACNA1B,9606.ENSP00000349320,9606.ENSP00000360423,0.991,STRING
FOXC1,PITX2,9606.ENSP00000493906,9606.ENSP00000495061,0.991,STRING
POLE2,POLA2,9606.ENSP00000216367,9606.ENSP00000265465,0.991,STRING
TYMS,MTHFR,9606.ENSP00000315644,9606.ENSP00000365770,0.991,STRING
GBA,PSAP,9606.ENSP00000314508,9606.ENSP00000378394,0.991,STRING
NDUFB8,MT-ND6,9606.ENSP00000299166,9606.ENSP00000354665,0.991,STRING
NCOR1,AR,9606.ENSP00000268712,9606.ENSP00000363822,0.991,STRING
IL1B,IRAK1,9606.ENSP00000263341,9606.ENSP00000358997,0.991,STRING
TRPA1,TRPV1,9606.ENSP00000262209,9606.ENSP00000459962,0.991,STRING
HBEGF,ERBB3,9606.ENSP00000230990,9606.ENSP00000267101,0.991,STRING
HTR2C,HTR2A,9606.ENSP00000276198,9606.ENSP00000437737,0.991,STRING
TP53,CASP8,9606.ENSP00000269305,9606.ENSP00000351273,0.991,STRING
NDUFV3,MT-ND6,9606.ENSP00000346196,9606.ENSP00000354665,0.991,STRING
EGFR,NRAS,9606.ENSP00000275493,9606.ENSP00000358548,0.991,STRING
MT-ND3,NDUFB1,9606.ENSP00000355206,9606.ENSP00000483888,0.991,STRING
RSPO2,RNF43,9606.ENSP00000276659,9606.ENSP00000463069,0.991,STRING
PSMA8,PSMB5,9606.ENSP00000311121,9606.ENSP00000355325,0.991,STRING
PSMB9,PSMB11,9606.ENSP00000363993,9606.ENSP00000386212,0.991,STRING
NDUFA4,NDUFB6,9606.ENSP00000339720,9606.ENSP00000369176,0.991,STRING
PPARG,CEBPA,9606.ENSP00000287820,9606.ENSP00000427514,0.991,STRING
HDAC1,MYC,9606.ENSP00000362649,9606.ENSP00000478887,0.991,STRING
NDUFV2,NDUFA4,9606.ENSP00000327268,9606.ENSP00000339720,0.991,STRING
PTGIR,GNAS,9606.ENSP00000291294,9606.ENSP00000360141,0.991,STRING
KL,FGF9,9606.ENSP00000369442,9606.ENSP00000371790,0.991,STRING
DNMT3A,MYC,9606.ENSP00000264709,9606.ENSP00000478887,0.991,STRING
CDKN1B,TP53,9606.ENSP00000228872,9606.ENSP00000269305,0.991,STRING
CAV1,DPP4,9606.ENSP00000339191,9606.ENSP00000353731,0.991,STRING
PTPN11,CTLA4,9606.ENSP00000489597,9606.ENSP00000497102,0.991,STRING
CALM3,CAV1,9606.ENSP00000291295,9606.ENSP00000339191,0.991,STRING
PTK2,DCC,9606.ENSP00000341189,9606.ENSP00000389140,0.991,STRING
PALB2,FANCD2,9606.ENSP00000261584,9606.ENSP00000287647,0.991,STRING
TUBA4A,TUBB4B,9606.ENSP00000248437,9606.ENSP00000341289,0.991,STRING
NRAS,PIK3CG,9606.ENSP00000358548,9606.ENSP00000419260,0.991,STRING
PRIM1,POLD1,9606.ENSP00000350491,9606.ENSP00000472445,0.99,STRING
BRD4,TP53,9606.ENSP00000263377,9606.ENSP00000269305,0.99,STRING
BMP5,BMPR2,9606.ENSP00000359866,9606.ENSP00000363708,0.99,STRING
MAP2K2,MAPK3,9606.ENSP00000262948,9606.ENSP00000263025,0.99,STRING
PDGFRA,PIK3CA,9606.ENSP00000257290,9606.ENSP00000263967,0.99,STRING
KRAS,SRC,9606.ENSP00000256078,9606.ENSP00000362680,0.99,STRING
HRAS,CDKN2A,9606.ENSP00000407586,9606.ENSP00000418915,0.99,STRING
TUBB2A,TUBA1C,9606.ENSP00000369703,9606.ENSP00000443475,0.99,STRING
TUBB4B,TUBA1C,9606.ENSP00000341289,9606.ENSP00000443475,0.99,STRING
ATP1B3,ATP1A4,9606.ENSP00000286371,9606.ENSP00000357060,0.99,STRING
GABRB3,GABRG2,9606.ENSP00000308725,9606.ENSP00000410732,0.99,STRING
TSC2,AKT1,9606.ENSP00000219476,9606.ENSP00000451828,0.99,STRING
HRAS,PIK3R1,9606.ENSP00000407586,9606.ENSP00000428056,0.99,STRING
PTK2,ITGB3,9606.ENSP00000341189,9606.ENSP00000452786,0.99,STRING
POLE,PRIM1,9606.ENSP00000322570,9606.ENSP00000350491,0.99,STRING
IL33,IL1R1,9606.ENSP00000370842,9606.ENSP00000386380,0.99,STRING
TSC2,MTOR,9606.ENSP00000219476,9606.ENSP00000354558,0.99,STRING
ERBB2,PTK2,9606.ENSP00000269571,9606.ENSP00000341189,0.99,STRING
TSC2,GSK3B,9606.ENSP00000219476,9606.ENSP00000324806,0.99,STRING
ALB,F2,9606.ENSP00000295897,9606.ENSP00000308541,0.99,STRING
TP53,HDAC2,9606.ENSP00000269305,9606.ENSP00000430432,0.99,STRING
TGFB1,SMAD3,9606.ENSP00000221930,9606.ENSP00000332973,0.99,STRING
TERT,POT1,9606.ENSP00000309572,9606.ENSP00000350249,0.99,STRING
TERT,SMARCA4,9606.ENSP00000309572,9606.ENSP00000343896,0.99,STRING
IL1B,IL18,9606.ENSP00000263341,9606.ENSP00000280357,0.99,STRING
MAPK3,PTPN11,9606.ENSP00000263025,9606.ENSP00000489597,0.99,STRING
RUNX2,DLX5,9606.ENSP00000360493,9606.ENSP00000498116,0.99,STRING
MAPK14,AKT1,9606.ENSP00000229795,9606.ENSP00000451828,0.99,STRING
KIT,PTPN11,9606.ENSP00000288135,9606.ENSP00000489597,0.99,STRING
NDUFA4,NDUFB2,9606.ENSP00000339720,9606.ENSP00000419087,0.99,STRING
NDUFA4,NDUFAB1,9606.ENSP00000339720,9606.ENSP00000458770,0.99,STRING
CACNA2D1,CACNA1E,9606.ENSP00000349320,9606.ENSP00000356545,0.99,STRING
NDUFA10,MT-ND4L,9606.ENSP00000252711,9606.ENSP00000354728,0.99,STRING
TP53BP2,BCL2,9606.ENSP00000341957,9606.ENSP00000381185,0.99,STRING
CAV1,PRNP,9606.ENSP00000339191,9606.ENSP00000399376,0.99,STRING
FYN,PRNP,9606.ENSP00000346671,9606.ENSP00000399376,0.99,STRING
HNF4A,SMAD4,9606.ENSP00000312987,9606.ENSP00000341551,0.99,STRING
CACNB3,CACNA2D4,9606.ENSP00000301050,9606.ENSP00000372169,0.99,STRING
NDUFS4,NDUFA4,9606.ENSP00000296684,9606.ENSP00000339720,0.99,STRING
CALM3,CACNA1S,9606.ENSP00000291295,9606.ENSP00000355192,0.99,STRING
CACNA1D,CACNB1,9606.ENSP00000288139,9606.ENSP00000377840,0.99,STRING
EP300,HDAC6,9606.ENSP00000263253,9606.ENSP00000365804,0.99,STRING
PIK3CA,PTPN11,9606.ENSP00000263967,9606.ENSP00000489597,0.99,STRING
CACNB2,CACNA2D2,9606.ENSP00000320025,9606.ENSP00000418081,0.99,STRING
IFNG,CD8A,9606.ENSP00000229135,9606.ENSP00000386559,0.99,STRING
IL2,IFNG,9606.ENSP00000226730,9606.ENSP00000229135,0.99,STRING
CACNA1D,CALM3,9606.ENSP00000288139,9606.ENSP00000291295,0.99,STRING
IFNG,IL4,9606.ENSP00000229135,9606.ENSP00000231449,0.99,STRING
DRD2,CNR1,9606.ENSP00000354859,9606.ENSP00000358513,0.99,STRING
NFKB1,TBK1,9606.ENSP00000226574,9606.ENSP00000329967,0.99,STRING
RUNX1,GATA1,9606.ENSP00000300305,9606.ENSP00000365858,0.989,STRING
SYK,CD3G,9606.ENSP00000364898,9606.ENSP00000431445,0.989,STRING
RUNX1,GATA3,9606.ENSP00000300305,9606.ENSP00000368632,0.989,STRING
PTCH1,GLI3,9606.ENSP00000332353,9606.ENSP00000379258,0.989,STRING
GRIK1,GRIK3,9606.ENSP00000327687,9606.ENSP00000362183,0.989,STRING
NDUFS8,NDUFA4,9606.ENSP00000315774,9606.ENSP00000339720,0.989,STRING
MAPK14,MAPK3,9606.ENSP00000229795,9606.ENSP00000263025,0.989,STRING
RBX1,CDKN1B,9606.ENSP00000216225,9606.ENSP00000228872,0.989,STRING
GABRB2,GABRG2,9606.ENSP00000274547,9606.ENSP00000410732,0.989,STRING
CCDC6,RET,9606.ENSP00000263102,9606.ENSP00000347942,0.989,STRING
MYH6,MYBPC3,9606.ENSP00000386041,9606.ENSP00000442795,0.989,STRING
PSMB10,PSMD4,9606.ENSP00000351314,9606.ENSP00000357876,0.989,STRING
PSMA8,PSMB10,9606.ENSP00000311121,9606.ENSP00000351314,0.989,STRING
TYR,OCA2,9606.ENSP00000263321,9606.ENSP00000346659,0.989,STRING
POLA1,POLD1,9606.ENSP00000368358,9606.ENSP00000472445,0.989,STRING
KRAS,ALK,9606.ENSP00000256078,9606.ENSP00000373700,0.989,STRING
NDUFC2,MT-ND6,9606.ENSP00000281031,9606.ENSP00000354665,0.989,STRING
ERBB4,TGFA,9606.ENSP00000342235,9606.ENSP00000404131,0.989,STRING
ATM,FANCD2,9606.ENSP00000278616,9606.ENSP00000287647,0.989,STRING
GRIK5,GRIK4,9606.ENSP00000301218,9606.ENSP00000435648,0.989,STRING
STAT5B,IL2RA,9606.ENSP00000293328,9606.ENSP00000369293,0.989,STRING
MAP2K1,MAP3K1,9606.ENSP00000302486,9606.ENSP00000382423,0.989,STRING
CETP,APOB,9606.ENSP00000200676,9606.ENSP00000233242,0.989,STRING
SRC,LYN,9606.ENSP00000362680,9606.ENSP00000428924,0.989,STRING
GSK3B,CSNK1E,9606.ENSP00000324806,9606.ENSP00000380044,0.989,STRING
IL2,JAK1,9606.ENSP00000226730,9606.ENSP00000499900,0.989,STRING
SMARCA4,HDAC1,9606.ENSP00000343896,9606.ENSP00000362649,0.989,STRING
CCND1,CDKN2C,9606.ENSP00000227507,9606.ENSP00000262662,0.989,STRING
EP300,RUNX1,9606.ENSP00000263253,9606.ENSP00000300305,0.989,STRING
NDUFB8,MT-ND4L,9606.ENSP00000299166,9606.ENSP00000354728,0.989,STRING
HDAC3,EZH2,9606.ENSP00000302967,9606.ENSP00000320147,0.989,STRING
CCR2,CXCR4,9606.ENSP00000292301,9606.ENSP00000386884,0.989,STRING
NFKB1,TP53,9606.ENSP00000226574,9606.ENSP00000269305,0.989,STRING
EGFR,IGF1R,9606.ENSP00000275493,9606.ENSP00000497069,0.989,STRING
IFNG,IFNAR1,9606.ENSP00000229135,9606.ENSP00000270139,0.989,STRING
CALM3,SCN4A,9606.ENSP00000291295,9606.ENSP00000396320,0.989,STRING
MAP2K1,HRAS,9606.ENSP00000302486,9606.ENSP00000407586,0.989,STRING
PDGFRA,PDGFRB,9606.ENSP00000257290,9606.ENSP00000261799,0.989,STRING
MT-ND6,NDUFA5,9606.ENSP00000354665,9606.ENSP00000417142,0.989,STRING
CD8A,CD3G,9606.ENSP00000386559,9606.ENSP00000431445,0.989,STRING
NDUFA4,NDUFA13,9606.ENSP00000339720,9606.ENSP00000423673,0.989,STRING
EGFR,PTK6,9606.ENSP00000275493,9606.ENSP00000442460,0.989,STRING
HDAC2,TET2,9606.ENSP00000430432,9606.ENSP00000442788,0.989,STRING
MSH2,ERCC4,9606.ENSP00000233146,9606.ENSP00000310520,0.989,STRING
NDUFA4,NDUFA8,9606.ENSP00000339720,9606.ENSP00000362873,0.989,STRING
CETP,APOA1,9606.ENSP00000200676,9606.ENSP00000236850,0.989,STRING
PLG,PLAU,9606.ENSP00000308938,9606.ENSP00000361850,0.989,STRING
NTRK2,NTRK1,9606.ENSP00000277120,9606.ENSP00000431418,0.989,STRING
NDUFS3,NDUFA4,9606.ENSP00000263774,9606.ENSP00000339720,0.989,STRING
STAT4,JAK1,9606.ENSP00000351255,9606.ENSP00000499900,0.988,STRING
MAPK1,AKT1,9606.ENSP00000215832,9606.ENSP00000451828,0.988,STRING
FOXP3,HIF1A,9606.ENSP00000365380,9606.ENSP00000437955,0.988,STRING
TBK1,MYD88,9606.ENSP00000329967,9606.ENSP00000498321,0.988,STRING
NDUFA4,NDUFS2,9606.ENSP00000339720,9606.ENSP00000356972,0.988,STRING
EDNRA,AGT,9606.ENSP00000315011,9606.ENSP00000355627,0.988,STRING
NDUFA4,NDUFV1,9606.ENSP00000339720,9606.ENSP00000497587,0.988,STRING
NDUFS8,NDUFAF4,9606.ENSP00000315774,9606.ENSP00000358272,0.988,STRING
PSMD6,SEM1,9606.ENSP00000418695,9606.ENSP00000481021,0.988,STRING
HNF4A,HNF1A,9606.ENSP00000312987,9606.ENSP00000438804,0.988,STRING
NDUFA12,MT-ND6,9606.ENSP00000330737,9606.ENSP00000354665,0.988,STRING
MAPK1,KRAS,9606.ENSP00000215832,9606.ENSP00000256078,0.988,STRING
MT-ND1,NDUFB1,9606.ENSP00000354687,9606.ENSP00000483888,0.988,STRING
MT-ND4L,NDUFA3,9606.ENSP00000354728,9606.ENSP00000418438,0.988,STRING
NDUFB9,MT-ND6,9606.ENSP00000276689,9606.ENSP00000354665,0.988,STRING
PTK2,PIK3R1,9606.ENSP00000341189,9606.ENSP00000428056,0.988,STRING
TLR9,IRAK1,9606.ENSP00000353874,9606.ENSP00000358997,0.988,STRING
CD86,CD40,9606.ENSP00000332049,9606.ENSP00000361359,0.988,STRING
PSIP1,KMT2A,9606.ENSP00000370114,9606.ENSP00000436786,0.988,STRING
CDH1,SRC,9606.ENSP00000261769,9606.ENSP00000362680,0.988,STRING
ATM,ABL1,9606.ENSP00000278616,9606.ENSP00000361423,0.988,STRING
MECOM,RUNX1,9606.ENSP00000264674,9606.ENSP00000300305,0.988,STRING
CACNA1S,CACNA1F,9606.ENSP00000355192,9606.ENSP00000365441,0.988,STRING
EP300,BRD4,9606.ENSP00000263253,9606.ENSP00000263377,0.988,STRING
NDUFC2,NDUFA4,9606.ENSP00000281031,9606.ENSP00000339720,0.988,STRING
ACVR2A,TGFBR1,9606.ENSP00000241416,9606.ENSP00000447297,0.988,STRING
IFNAR1,SOCS1,9606.ENSP00000270139,9606.ENSP00000496577,0.988,STRING
NDUFB11,MT-ND4L,9606.ENSP00000276062,9606.ENSP00000354728,0.988,STRING
IL7R,JAK3,9606.ENSP00000306157,9606.ENSP00000432511,0.988,STRING
CALM3,MBP,9606.ENSP00000291295,9606.ENSP00000380958,0.988,STRING
ERCC4,ERCC2,9606.ENSP00000310520,9606.ENSP00000375809,0.988,STRING
TGFB1,TGFB3,9606.ENSP00000221930,9606.ENSP00000238682,0.988,STRING
NDUFB11,MT-ND6,9606.ENSP00000276062,9606.ENSP00000354665,0.988,STRING
INSR,PIK3R1,9606.ENSP00000303830,9606.ENSP00000428056,0.988,STRING
IL4,IL5,9606.ENSP00000231449,9606.ENSP00000231454,0.988,STRING
CYP2C9,CYP2C19,9606.ENSP00000260682,9606.ENSP00000360372,0.988,STRING
PSMC4,PSMB9,9606.ENSP00000157812,9606.ENSP00000363993,0.988,STRING
ROCK2,ROCK1,9606.ENSP00000317985,9606.ENSP00000382697,0.988,STRING
SH2B3,JAK2,9606.ENSP00000345492,9606.ENSP00000371067,0.988,STRING
ATP1B2,ATP1A3,9606.ENSP00000250111,9606.ENSP00000444688,0.988,STRING
NDUFS6,NDUFA4,9606.ENSP00000274137,9606.ENSP00000339720,0.988,STRING
NDUFA9,NDUFA4,9606.ENSP00000266544,9606.ENSP00000339720,0.988,STRING
IL4R,JAK3,9606.ENSP00000379111,9606.ENSP00000432511,0.988,STRING
MBP,PLP1,9606.ENSP00000380958,9606.ENSP00000481006,0.988,STRING
EGFR,ESR1,9606.ENSP00000275493,9606.ENSP00000405330,0.988,STRING
NDUFB4,MT-ND4L,9606.ENSP00000184266,9606.ENSP00000354728,0.988,STRING
NFKB1,NFKBIZ,9606.ENSP00000226574,9606.ENSP00000325663,0.988,STRING
PTEN,AKT1,9606.ENSP00000361021,9606.ENSP00000451828,0.988,STRING
NDUFA10,NDUFA4,9606.ENSP00000252711,9606.ENSP00000339720,0.988,STRING
FYN,PIK3R1,9606.ENSP00000346671,9606.ENSP00000428056,0.988,STRING
NFKB1,CXCL8,9606.ENSP00000226574,9606.ENSP00000306512,0.988,STRING
FYN,PTPN11,9606.ENSP00000346671,9606.ENSP00000489597,0.988,STRING
CACNA1C,CACNB1,9606.ENSP00000266376,9606.ENSP00000377840,0.988,STRING
POLE,PRIM2,9606.ENSP00000322570,9606.ENSP00000484105,0.988,STRING
NDUFS6,MT-ND6,9606.ENSP00000274137,9606.ENSP00000354665,0.988,STRING
TUBB3,MAPT,9606.ENSP00000320295,9606.ENSP00000340820,0.987,STRING
PSMC4,PSMA8,9606.ENSP00000157812,9606.ENSP00000311121,0.987,STRING
MAPK1,ESR1,9606.ENSP00000215832,9606.ENSP00000405330,0.987,STRING
MAPK14,MAP2K4,9606.ENSP00000229795,9606.ENSP00000410402,0.987,STRING
CACNA2D1,CACNA1F,9606.ENSP00000349320,9606.ENSP00000365441,0.987,STRING
ERBB3,MET,9606.ENSP00000267101,9606.ENSP00000317272,0.987,STRING
POLA2,POLD2,9606.ENSP00000265465,9606.ENSP00000480186,0.987,STRING
ALB,B2M,9606.ENSP00000295897,9606.ENSP00000497910,0.987,STRING
JAK2,PIK3R1,9606.ENSP00000371067,9606.ENSP00000428056,0.987,STRING
RPS27A,PSMD14,9606.ENSP00000272317,9606.ENSP00000386541,0.987,STRING
MT-ND6,NDUFA6,9606.ENSP00000354665,9606.ENSP00000482543,0.987,STRING
SYK,LCK,9606.ENSP00000364898,9606.ENSP00000477713,0.987,STRING
NDUFB4,MT-ND6,9606.ENSP00000184266,9606.ENSP00000354665,0.987,STRING
MT-ND4L,NDUFC1,9606.ENSP00000354728,9606.ENSP00000441126,0.987,STRING
MT-ND6,NDUFC1,9606.ENSP00000354665,9606.ENSP00000441126,0.987,STRING
PSMB2,ADRM1,9606.ENSP00000362334,9606.ENSP00000478877,0.987,STRING
MAOB,DDC,9606.ENSP00000367309,9606.ENSP00000403644,0.987,STRING
CALCR,GNAS,9606.ENSP00000352561,9606.ENSP00000360141,0.987,STRING
SMAD2,EP300,9606.ENSP00000262160,9606.ENSP00000263253,0.987,STRING
CACNB2,CACNA1S,9606.ENSP00000320025,9606.ENSP00000355192,0.987,STRING
IKZF1,HDAC1,9606.ENSP00000331614,9606.ENSP00000362649,0.987,STRING
PSMC4,PSMB8,9606.ENSP00000157812,9606.ENSP00000364016,0.987,STRING
FGFR3,FGFR2,9606.ENSP00000339824,9606.ENSP00000410294,0.987,STRING
SRC,WAS,9606.ENSP00000362680,9606.ENSP00000365891,0.987,STRING
SOS1,FGFR1,9606.ENSP00000384675,9606.ENSP00000393312,0.987,STRING
APOB,PCSK9,9606.ENSP00000233242,9606.ENSP00000303208,0.987,STRING
NDUFV3,MT-ND4L,9606.ENSP00000346196,9606.ENSP00000354728,0.987,STRING
REN,ACE,9606.ENSP00000272190,9606.ENSP00000290866,0.987,STRING
CD8A,PRF1,9606.ENSP00000386559,9606.ENSP00000398568,0.987,STRING
CCND1,GSK3B,9606.ENSP00000227507,9606.ENSP00000324806,0.987,STRING
ACVR2A,BMPR1B,9606.ENSP00000241416,9606.ENSP00000401907,0.987,STRING
BARD1,PALB2,9606.ENSP00000260947,9606.ENSP00000261584,0.987,STRING
POLE2,POLD2,9606.ENSP00000216367,9606.ENSP00000480186,0.987,STRING
NDUFB11,NDUFA4,9606.ENSP00000276062,9606.ENSP00000339720,0.987,STRING
CSF1R,TNFSF11,9606.ENSP00000286301,9606.ENSP00000381775,0.987,STRING
MAP3K7,IRAK1,9606.ENSP00000358335,9606.ENSP00000358997,0.987,STRING
CBL,LYN,9606.ENSP00000264033,9606.ENSP00000428924,0.987,STRING
NDUFB7,MT-ND6,9606.ENSP00000215565,9606.ENSP00000354665,0.987,STRING
BAG3,BCL2,9606.ENSP00000358081,9606.ENSP00000381185,0.986,STRING
STK11,PRKAA1,9606.ENSP00000324856,9606.ENSP00000346148,0.986,STRING
IL12B,IL23R,9606.ENSP00000231228,9606.ENSP00000321345,0.986,STRING
EZH2,CTNNB1,9606.ENSP00000320147,9606.ENSP00000495360,0.986,STRING
ACVR2A,GDF5,9606.ENSP00000241416,9606.ENSP00000363492,0.986,STRING
FYN,CTNNB1,9606.ENSP00000346671,9606.ENSP00000495360,0.986,STRING
PDGFRA,EGFR,9606.ENSP00000257290,9606.ENSP00000275493,0.986,STRING
CCND1,CREBBP,9606.ENSP00000227507,9606.ENSP00000262367,0.986,STRING
SMAD2,CREBBP,9606.ENSP00000262160,9606.ENSP00000262367,0.986,STRING
KCNK3,KCNK9,9606.ENSP00000306275,9606.ENSP00000498198,0.986,STRING
PIK3CA,KIT,9606.ENSP00000263967,9606.ENSP00000288135,0.986,STRING
IL1B,TLR4,9606.ENSP00000263341,9606.ENSP00000363089,0.986,STRING
IFNG,IFNAR2,9606.ENSP00000229135,9606.ENSP00000343957,0.986,STRING
GRIK5,GRIK3,9606.ENSP00000301218,9606.ENSP00000362183,0.986,STRING
MAPK3,MYC,9606.ENSP00000263025,9606.ENSP00000478887,0.986,STRING
TUBB,TUBB4B,9606.ENSP00000339001,9606.ENSP00000341289,0.986,STRING
EP300,BRCA1,9606.ENSP00000263253,9606.ENSP00000418960,0.986,STRING
MAOA,DDC,9606.ENSP00000340684,9606.ENSP00000403644,0.986,STRING
PPP3CA,CALM1,9606.ENSP00000378323,9606.ENSP00000499717,0.986,STRING
TP53,G6PD,9606.ENSP00000269305,9606.ENSP00000377192,0.986,STRING
KDR,ANGPT2,9606.ENSP00000263923,9606.ENSP00000314897,0.986,STRING
CACNG1,CACNG4,9606.ENSP00000226021,9606.ENSP00000262138,0.986,STRING
ITGA2B,ITGB2,9606.ENSP00000262407,9606.ENSP00000380948,0.986,STRING
CREBBP,EPAS1,9606.ENSP00000262367,9606.ENSP00000263734,0.986,STRING
TNNI3K,TNNI3,9606.ENSP00000322251,9606.ENSP00000341838,0.986,STRING
NRAS,ALK,9606.ENSP00000358548,9606.ENSP00000373700,0.986,STRING
FGF23,FGFR2,9606.ENSP00000237837,9606.ENSP00000410294,0.986,STRING
IL6,TYK2,9606.ENSP00000385675,9606.ENSP00000431885,0.986,STRING
PTGER2,GNAS,9606.ENSP00000245457,9606.ENSP00000360141,0.986,STRING
SCN5A,CALM1,9606.ENSP00000328968,9606.ENSP00000499717,0.986,STRING
PDGFRB,KDR,9606.ENSP00000261799,9606.ENSP00000263923,0.986,STRING
MT-ND4L,NDUFB3,9606.ENSP00000354728,9606.ENSP00000407336,0.986,STRING
IL6R,JAK1,9606.ENSP00000357470,9606.ENSP00000499900,0.986,STRING
APOB,APOA5,9606.ENSP00000233242,9606.ENSP00000445002,0.986,STRING
EGFR,JAK2,9606.ENSP00000275493,9606.ENSP00000371067,0.986,STRING
MT-ND4L,NDUFA1,9606.ENSP00000354728,9606.ENSP00000360492,0.986,STRING
POLE2,PRIM2,9606.ENSP00000216367,9606.ENSP00000484105,0.986,STRING
HCK,LYN,9606.ENSP00000365012,9606.ENSP00000428924,0.986,STRING
CYP17A1,SRD5A2,9606.ENSP00000358903,9606.ENSP00000477587,0.986,STRING
PSMC1,PSMB9,9606.ENSP00000261303,9606.ENSP00000363993,0.986,STRING
NDUFA4,NDUFA3,9606.ENSP00000339720,9606.ENSP00000418438,0.986,STRING
HTR3B,HTR3D,9606.ENSP00000260191,9606.ENSP00000371929,0.986,STRING
IL4,IL10,9606.ENSP00000231449,9606.ENSP00000412237,0.986,STRING
POLE2,PRIM1,9606.ENSP00000216367,9606.ENSP00000350491,0.986,STRING
PTGER4,GNAS,9606.ENSP00000302846,9606.ENSP00000360141,0.986,STRING
MT-ND6,NDUFB3,9606.ENSP00000354665,9606.ENSP00000407336,0.986,STRING
CACNG4,CACNA1D,9606.ENSP00000262138,9606.ENSP00000288139,0.986,STRING
IL4,IL6,9606.ENSP00000231449,9606.ENSP00000385675,0.986,STRING
RB1,HDAC2,9606.ENSP00000267163,9606.ENSP00000430432,0.986,STRING
MAPK1,HIF1A,9606.ENSP00000215832,9606.ENSP00000437955,0.985,STRING
NDUFA2,SDHD,9606.ENSP00000252102,9606.ENSP00000364699,0.985,STRING
POLE3,POLA1,9606.ENSP00000363286,9606.ENSP00000368358,0.985,STRING
BRCA2,CHEK2,9606.ENSP00000369497,9606.ENSP00000372023,0.985,STRING
MET,CTNNB1,9606.ENSP00000317272,9606.ENSP00000495360,0.985,STRING
SRC,AR,9606.ENSP00000362680,9606.ENSP00000363822,0.985,STRING
MYH9,MYH10,9606.ENSP00000216181,9606.ENSP00000353590,0.985,STRING
F2,F8,9606.ENSP00000308541,9606.ENSP00000353393,0.985,STRING
TUBB6,TUBA1B,9606.ENSP00000318697,9606.ENSP00000336799,0.985,STRING
PPP3CA,PPIA,9606.ENSP00000378323,9606.ENSP00000419425,0.985,STRING
EBF1,PAX5,9606.ENSP00000322898,9606.ENSP00000350844,0.985,STRING
PSMB9,PSMD14,9606.ENSP00000363993,9606.ENSP00000386541,0.985,STRING
HDAC1,CTNNB1,9606.ENSP00000362649,9606.ENSP00000495360,0.985,STRING
POLE3,POLD1,9606.ENSP00000363286,9606.ENSP00000472445,0.985,STRING
CETP,APOC1,9606.ENSP00000200676,9606.ENSP00000465356,0.985,STRING
MAPK3,BCL2,9606.ENSP00000263025,9606.ENSP00000381185,0.985,STRING
MT-ND4L,NDUFS5,9606.ENSP00000354728,9606.ENSP00000362058,0.985,STRING
CHUK,MYD88,9606.ENSP00000359424,9606.ENSP00000498321,0.985,STRING
CYP51A1,SIGMAR1,9606.ENSP00000003100,9606.ENSP00000277010,0.985,STRING
CD4,CD3G,9606.ENSP00000011653,9606.ENSP00000431445,0.985,STRING
CALM3,PDE1A,9606.ENSP00000291295,9606.ENSP00000410309,0.985,STRING
IL2,CXCL8,9606.ENSP00000226730,9606.ENSP00000306512,0.985,STRING
ARSA,GALC,9606.ENSP00000216124,9606.ENSP00000261304,0.985,STRING
TSC1,AKT1,9606.ENSP00000298552,9606.ENSP00000451828,0.985,STRING
GRIK3,GRIK2,9606.ENSP00000362183,9606.ENSP00000397026,0.985,STRING
CTNNB1,IGF1R,9606.ENSP00000495360,9606.ENSP00000497069,0.985,STRING
C3,CRP,9606.ENSP00000245907,9606.ENSP00000255030,0.985,STRING
STAT3,MYC,9606.ENSP00000264657,9606.ENSP00000478887,0.985,STRING
POLD3,POLA1,9606.ENSP00000263681,9606.ENSP00000368358,0.985,STRING
NDUFC2,MT-ND4L,9606.ENSP00000281031,9606.ENSP00000354728,0.985,STRING
PARP1,BRCA2,9606.ENSP00000355759,9606.ENSP00000369497,0.985,STRING
LEP,INS,9606.ENSP00000312652,9606.ENSP00000380432,0.985,STRING
MYC,CTNNB1,9606.ENSP00000478887,9606.ENSP00000495360,0.985,STRING
EPOR,CSF2RB,9606.ENSP00000222139,9606.ENSP00000384053,0.985,STRING
DPP4,CXCR4,9606.ENSP00000353731,9606.ENSP00000386884,0.985,STRING
ATP1B2,ATP1A1,9606.ENSP00000250111,9606.ENSP00000445306,0.985,STRING
TUBA1B,TUBA1C,9606.ENSP00000336799,9606.ENSP00000443475,0.984,STRING
CACNG2,GRIA3,9606.ENSP00000300105,9606.ENSP00000481554,0.984,STRING
IL4,IL2RA,9606.ENSP00000231449,9606.ENSP00000369293,0.984,STRING
BTK,MYD88,9606.ENSP00000483570,9606.ENSP00000498321,0.984,STRING
CALM3,KCNQ3,9606.ENSP00000291295,9606.ENSP00000373648,0.984,STRING
TUBA1B,TUBB8,9606.ENSP00000336799,9606.ENSP00000456206,0.984,STRING
MT-ND4L,NDUFA11,9606.ENSP00000354728,9606.ENSP00000389160,0.984,STRING
STAT3,PTPN11,9606.ENSP00000264657,9606.ENSP00000489597,0.984,STRING
NDUFS8,SDHD,9606.ENSP00000315774,9606.ENSP00000364699,0.984,STRING
STAT3,HDAC1,9606.ENSP00000264657,9606.ENSP00000362649,0.984,STRING
EP300,GATA1,9606.ENSP00000263253,9606.ENSP00000365858,0.984,STRING
STAT3,FOXP3,9606.ENSP00000264657,9606.ENSP00000365380,0.984,STRING
NDUFA7,MT-ND6,9606.ENSP00000301457,9606.ENSP00000354665,0.984,STRING
IMPDH2,IMPDH1,9606.ENSP00000321584,9606.ENSP00000345096,0.984,STRING
STAT5B,TYK2,9606.ENSP00000293328,9606.ENSP00000431885,0.984,STRING
CASP8,BCL2,9606.ENSP00000351273,9606.ENSP00000381185,0.984,STRING
TRPA1,TRPM8,9606.ENSP00000262209,9606.ENSP00000323926,0.984,STRING
STAT3,IL6,9606.ENSP00000264657,9606.ENSP00000385675,0.984,STRING
ANK1,TTN,9606.ENSP00000265709,9606.ENSP00000467141,0.984,STRING
PTEN,PIK3CB,9606.ENSP00000361021,9606.ENSP00000501150,0.984,STRING
STAT3,CDKN1A,9606.ENSP00000264657,9606.ENSP00000384849,0.984,STRING
RUNX1,HDAC2,9606.ENSP00000300305,9606.ENSP00000430432,0.984,STRING
FLT1,ANGPT1,9606.ENSP00000282397,9606.ENSP00000428340,0.984,STRING
PIK3CA,SRC,9606.ENSP00000263967,9606.ENSP00000362680,0.984,STRING
RARA,RARB,9606.ENSP00000254066,9606.ENSP00000332296,0.984,STRING
EZH2,MYC,9606.ENSP00000320147,9606.ENSP00000478887,0.984,STRING
NDUFB8,SDHD,9606.ENSP00000299166,9606.ENSP00000364699,0.984,STRING
NDUFA4,NDUFB1,9606.ENSP00000339720,9606.ENSP00000483888,0.984,STRING
IL2,IL17A,9606.ENSP00000226730,9606.ENSP00000497968,0.984,STRING
NRAS,CDKN2A,9606.ENSP00000358548,9606.ENSP00000418915,0.984,STRING
SFN,ESR1,9606.ENSP00000340989,9606.ENSP00000405330,0.984,STRING
CACNA1C,CACNA2D4,9606.ENSP00000266376,9606.ENSP00000372169,0.984,STRING
PSMC1,PSMA8,9606.ENSP00000261303,9606.ENSP00000311121,0.984,STRING
IFNG,IL6,9606.ENSP00000229135,9606.ENSP00000385675,0.983,STRING
SMARCA4,BRCA1,9606.ENSP00000343896,9606.ENSP00000418960,0.983,STRING
TP53,WT1,9606.ENSP00000269305,9606.ENSP00000368370,0.983,STRING
CXCL8,TNF,9606.ENSP00000306512,9606.ENSP00000398698,0.983,STRING
LRP6,PTH1R,9606.ENSP00000261349,9606.ENSP00000402723,0.983,STRING
BRCA2,RAD51D,9606.ENSP00000369497,9606.ENSP00000466399,0.983,STRING
NDUFA4,NDUFS1,9606.ENSP00000339720,9606.ENSP00000392709,0.983,STRING
PSMA1,ADRM1,9606.ENSP00000414359,9606.ENSP00000478877,0.983,STRING
APOB,SORT1,9606.ENSP00000233242,9606.ENSP00000256637,0.983,STRING
MAPK3,HRAS,9606.ENSP00000263025,9606.ENSP00000407586,0.983,STRING
APOB,LIPC,9606.ENSP00000233242,9606.ENSP00000299022,0.983,STRING
TGFB1,SMAD2,9606.ENSP00000221930,9606.ENSP00000262160,0.983,STRING
RUNX1,ETV6,9606.ENSP00000300305,9606.ENSP00000379658,0.983,STRING
PTK2,RHOA,9606.ENSP00000341189,9606.ENSP00000400175,0.983,STRING
CD19,SYK,9606.ENSP00000313419,9606.ENSP00000364898,0.983,STRING
CD4,CD40LG,9606.ENSP00000011653,9606.ENSP00000359663,0.983,STRING
IRF4,MYD88,9606.ENSP00000370343,9606.ENSP00000498321,0.983,STRING
PSMD8,PSMB9,9606.ENSP00000215071,9606.ENSP00000363993,0.983,STRING
NDUFS7,NDUFA4,9606.ENSP00000233627,9606.ENSP00000339720,0.983,STRING
CACNA2D1,CACNB4,9606.ENSP00000349320,9606.ENSP00000438949,0.983,STRING
MAPK1,MYC,9606.ENSP00000215832,9606.ENSP00000478887,0.983,STRING
MAPK1,MKNK2,9606.ENSP00000215832,9606.ENSP00000250896,0.983,STRING
PKD2,PKHD1,9606.ENSP00000237596,9606.ENSP00000360158,0.983,STRING
HDAC1,HIF1A,9606.ENSP00000362649,9606.ENSP00000437955,0.983,STRING
RARA,RXRG,9606.ENSP00000254066,9606.ENSP00000352900,0.983,STRING
MAP2K1,NRAS,9606.ENSP00000302486,9606.ENSP00000358548,0.983,STRING
PSMB9,PSMD13,9606.ENSP00000363993,9606.ENSP00000396937,0.983,STRING
FYN,SYK,9606.ENSP00000346671,9606.ENSP00000364898,0.983,STRING
DDC,PAH,9606.ENSP00000403644,9606.ENSP00000448059,0.983,STRING
AXL,SRC,9606.ENSP00000301178,9606.ENSP00000362680,0.983,STRING
CSF1R,RUNX1,9606.ENSP00000286301,9606.ENSP00000300305,0.983,STRING
CSF3R,JAK2,9606.ENSP00000362195,9606.ENSP00000371067,0.983,STRING
SMAD3,MEN1,9606.ENSP00000332973,9606.ENSP00000337088,0.983,STRING
STAT5B,ABL1,9606.ENSP00000293328,9606.ENSP00000361423,0.983,STRING
FLT1,ANGPT2,9606.ENSP00000282397,9606.ENSP00000314897,0.983,STRING
KCNQ1,KCNH2,9606.ENSP00000155840,9606.ENSP00000262186,0.983,STRING
TLR2,NOD2,9606.ENSP00000260010,9606.ENSP00000300589,0.983,STRING
TUBA4A,TUBB4A,9606.ENSP00000248437,9606.ENSP00000264071,0.983,STRING
NCOR1,NR1H4,9606.ENSP00000268712,9606.ENSP00000447149,0.983,STRING
HDAC1,HDAC9,9606.ENSP00000362649,9606.ENSP00000408617,0.982,STRING
PIK3CG,LYN,9606.ENSP00000419260,9606.ENSP00000428924,0.982,STRING
SCN3A,SCN2A,9606.ENSP00000283254,9606.ENSP00000490107,0.982,STRING
APOE,LPL,9606.ENSP00000252486,9606.ENSP00000497642,0.982,STRING
CD4,CD3D,9606.ENSP00000011653,9606.ENSP00000300692,0.982,STRING
IFNG,FOXP3,9606.ENSP00000229135,9606.ENSP00000365380,0.982,STRING
TTR,APP,9606.ENSP00000237014,9606.ENSP00000284981,0.982,STRING
AQP2,AVPR2,9606.ENSP00000199280,9606.ENSP00000496396,0.982,STRING
ESR1,MYC,9606.ENSP00000405330,9606.ENSP00000478887,0.982,STRING
KCNA5,KCNA2,9606.ENSP00000252321,9606.ENSP00000487785,0.982,STRING
ALDH2,MAOA,9606.ENSP00000261733,9606.ENSP00000340684,0.982,STRING
NDUFA4,NDUFC1,9606.ENSP00000339720,9606.ENSP00000441126,0.982,STRING
NDUFA4,NDUFS5,9606.ENSP00000339720,9606.ENSP00000362058,0.982,STRING
FGFR3,HRAS,9606.ENSP00000339824,9606.ENSP00000407586,0.982,STRING
BARD1,TP53,9606.ENSP00000260947,9606.ENSP00000269305,0.982,STRING
CACNA2D2,CACNA1A,9606.ENSP00000418081,9606.ENSP00000489829,0.982,STRING
CDKN1B,CDKN1A,9606.ENSP00000228872,9606.ENSP00000384849,0.982,STRING
NDUFA7,MT-ND4L,9606.ENSP00000301457,9606.ENSP00000354728,0.982,STRING
CACNB3,CACNA1E,9606.ENSP00000301050,9606.ENSP00000356545,0.982,STRING
NCOR1,THRB,9606.ENSP00000268712,9606.ENSP00000379904,0.982,STRING
RYR2,FKBP1A,9606.ENSP00000355533,9606.ENSP00000383003,0.982,STRING
CBL,LCK,9606.ENSP00000264033,9606.ENSP00000477713,0.982,STRING
CACNA1B,CACNB1,9606.ENSP00000360423,9606.ENSP00000377840,0.982,STRING
GATA3,ESR1,9606.ENSP00000368632,9606.ENSP00000405330,0.982,STRING
MPL,JAK2,9606.ENSP00000361548,9606.ENSP00000371067,0.982,STRING
CACNA1C,CACNA2D2,9606.ENSP00000266376,9606.ENSP00000418081,0.982,STRING
TBK1,IFIH1,9606.ENSP00000329967,9606.ENSP00000497271,0.982,STRING
KRAS,MAPK3,9606.ENSP00000256078,9606.ENSP00000263025,0.982,STRING
APOA1,APP,9606.ENSP00000236850,9606.ENSP00000284981,0.982,STRING
IL6R,TNF,9606.ENSP00000357470,9606.ENSP00000398698,0.982,STRING
CACNA1C,CACNA1S,9606.ENSP00000266376,9606.ENSP00000355192,0.982,STRING
NDUFB7,NDUFA4,9606.ENSP00000215565,9606.ENSP00000339720,0.982,STRING
IL5,IL10,9606.ENSP00000231454,9606.ENSP00000412237,0.982,STRING
MSH6,MUTYH,9606.ENSP00000234420,9606.ENSP00000500891,0.982,STRING
PDE6A,PDE6B,9606.ENSP00000255266,9606.ENSP00000420295,0.982,STRING
SMAD2,MYC,9606.ENSP00000262160,9606.ENSP00000478887,0.982,STRING
HTR3B,HTR3C,9606.ENSP00000260191,9606.ENSP00000322617,0.982,STRING
ATP1B2,ATP1A4,9606.ENSP00000250111,9606.ENSP00000357060,0.982,STRING
KCNN2,CALM2,9606.ENSP00000264773,9606.ENSP00000499797,0.982,STRING
KRAS,FGFR1,9606.ENSP00000256078,9606.ENSP00000393312,0.981,STRING
CYP27B1,RXRA,9606.ENSP00000228606,9606.ENSP00000419692,0.981,STRING
NR3C1,STAT3,9606.ENSP00000231509,9606.ENSP00000264657,0.981,STRING
TUBB6,TUBA1A,9606.ENSP00000318697,9606.ENSP00000439020,0.981,STRING
PSMA8,PSMD4,9606.ENSP00000311121,9606.ENSP00000357876,0.981,STRING
TUBB6,TUBA1C,9606.ENSP00000318697,9606.ENSP00000443475,0.981,STRING
CACNA1C,RYR2,9606.ENSP00000266376,9606.ENSP00000355533,0.981,STRING
NDUFB5,PALB2,9606.ENSP00000259037,9606.ENSP00000261584,0.981,STRING
KIT,NRAS,9606.ENSP00000288135,9606.ENSP00000358548,0.981,STRING
TUBA4A,MAPT,9606.ENSP00000248437,9606.ENSP00000340820,0.981,STRING
TYR,MITF,9606.ENSP00000263321,9606.ENSP00000391803,0.981,STRING
CDKN1A,MYC,9606.ENSP00000384849,9606.ENSP00000478887,0.981,STRING
JAK2,IGF1R,9606.ENSP00000371067,9606.ENSP00000497069,0.981,STRING
FLT3,CEBPA,9606.ENSP00000241453,9606.ENSP00000427514,0.981,STRING
CACNA1C,CALM1,9606.ENSP00000266376,9606.ENSP00000499717,0.981,STRING
TP53,ATRX,9606.ENSP00000269305,9606.ENSP00000362441,0.981,STRING
LRRK2,GAK,9606.ENSP00000298910,9606.ENSP00000314499,0.981,STRING
STAT3,MET,9606.ENSP00000264657,9606.ENSP00000317272,0.981,STRING
MAPK3,ESR1,9606.ENSP00000263025,9606.ENSP00000405330,0.981,STRING
FGF10,FGFR3,9606.ENSP00000264664,9606.ENSP00000339824,0.981,STRING
NDUFAF4,NDUFA5,9606.ENSP00000358272,9606.ENSP00000417142,0.981,STRING
IFNG,STAT4,9606.ENSP00000229135,9606.ENSP00000351255,0.981,STRING
ATRX,MECP2,9606.ENSP00000362441,9606.ENSP00000395535,0.981,STRING
TOP2B,TOP1,9606.ENSP00000264331,9606.ENSP00000354522,0.981,STRING
CD4,SYK,9606.ENSP00000011653,9606.ENSP00000364898,0.981,STRING
CACNG1,CACNA2D2,9606.ENSP00000226021,9606.ENSP00000418081,0.981,STRING
ABL1,ABL2,9606.ENSP00000361423,9606.ENSP00000427562,0.981,STRING
FGFR3,NRAS,9606.ENSP00000339824,9606.ENSP00000358548,0.981,STRING
AR,ESR1,9606.ENSP00000363822,9606.ENSP00000405330,0.981,STRING
NFKB1,NLRP3,9606.ENSP00000226574,9606.ENSP00000337383,0.981,STRING
PSMC5,PSMB8,9606.ENSP00000310572,9606.ENSP00000364016,0.981,STRING
GRIN2A,FYN,9606.ENSP00000332549,9606.ENSP00000346671,0.981,STRING
FGF23,PHEX,9606.ENSP00000237837,9606.ENSP00000368682,0.981,STRING
CACNA1C,CACNA1D,9606.ENSP00000266376,9606.ENSP00000288139,0.981,STRING
PSMB1,ADRM1,9606.ENSP00000262193,9606.ENSP00000478877,0.98,STRING
SERPINC1,FGA,9606.ENSP00000356671,9606.ENSP00000498441,0.98,STRING
FLT4,ANGPT2,9606.ENSP00000261937,9606.ENSP00000314897,0.98,STRING
STAT3,SYK,9606.ENSP00000264657,9606.ENSP00000364898,0.98,STRING
CHRNA5,CHRNA3,9606.ENSP00000299565,9606.ENSP00000315602,0.98,STRING
STAT3,IL23R,9606.ENSP00000264657,9606.ENSP00000321345,0.98,STRING
PSMA6,RPS27A,9606.ENSP00000261479,9606.ENSP00000272317,0.98,STRING
CALM3,CACNA1G,9606.ENSP00000291295,9606.ENSP00000352011,0.98,STRING
IL10,IL17A,9606.ENSP00000412237,9606.ENSP00000497968,0.98,STRING
CDH1,PSEN1,9606.ENSP00000261769,9606.ENSP00000326366,0.98,STRING
CYP2C9,CYP3A4,9606.ENSP00000260682,9606.ENSP00000498939,0.98,STRING
RUNX1,RUNX3,9606.ENSP00000300305,9606.ENSP00000382800,0.98,STRING
CYP2C9,VKORC1,9606.ENSP00000260682,9606.ENSP00000378426,0.98,STRING
CD4,FYN,9606.ENSP00000011653,9606.ENSP00000346671,0.98,STRING
PPARG,RXRB,9606.ENSP00000287820,9606.ENSP00000363817,0.98,STRING
CACNA1D,CACNA1F,9606.ENSP00000288139,9606.ENSP00000365441,0.98,STRING
SMAD2,HDAC1,9606.ENSP00000262160,9606.ENSP00000362649,0.98,STRING
IL6,IL17A,9606.ENSP00000385675,9606.ENSP00000497968,0.98,STRING
HGF,EGFR,9606.ENSP00000222390,9606.ENSP00000275493,0.98,STRING
ERBB2,PGR,9606.ENSP00000269571,9606.ENSP00000325120,0.98,STRING
INSR,PTPN11,9606.ENSP00000303830,9606.ENSP00000489597,0.98,STRING
NDUFA4,NDUFA11,9606.ENSP00000339720,9606.ENSP00000389160,0.98,STRING
GSK3A,GSK3B,9606.ENSP00000222330,9606.ENSP00000324806,0.98,STRING
ACVR2A,BMP5,9606.ENSP00000241416,9606.ENSP00000359866,0.98,STRING
APOE,ABCA1,9606.ENSP00000252486,9606.ENSP00000363868,0.98,STRING
CD3E,LCK,9606.ENSP00000354566,9606.ENSP00000477713,0.98,STRING
MAPK3,MAP2K3,9606.ENSP00000263025,9606.ENSP00000345083,0.98,STRING
GBA,SMPD1,9606.ENSP00000314508,9606.ENSP00000340409,0.98,STRING
FGG,ITGB3,9606.ENSP00000336829,9606.ENSP00000452786,0.98,STRING
CACNA1F,CACNA2D4,9606.ENSP00000365441,9606.ENSP00000372169,0.98,STRING
SMAD3,HDAC1,9606.ENSP00000332973,9606.ENSP00000362649,0.98,STRING
RB1,ABL1,9606.ENSP00000267163,9606.ENSP00000361423,0.98,STRING
IL2RB,JAK3,9606.ENSP00000216223,9606.ENSP00000432511,0.98,STRING
PSMA8,PSMC2,9606.ENSP00000311121,9606.ENSP00000391211,0.98,STRING
PIK3CA,JAK2,9606.ENSP00000263967,9606.ENSP00000371067,0.98,STRING
RAD51C,BRCA1,9606.ENSP00000336701,9606.ENSP00000418960,0.98,STRING
SYK,PIK3R1,9606.ENSP00000364898,9606.ENSP00000428056,0.98,STRING
PAX8,NKX2-1,9606.ENSP00000263334,9606.ENSP00000346879,0.98,STRING
CCND1,STAT3,9606.ENSP00000227507,9606.ENSP00000264657,0.98,STRING
CDKN1B,CUL4A,9606.ENSP00000228872,9606.ENSP00000364589,0.98,STRING
RYR1,CALM1,9606.ENSP00000352608,9606.ENSP00000499717,0.98,STRING
FGF23,FGFR3,9606.ENSP00000237837,9606.ENSP00000339824,0.98,STRING
TUBA1C,TUBB8,9606.ENSP00000443475,9606.ENSP00000456206,0.979,STRING
SERPING1,MBL2,9606.ENSP00000278407,9606.ENSP00000363079,0.979,STRING
TLR9,TLR4,9606.ENSP00000353874,9606.ENSP00000363089,0.979,STRING
ACVR2A,SMAD3,9606.ENSP00000241416,9606.ENSP00000332973,0.979,STRING
FYN,WAS,9606.ENSP00000346671,9606.ENSP00000365891,0.979,STRING
EGFR,IL6,9606.ENSP00000275493,9606.ENSP00000385675,0.979,STRING
ENG,BMPR2,9606.ENSP00000362299,9606.ENSP00000363708,0.979,STRING
SMAD2,MAPK3,9606.ENSP00000262160,9606.ENSP00000263025,0.979,STRING
CACNA1H,CACNA1I,9606.ENSP00000334198,9606.ENSP00000385019,0.979,STRING
RB1,SMARCA4,9606.ENSP00000267163,9606.ENSP00000343896,0.979,STRING
HTR3A,HTR3E,9606.ENSP00000347754,9606.ENSP00000406050,0.979,STRING
RIPK1,TBK1,9606.ENSP00000259808,9606.ENSP00000329967,0.979,STRING
ABCC2,ABCG2,9606.ENSP00000497274,9606.ENSP00000498246,0.979,STRING
CYP17A1,AKR1C3,9606.ENSP00000358903,9606.ENSP00000369927,0.979,STRING
HDAC5,NCOR1,9606.ENSP00000225983,9606.ENSP00000268712,0.979,STRING
IL23R,TYK2,9606.ENSP00000321345,9606.ENSP00000431885,0.979,STRING
KRAS,MET,9606.ENSP00000256078,9606.ENSP00000317272,0.979,STRING
NFKB1,IL18,9606.ENSP00000226574,9606.ENSP00000280357,0.979,STRING
CD4,FOXP3,9606.ENSP00000011653,9606.ENSP00000365380,0.979,STRING
MAPK1,HRAS,9606.ENSP00000215832,9606.ENSP00000407586,0.979,STRING
KDR,ITGB3,9606.ENSP00000263923,9606.ENSP00000452786,0.979,STRING
PIK3CA,ALK,9606.ENSP00000263967,9606.ENSP00000373700,0.979,STRING
ADRB1,GNAS,9606.ENSP00000358301,9606.ENSP00000360141,0.979,STRING
TUBB1,TUBA1B,9606.ENSP00000217133,9606.ENSP00000336799,0.979,STRING
STK11,PTEN,9606.ENSP00000324856,9606.ENSP00000361021,0.979,STRING
NDUFA4,NDUFV3,9606.ENSP00000339720,9606.ENSP00000346196,0.979,STRING
PIK3R1,PLCG2,9606.ENSP00000428056,9606.ENSP00000482457,0.979,STRING
CALM3,PDE1C,9606.ENSP00000291295,9606.ENSP00000379496,0.979,STRING
AKT1,CTNNB1,9606.ENSP00000451828,9606.ENSP00000495360,0.979,STRING
TUBB4A,TUBA1A,9606.ENSP00000264071,9606.ENSP00000439020,0.979,STRING
ERBB2,PLCG2,9606.ENSP00000269571,9606.ENSP00000482457,0.979,STRING
KCNH2,SCN5A,9606.ENSP00000262186,9606.ENSP00000328968,0.978,STRING
CALM3,CACNA1B,9606.ENSP00000291295,9606.ENSP00000360423,0.978,STRING
GALC,GBA,9606.ENSP00000261304,9606.ENSP00000314508,0.978,STRING
THRA,NCOR1,9606.ENSP00000264637,9606.ENSP00000268712,0.978,STRING
MAPT,TUBA1A,9606.ENSP00000340820,9606.ENSP00000439020,0.978,STRING
CACNA1C,CACNA1F,9606.ENSP00000266376,9606.ENSP00000365441,0.978,STRING
TSC2,PRKAA1,9606.ENSP00000219476,9606.ENSP00000346148,0.978,STRING
DMD,LAMA2,9606.ENSP00000354923,9606.ENSP00000400365,0.978,STRING
VWF,F10,9606.ENSP00000261405,9606.ENSP00000364709,0.978,STRING
KRAS,PDGFRA,9606.ENSP00000256078,9606.ENSP00000257290,0.978,STRING
RBX1,HIF1A,9606.ENSP00000216225,9606.ENSP00000437955,0.978,STRING
EBF1,ZNF423,9606.ENSP00000322898,9606.ENSP00000455426,0.978,STRING
FXYD2,ATP1A2,9606.ENSP00000292079,9606.ENSP00000354490,0.978,STRING
PTK2,IGF1R,9606.ENSP00000341189,9606.ENSP00000497069,0.978,STRING
PIK3CD,BTK,9606.ENSP00000366563,9606.ENSP00000483570,0.978,STRING
MEN1,CTNNB1,9606.ENSP00000337088,9606.ENSP00000495360,0.978,STRING
IL2RA,JAK1,9606.ENSP00000369293,9606.ENSP00000499900,0.978,STRING
KCNN2,CALM1,9606.ENSP00000264773,9606.ENSP00000499717,0.978,STRING
C3,PLG,9606.ENSP00000245907,9606.ENSP00000308938,0.978,STRING
RPS27A,PSMC2,9606.ENSP00000272317,9606.ENSP00000391211,0.978,STRING
ITGB3,FGA,9606.ENSP00000452786,9606.ENSP00000498441,0.978,STRING
CRBN,BRD4,9606.ENSP00000231948,9606.ENSP00000263377,0.978,STRING
TUBB4A,TUBA1C,9606.ENSP00000264071,9606.ENSP00000443475,0.978,STRING
TUBA3E,TUBB2A,9606.ENSP00000318197,9606.ENSP00000369703,0.978,STRING
TUBA3E,TUBB,9606.ENSP00000318197,9606.ENSP00000339001,0.978,STRING
DRD4,SLC6A4,9606.ENSP00000176183,9606.ENSP00000261707,0.978,STRING
EZH2,AR,9606.ENSP00000320147,9606.ENSP00000363822,0.978,STRING
ATP1B3,ATP1A2,9606.ENSP00000286371,9606.ENSP00000354490,0.978,STRING
CACNG3,CACNA2D1,9606.ENSP00000005284,9606.ENSP00000349320,0.978,STRING
PSMA4,RPS27A,9606.ENSP00000044462,9606.ENSP00000272317,0.978,STRING
PSMA4,ADRM1,9606.ENSP00000044462,9606.ENSP00000478877,0.978,STRING
EP300,HNF4A,9606.ENSP00000263253,9606.ENSP00000312987,0.978,STRING
IFNG,IL17A,9606.ENSP00000229135,9606.ENSP00000497968,0.978,STRING
PALB2,NDUFA13,9606.ENSP00000261584,9606.ENSP00000423673,0.978,STRING
PIK3CA,IGF1R,9606.ENSP00000263967,9606.ENSP00000497069,0.978,STRING
ATP1A2,ATP1A3,9606.ENSP00000354490,9606.ENSP00000444688,0.978,STRING
IL2,IL7R,9606.ENSP00000226730,9606.ENSP00000306157,0.978,STRING
NCOR1,RXRA,9606.ENSP00000268712,9606.ENSP00000419692,0.977,STRING
IL5,IL6,9606.ENSP00000231454,9606.ENSP00000385675,0.977,STRING
STAT5B,GHR,9606.ENSP00000293328,9606.ENSP00000483403,0.977,STRING
RUNX3,CTNNB1,9606.ENSP00000382800,9606.ENSP00000495360,0.977,STRING
CACNA1D,CACNG7,9606.ENSP00000288139,9606.ENSP00000375647,0.977,STRING
SOX2,PAX6,9606.ENSP00000323588,9606.ENSP00000492024,0.977,STRING
RPS27A,TNFAIP3,9606.ENSP00000272317,9606.ENSP00000481570,0.977,STRING
PIK3CA,FGFR1,9606.ENSP00000263967,9606.ENSP00000393312,0.977,STRING
PSMA8,PSMA7,9606.ENSP00000311121,9606.ENSP00000359910,0.977,STRING
IL4,TNF,9606.ENSP00000231449,9606.ENSP00000398698,0.977,STRING
PTGER1,PTGER4,9606.ENSP00000292513,9606.ENSP00000302846,0.977,STRING
TUBB4A,TUBA1B,9606.ENSP00000264071,9606.ENSP00000336799,0.977,STRING
ACVR2A,SMAD2,9606.ENSP00000241416,9606.ENSP00000262160,0.977,STRING
BMP5,ACVR1,9606.ENSP00000359866,9606.ENSP00000405004,0.977,STRING
CREBBP,RXRA,9606.ENSP00000262367,9606.ENSP00000419692,0.977,STRING
CALM3,CACNA1A,9606.ENSP00000291295,9606.ENSP00000489829,0.977,STRING
CREBBP,RUNX1,9606.ENSP00000262367,9606.ENSP00000300305,0.977,STRING
BMP5,BMPR1B,9606.ENSP00000359866,9606.ENSP00000401907,0.977,STRING
STAT4,JAK2,9606.ENSP00000351255,9606.ENSP00000371067,0.977,STRING
NRAS,FGFR2,9606.ENSP00000358548,9606.ENSP00000410294,0.977,STRING
HTR2B,HTR2C,9606.ENSP00000258400,9606.ENSP00000276198,0.977,STRING
MAPK1,MAP2K3,9606.ENSP00000215832,9606.ENSP00000345083,0.977,STRING
CDKN1B,RHOA,9606.ENSP00000228872,9606.ENSP00000400175,0.977,STRING
PSMD11,PSMB9,9606.ENSP00000261712,9606.ENSP00000363993,0.977,STRING
JAK2,IL4R,9606.ENSP00000371067,9606.ENSP00000379111,0.977,STRING
EPHA1,EPHA2,9606.ENSP00000275815,9606.ENSP00000351209,0.976,STRING
CD19,PIK3R1,9606.ENSP00000313419,9606.ENSP00000428056,0.976,STRING
PSMB9,PSMD6,9606.ENSP00000363993,9606.ENSP00000418695,0.976,STRING
IFNGR1,TYK2,9606.ENSP00000356713,9606.ENSP00000431885,0.976,STRING
MT-ND6,NDUFB1,9606.ENSP00000354665,9606.ENSP00000483888,0.976,STRING
SCN1B,SCN7A,9606.ENSP00000396915,9606.ENSP00000496114,0.976,STRING
CD19,MS4A1,9606.ENSP00000313419,9606.ENSP00000433277,0.976,STRING
CACNG1,CACNG7,9606.ENSP00000226021,9606.ENSP00000375647,0.976,STRING
SYK,PIK3CD,9606.ENSP00000364898,9606.ENSP00000366563,0.976,STRING
APOA1,LPA,9606.ENSP00000236850,9606.ENSP00000321334,0.976,STRING
TP53,SMARCB1,9606.ENSP00000269305,9606.ENSP00000340883,0.976,STRING
STAT5B,IL2RG,9606.ENSP00000293328,9606.ENSP00000363318,0.976,STRING
CD4,IL10,9606.ENSP00000011653,9606.ENSP00000412237,0.976,STRING
EBF1,TET2,9606.ENSP00000322898,9606.ENSP00000442788,0.976,STRING
KRAS,KIT,9606.ENSP00000256078,9606.ENSP00000288135,0.976,STRING
IL10,JAK1,9606.ENSP00000412237,9606.ENSP00000499900,0.976,STRING
GATA2,GATA1,9606.ENSP00000345681,9606.ENSP00000365858,0.976,STRING
PDGFRB,PIK3CA,9606.ENSP00000261799,9606.ENSP00000263967,0.976,STRING
RRM1,TYMS,9606.ENSP00000300738,9606.ENSP00000315644,0.976,STRING
H3-3A,ATRX,9606.ENSP00000355780,9606.ENSP00000362441,0.976,STRING
WAS,BTK,9606.ENSP00000365891,9606.ENSP00000483570,0.976,STRING
ERBB2,ESR1,9606.ENSP00000269571,9606.ENSP00000405330,0.976,STRING
RPS27A,PSMD1,9606.ENSP00000272317,9606.ENSP00000309474,0.976,STRING
PIK3CD,AKT1,9606.ENSP00000366563,9606.ENSP00000451828,0.976,STRING
FOXP3,CTLA4,9606.ENSP00000365380,9606.ENSP00000497102,0.976,STRING
IL2RB,STAT5B,9606.ENSP00000216223,9606.ENSP00000293328,0.976,STRING
CTNNB1,NOTCH1,9606.ENSP00000495360,9606.ENSP00000498587,0.976,STRING
HDAC7,FOXA1,9606.ENSP00000080059,9606.ENSP00000250448,0.976,STRING
ZEB1,HDAC1,9606.ENSP00000354487,9606.ENSP00000362649,0.975,STRING
CD4,IL2,9606.ENSP00000011653,9606.ENSP00000226730,0.975,STRING
SMO,GLI3,9606.ENSP00000249373,9606.ENSP00000379258,0.975,STRING
PSMD7,PSMB9,9606.ENSP00000219313,9606.ENSP00000363993,0.975,STRING
JAK2,JAK3,9606.ENSP00000371067,9606.ENSP00000432511,0.975,STRING
MT-ND4L,NDUFB2,9606.ENSP00000354728,9606.ENSP00000419087,0.975,STRING
SMAD3,HIF1A,9606.ENSP00000332973,9606.ENSP00000437955,0.975,STRING
PDGFRB,INS,9606.ENSP00000261799,9606.ENSP00000380432,0.975,STRING
KDR,HSPG2,9606.ENSP00000263923,9606.ENSP00000363827,0.975,STRING
TNNI3,MYBPC3,9606.ENSP00000341838,9606.ENSP00000442795,0.975,STRING
PSMC1,PSMB8,9606.ENSP00000261303,9606.ENSP00000364016,0.975,STRING
CXCL8,PTGS2,9606.ENSP00000306512,9606.ENSP00000356438,0.975,STRING
TSC1,GSK3B,9606.ENSP00000298552,9606.ENSP00000324806,0.975,STRING
ALDH2,MAOB,9606.ENSP00000261733,9606.ENSP00000367309,0.975,STRING
RPS27A,PSMC5,9606.ENSP00000272317,9606.ENSP00000310572,0.975,STRING
MAPK1,RAF1,9606.ENSP00000215832,9606.ENSP00000401888,0.975,STRING
RPS27A,PSMC3,9606.ENSP00000272317,9606.ENSP00000481029,0.975,STRING
IL1B,TLR9,9606.ENSP00000263341,9606.ENSP00000353874,0.975,STRING
KCNQ4,KCNQ5,9606.ENSP00000262916,9606.ENSP00000345055,0.975,STRING
PSMA5,ADRM1,9606.ENSP00000271308,9606.ENSP00000478877,0.975,STRING
LRRK2,SFN,9606.ENSP00000298910,9606.ENSP00000340989,0.975,STRING
CACNA1D,CACNA1S,9606.ENSP00000288139,9606.ENSP00000355192,0.975,STRING
ASXL1,TET2,9606.ENSP00000364839,9606.ENSP00000442788,0.975,STRING
KDR,PIK3CA,9606.ENSP00000263923,9606.ENSP00000263967,0.975,STRING
GRIA4,CACNG2,9606.ENSP00000282499,9606.ENSP00000300105,0.975,STRING
PSMD11,RPS27A,9606.ENSP00000261712,9606.ENSP00000272317,0.975,STRING
TGFB1,EGFR,9606.ENSP00000221930,9606.ENSP00000275493,0.975,STRING
FECH,HMBS,9606.ENSP00000498358,9606.ENSP00000498786,0.975,STRING
ALB,FGA,9606.ENSP00000295897,9606.ENSP00000498441,0.975,STRING
PSMA8,PSMC3,9606.ENSP00000311121,9606.ENSP00000481029,0.975,STRING
EP300,TCF7L2,9606.ENSP00000263253,9606.ENSP00000486891,0.975,STRING
SRC,PLCG2,9606.ENSP00000362680,9606.ENSP00000482457,0.975,STRING
PSMB9,PSMC6,9606.ENSP00000363993,9606.ENSP00000484998,0.975,STRING
PSMA2,RPS27A,9606.ENSP00000223321,9606.ENSP00000272317,0.975,STRING
IL1B,IL6R,9606.ENSP00000263341,9606.ENSP00000357470,0.975,STRING
ACE,AGTR1,9606.ENSP00000290866,9606.ENSP00000398832,0.974,STRING
AKR1B1,DHFR,9606.ENSP00000285930,9606.ENSP00000396308,0.974,STRING
NCOR1,PPARD,9606.ENSP00000268712,9606.ENSP00000310928,0.974,STRING
MMP1,MMP9,9606.ENSP00000322788,9606.ENSP00000361405,0.974,STRING
MSH2,ARID1A,9606.ENSP00000233146,9606.ENSP00000320485,0.974,STRING
MSH2,TP53,9606.ENSP00000233146,9606.ENSP00000269305,0.974,STRING
CETP,APOE,9606.ENSP00000200676,9606.ENSP00000252486,0.974,STRING
SMARCA4,MYC,9606.ENSP00000343896,9606.ENSP00000478887,0.974,STRING
PSMA3,RPS27A,9606.ENSP00000216455,9606.ENSP00000272317,0.974,STRING
TP53,PTGS2,9606.ENSP00000269305,9606.ENSP00000356438,0.974,STRING
PGR,ESR1,9606.ENSP00000325120,9606.ENSP00000405330,0.974,STRING
PIK3CD,PLCG2,9606.ENSP00000366563,9606.ENSP00000482457,0.974,STRING
PSMD3,PSMB9,9606.ENSP00000264639,9606.ENSP00000363993,0.974,STRING
C5,C3,9606.ENSP00000223642,9606.ENSP00000245907,0.974,STRING
MT-ND6,NDUFB2,9606.ENSP00000354665,9606.ENSP00000419087,0.974,STRING
PARP1,BRCA1,9606.ENSP00000355759,9606.ENSP00000418960,0.974,STRING
TSC1,MTOR,9606.ENSP00000298552,9606.ENSP00000354558,0.974,STRING
CCND1,EP300,9606.ENSP00000227507,9606.ENSP00000263253,0.974,STRING
DDB1,CDK12,9606.ENSP00000301764,9606.ENSP00000398880,0.974,STRING
IL1B,PTGS2,9606.ENSP00000263341,9606.ENSP00000356438,0.974,STRING
MYBPC3,TNNT2,9606.ENSP00000442795,9606.ENSP00000499593,0.974,STRING
CAV1,HRAS,9606.ENSP00000339191,9606.ENSP00000407586,0.974,STRING
WAS,AKT1,9606.ENSP00000365891,9606.ENSP00000451828,0.974,STRING
CACNG3,CACNG1,9606.ENSP00000005284,9606.ENSP00000226021,0.974,STRING
CCND1,CDKN2B,9606.ENSP00000227507,9606.ENSP00000276925,0.974,STRING
KRAS,PIK3CD,9606.ENSP00000256078,9606.ENSP00000366563,0.974,STRING
PTEN,PIK3CD,9606.ENSP00000361021,9606.ENSP00000366563,0.973,STRING
HDAC5,HDAC4,9606.ENSP00000225983,9606.ENSP00000264606,0.973,STRING
PTGS2,ALOX5,9606.ENSP00000356438,9606.ENSP00000363512,0.973,STRING
STAT4,JAK3,9606.ENSP00000351255,9606.ENSP00000432511,0.973,STRING
PLCG2,PRKCB,9606.ENSP00000482457,9606.ENSP00000496129,0.973,STRING
CACNB3,CACNA1F,9606.ENSP00000301050,9606.ENSP00000365441,0.973,STRING
TP53,TRRAP,9606.ENSP00000269305,9606.ENSP00000352925,0.973,STRING
ITGB2,ITGB3,9606.ENSP00000380948,9606.ENSP00000452786,0.973,STRING
STAT4,TYK2,9606.ENSP00000351255,9606.ENSP00000431885,0.973,STRING
STAT3,STAT4,9606.ENSP00000264657,9606.ENSP00000351255,0.973,STRING
CD3D,LCK,9606.ENSP00000300692,9606.ENSP00000477713,0.973,STRING
MTOR,CHUK,9606.ENSP00000354558,9606.ENSP00000359424,0.973,STRING
SRC,YES1,9606.ENSP00000362680,9606.ENSP00000462468,0.973,STRING
KCNQ1,SCN5A,9606.ENSP00000155840,9606.ENSP00000328968,0.973,STRING
RBX1,RPS27A,9606.ENSP00000216225,9606.ENSP00000272317,0.973,STRING
ALK,PIK3R1,9606.ENSP00000373700,9606.ENSP00000428056,0.973,STRING
TOP2B,TOP2A,9606.ENSP00000264331,9606.ENSP00000411532,0.973,STRING
PSMD4,PSMB8,9606.ENSP00000357876,9606.ENSP00000364016,0.973,STRING
STAT3,EZH2,9606.ENSP00000264657,9606.ENSP00000320147,0.973,STRING
KRAS,PIK3CB,9606.ENSP00000256078,9606.ENSP00000501150,0.973,STRING
PDE1B,CALM3,9606.ENSP00000243052,9606.ENSP00000291295,0.973,STRING
RYR2,CALM2,9606.ENSP00000355533,9606.ENSP00000499797,0.973,STRING
NDUFB4,PALB2,9606.ENSP00000184266,9606.ENSP00000261584,0.973,STRING
GABRA4,GABRD,9606.ENSP00000264318,9606.ENSP00000367848,0.973,STRING
TLR4,IL6,9606.ENSP00000363089,9606.ENSP00000385675,0.973,STRING
KRAS,FGFR2,9606.ENSP00000256078,9606.ENSP00000410294,0.973,STRING
STAT3,IRF4,9606.ENSP00000264657,9606.ENSP00000370343,0.973,STRING
MMP9,ELANE,9606.ENSP00000361405,9606.ENSP00000466090,0.973,STRING
EP300,GATA4,9606.ENSP00000263253,9606.ENSP00000435712,0.973,STRING
RARB,RXRG,9606.ENSP00000332296,9606.ENSP00000352900,0.973,STRING
CD40,CTLA4,9606.ENSP00000361359,9606.ENSP00000497102,0.973,STRING
CACNB2,CACNA1F,9606.ENSP00000320025,9606.ENSP00000365441,0.973,STRING
MMP2,SRC,9606.ENSP00000219070,9606.ENSP00000362680,0.972,STRING
PSMA2,ADRM1,9606.ENSP00000223321,9606.ENSP00000478877,0.972,STRING
RYR1,RYR2,9606.ENSP00000352608,9606.ENSP00000355533,0.972,STRING
ANK1,SPTBN4,9606.ENSP00000265709,9606.ENSP00000469242,0.972,STRING
KCNQ4,CALM3,9606.ENSP00000262916,9606.ENSP00000291295,0.972,STRING
NFKB1,PPARG,9606.ENSP00000226574,9606.ENSP00000287820,0.972,STRING
CARD11,PRKCB,9606.ENSP00000380150,9606.ENSP00000496129,0.972,STRING
CDK4,BRCA1,9606.ENSP00000257904,9606.ENSP00000418960,0.972,STRING
SMAD4,HDAC1,9606.ENSP00000341551,9606.ENSP00000362649,0.972,STRING
NFKB1,MYD88,9606.ENSP00000226574,9606.ENSP00000498321,0.972,STRING
IRAK1,TLR7,9606.ENSP00000358997,9606.ENSP00000370034,0.972,STRING
ERBB2,PIK3CB,9606.ENSP00000269571,9606.ENSP00000501150,0.972,STRING
PSMD1,PSMB9,9606.ENSP00000309474,9606.ENSP00000363993,0.972,STRING
HTR2C,GNAS,9606.ENSP00000276198,9606.ENSP00000360141,0.972,STRING
PRKAA1,MTOR,9606.ENSP00000346148,9606.ENSP00000354558,0.972,STRING
CD4,IL17A,9606.ENSP00000011653,9606.ENSP00000497968,0.972,STRING
CCND1,CTNNB1,9606.ENSP00000227507,9606.ENSP00000495360,0.972,STRING
CD19,NCAM1,9606.ENSP00000313419,9606.ENSP00000480132,0.972,STRING
RSPO3,RNF43,9606.ENSP00000349131,9606.ENSP00000463069,0.972,STRING
KCNQ1,KCNQ5,9606.ENSP00000155840,9606.ENSP00000345055,0.972,STRING
MAP3K7,TLR4,9606.ENSP00000358335,9606.ENSP00000363089,0.972,STRING
PSMB8,PSMC2,9606.ENSP00000364016,9606.ENSP00000391211,0.972,STRING
CD86,CD274,9606.ENSP00000332049,9606.ENSP00000370989,0.972,STRING
TP53,PARP1,9606.ENSP00000269305,9606.ENSP00000355759,0.972,STRING
IL2RA,IL10,9606.ENSP00000369293,9606.ENSP00000412237,0.972,STRING
IFNGR1,SOCS1,9606.ENSP00000356713,9606.ENSP00000496577,0.972,STRING
FAAH,CNR1,9606.ENSP00000243167,9606.ENSP00000358513,0.972,STRING
EPOR,STAT5B,9606.ENSP00000222139,9606.ENSP00000293328,0.972,STRING
PIK3CA,RAF1,9606.ENSP00000263967,9606.ENSP00000401888,0.972,STRING
NCOR1,HDAC9,9606.ENSP00000268712,9606.ENSP00000408617,0.972,STRING
F5,PROS1,9606.ENSP00000356771,9606.ENSP00000377783,0.972,STRING
CACNG4,CACNA2D1,9606.ENSP00000262138,9606.ENSP00000349320,0.972,STRING
NTRK3,ETV6,9606.ENSP00000354207,9606.ENSP00000379658,0.972,STRING
CHUK,MAP3K1,9606.ENSP00000359424,9606.ENSP00000382423,0.971,STRING
LRP6,CAV1,9606.ENSP00000261349,9606.ENSP00000339191,0.971,STRING
RIPK2,CARD9,9606.ENSP00000220751,9606.ENSP00000360797,0.971,STRING
ATP1B2,ATP1B1,9606.ENSP00000250111,9606.ENSP00000356790,0.971,STRING
MAP2K2,MAP3K1,9606.ENSP00000262948,9606.ENSP00000382423,0.971,STRING
ERBB2,PTPN11,9606.ENSP00000269571,9606.ENSP00000489597,0.971,STRING
TUBB4A,TUBA3E,9606.ENSP00000264071,9606.ENSP00000318197,0.971,STRING
KRAS,IFNGR1,9606.ENSP00000256078,9606.ENSP00000356713,0.971,STRING
TLR4,SYK,9606.ENSP00000363089,9606.ENSP00000364898,0.971,STRING
KRAS,IGF1R,9606.ENSP00000256078,9606.ENSP00000497069,0.971,STRING
MLH1,FANCD2,9606.ENSP00000231790,9606.ENSP00000287647,0.971,STRING
IL2,CD8A,9606.ENSP00000226730,9606.ENSP00000386559,0.971,STRING
CALM3,CACNA1E,9606.ENSP00000291295,9606.ENSP00000356545,0.971,STRING
KRAS,FGFR3,9606.ENSP00000256078,9606.ENSP00000339824,0.971,STRING
TP53,RPS27A,9606.ENSP00000269305,9606.ENSP00000272317,0.971,STRING
PALB2,NDUFS4,9606.ENSP00000261584,9606.ENSP00000296684,0.971,STRING
GALC,SMPD1,9606.ENSP00000261304,9606.ENSP00000340409,0.971,STRING
CBL,BCR,9606.ENSP00000264033,9606.ENSP00000303507,0.971,STRING
CACNA1D,CACNA2D4,9606.ENSP00000288139,9606.ENSP00000372169,0.971,STRING
CYP17A1,CYP19A1,9606.ENSP00000358903,9606.ENSP00000379683,0.971,STRING
FLT3,STAT3,9606.ENSP00000241453,9606.ENSP00000264657,0.971,STRING
APOE,LPA,9606.ENSP00000252486,9606.ENSP00000321334,0.971,STRING
IGF1R,PIK3CB,9606.ENSP00000497069,9606.ENSP00000501150,0.971,STRING
CCR5,CXCL8,9606.ENSP00000292303,9606.ENSP00000306512,0.971,STRING
MECP2,TBL1XR1,9606.ENSP00000395535,9606.ENSP00000405574,0.971,STRING
CACNA1D,CACNA2D2,9606.ENSP00000288139,9606.ENSP00000418081,0.971,STRING
KIT,STAT5B,9606.ENSP00000288135,9606.ENSP00000293328,0.971,STRING
TPO,TSHR,9606.ENSP00000329869,9606.ENSP00000441235,0.971,STRING
CAV1,ESR2,9606.ENSP00000339191,9606.ENSP00000343925,0.971,STRING
ABCC1,ABCG2,9606.ENSP00000382342,9606.ENSP00000498246,0.971,STRING
PSMD2,PSMB9,9606.ENSP00000310129,9606.ENSP00000363993,0.971,STRING
PIK3CD,HRAS,9606.ENSP00000366563,9606.ENSP00000407586,0.971,STRING
PALB2,NDUFA12,9606.ENSP00000261584,9606.ENSP00000330737,0.971,STRING
CD19,PIK3CD,9606.ENSP00000313419,9606.ENSP00000366563,0.971,STRING
CAV1,IGF1R,9606.ENSP00000339191,9606.ENSP00000497069,0.971,STRING
IL1RL1,MYD88,9606.ENSP00000233954,9606.ENSP00000498321,0.971,STRING
TUBB2B,TUBA1C,9606.ENSP00000259818,9606.ENSP00000443475,0.971,STRING
CYP2C9,CYP3A7,9606.ENSP00000260682,9606.ENSP00000337450,0.971,STRING
IL1B,HMGB1,9606.ENSP00000263341,9606.ENSP00000345347,0.97,STRING
FLT3,STAT5B,9606.ENSP00000241453,9606.ENSP00000293328,0.97,STRING
CACNA1C,CALM2,9606.ENSP00000266376,9606.ENSP00000499797,0.97,STRING
CACNA1C,CACNB4,9606.ENSP00000266376,9606.ENSP00000438949,0.97,STRING
GABRB1,GABRA1,9606.ENSP00000295454,9606.ENSP00000393097,0.97,STRING
PALB2,NDUFB9,9606.ENSP00000261584,9606.ENSP00000276689,0.97,STRING
MAPK3,NRAS,9606.ENSP00000263025,9606.ENSP00000358548,0.97,STRING
MMP9,SRC,9606.ENSP00000361405,9606.ENSP00000362680,0.97,STRING
PSMB8,PSMD14,9606.ENSP00000364016,9606.ENSP00000386541,0.97,STRING
NF2,NF1,9606.ENSP00000344666,9606.ENSP00000351015,0.97,STRING
MAP2K3,MAP3K3,9606.ENSP00000345083,9606.ENSP00000354927,0.97,STRING
RB1,RUNX2,9606.ENSP00000267163,9606.ENSP00000360493,0.97,STRING
MAPK14,MAP2K1,9606.ENSP00000229795,9606.ENSP00000302486,0.97,STRING
CACNA1E,CACNA2D2,9606.ENSP00000356545,9606.ENSP00000418081,0.97,STRING
EGFR,JAK1,9606.ENSP00000275493,9606.ENSP00000499900,0.97,STRING
SCN8A,SCN1B,9606.ENSP00000346534,9606.ENSP00000396915,0.97,STRING
IL23R,IL10,9606.ENSP00000321345,9606.ENSP00000412237,0.97,STRING
SMAD2,ACVR1,9606.ENSP00000262160,9606.ENSP00000405004,0.97,STRING
CDKN1B,XPO1,9606.ENSP00000228872,9606.ENSP00000384863,0.97,STRING
AURKB,TOP2A,9606.ENSP00000313950,9606.ENSP00000411532,0.97,STRING
KCNQ1,CALM2,9606.ENSP00000155840,9606.ENSP00000499797,0.97,STRING
POLE3,POLD2,9606.ENSP00000363286,9606.ENSP00000480186,0.97,STRING
TUBB2B,TUBA3E,9606.ENSP00000259818,9606.ENSP00000318197,0.97,STRING
IL18,IL6,9606.ENSP00000280357,9606.ENSP00000385675,0.97,STRING
NCOR1,ESR2,9606.ENSP00000268712,9606.ENSP00000343925,0.97,STRING
CD4,IL4,9606.ENSP00000011653,9606.ENSP00000231449,0.97,STRING
INSR,SOCS1,9606.ENSP00000303830,9606.ENSP00000496577,0.97,STRING
CDH1,ERBB2,9606.ENSP00000261769,9606.ENSP00000269571,0.97,STRING
DNMT3A,HDAC2,9606.ENSP00000264709,9606.ENSP00000430432,0.97,STRING
NRAS,SRC,9606.ENSP00000358548,9606.ENSP00000362680,0.97,STRING
PIK3CA,PTK2,9606.ENSP00000263967,9606.ENSP00000341189,0.97,STRING
TP53,STK11,9606.ENSP00000269305,9606.ENSP00000324856,0.97,STRING
FOXP3,IL2RA,9606.ENSP00000365380,9606.ENSP00000369293,0.97,STRING
PTGS1,ALOX5,9606.ENSP00000354612,9606.ENSP00000363512,0.97,STRING
NPM1,PARP1,9606.ENSP00000296930,9606.ENSP00000355759,0.97,STRING
PIK3CA,ERBB4,9606.ENSP00000263967,9606.ENSP00000342235,0.97,STRING
CXCL8,IL10,9606.ENSP00000306512,9606.ENSP00000412237,0.97,STRING
PTK2,LYN,9606.ENSP00000341189,9606.ENSP00000428924,0.97,STRING
POLA2,POLE3,9606.ENSP00000265465,9606.ENSP00000363286,0.97,STRING
GABRB2,GABRB3,9606.ENSP00000274547,9606.ENSP00000308725,0.969,STRING
PALB2,NDUFA5,9606.ENSP00000261584,9606.ENSP00000417142,0.969,STRING
MAPK1,BCL2,9606.ENSP00000215832,9606.ENSP00000381185,0.969,STRING
NTRK2,NTRK3,9606.ENSP00000277120,9606.ENSP00000354207,0.969,STRING
PKD1,PKHD1,9606.ENSP00000262304,9606.ENSP00000360158,0.969,STRING
TLR4,TNF,9606.ENSP00000363089,9606.ENSP00000398698,0.969,STRING
PRPH2,PDE6B,9606.ENSP00000230381,9606.ENSP00000420295,0.969,STRING
AKR1C3,SRD5A2,9606.ENSP00000369927,9606.ENSP00000477587,0.969,STRING
PIK3CA,JAK1,9606.ENSP00000263967,9606.ENSP00000499900,0.969,STRING
MAPK3,HIF1A,9606.ENSP00000263025,9606.ENSP00000437955,0.969,STRING
EP300,SMARCA4,9606.ENSP00000263253,9606.ENSP00000343896,0.969,STRING
PRKCQ,CHUK,9606.ENSP00000263125,9606.ENSP00000359424,0.969,STRING
PALB2,NDUFS3,9606.ENSP00000261584,9606.ENSP00000263774,0.969,STRING
ENG,TGFBR1,9606.ENSP00000362299,9606.ENSP00000447297,0.969,STRING
MPO,MMP9,9606.ENSP00000225275,9606.ENSP00000361405,0.969,STRING
REN,AGTR1,9606.ENSP00000272190,9606.ENSP00000398832,0.969,STRING
DSCAM,DCC,9606.ENSP00000383303,9606.ENSP00000389140,0.969,STRING
CCND1,MYC,9606.ENSP00000227507,9606.ENSP00000478887,0.969,STRING
RPS27A,PSMA1,9606.ENSP00000272317,9606.ENSP00000414359,0.969,STRING
KCNN2,KCNMA1,9606.ENSP00000264773,9606.ENSP00000286628,0.969,STRING
SERPINC1,F11,9606.ENSP00000356671,9606.ENSP00000384957,0.969,STRING
EGFR,PTEN,9606.ENSP00000275493,9606.ENSP00000361021,0.969,STRING
AOX1,MAOB,9606.ENSP00000363832,9606.ENSP00000367309,0.969,STRING
TUBA4A,TUBB6,9606.ENSP00000248437,9606.ENSP00000318697,0.969,STRING
TLR2,IL1B,9606.ENSP00000260010,9606.ENSP00000263341,0.969,STRING
BRD4,AR,9606.ENSP00000263377,9606.ENSP00000363822,0.969,STRING
PSMA8,PSMD14,9606.ENSP00000311121,9606.ENSP00000386541,0.969,STRING
POLD2,PRIM2,9606.ENSP00000480186,9606.ENSP00000484105,0.969,STRING
GABRA4,GABRB3,9606.ENSP00000264318,9606.ENSP00000308725,0.969,STRING
PSMB1,RPS27A,9606.ENSP00000262193,9606.ENSP00000272317,0.969,STRING
TTR,B2M,9606.ENSP00000237014,9606.ENSP00000497910,0.968,STRING
CACNG1,CACNG8,9606.ENSP00000226021,9606.ENSP00000270458,0.968,STRING
EPOR,JAK1,9606.ENSP00000222139,9606.ENSP00000499900,0.968,STRING
TGFB1,MMP9,9606.ENSP00000221930,9606.ENSP00000361405,0.968,STRING
IFNAR2,JAK2,9606.ENSP00000343957,9606.ENSP00000371067,0.968,STRING
CYP1A2,CYP3A4,9606.ENSP00000342007,9606.ENSP00000498939,0.968,STRING
MSH2,BRCA2,9606.ENSP00000233146,9606.ENSP00000369497,0.968,STRING
CD4,TNF,9606.ENSP00000011653,9606.ENSP00000398698,0.968,STRING
BRCA2,FANCA,9606.ENSP00000369497,9606.ENSP00000373952,0.968,STRING
MAP2K2,HRAS,9606.ENSP00000262948,9606.ENSP00000407586,0.968,STRING
MAP2K2,NRAS,9606.ENSP00000262948,9606.ENSP00000358548,0.968,STRING
SLC6A4,HTR1A,9606.ENSP00000261707,9606.ENSP00000316244,0.968,STRING
CYP2C19,CYP3A4,9606.ENSP00000360372,9606.ENSP00000498939,0.968,STRING
CREBBP,BRCA1,9606.ENSP00000262367,9606.ENSP00000418960,0.968,STRING
MECOM,HDAC1,9606.ENSP00000264674,9606.ENSP00000362649,0.968,STRING
TNFRSF1A,IL10,9606.ENSP00000162749,9606.ENSP00000412237,0.968,STRING
ERBB3,SRC,9606.ENSP00000267101,9606.ENSP00000362680,0.968,STRING
STAT3,IL10,9606.ENSP00000264657,9606.ENSP00000412237,0.968,STRING
KRAS,PIK3CG,9606.ENSP00000256078,9606.ENSP00000419260,0.968,STRING
CACNA1S,CACNB4,9606.ENSP00000355192,9606.ENSP00000438949,0.968,STRING
FLNC,MAP2K4,9606.ENSP00000327145,9606.ENSP00000410402,0.968,STRING
TUBA4A,TUBB2B,9606.ENSP00000248437,9606.ENSP00000259818,0.968,STRING
CYP3A5,CYP3A7,9606.ENSP00000222982,9606.ENSP00000337450,0.968,STRING
CRP,IL6,9606.ENSP00000255030,9606.ENSP00000385675,0.968,STRING
EGFR,PDGFB,9606.ENSP00000275493,9606.ENSP00000330382,0.968,STRING
H3-3A,SETD2,9606.ENSP00000355780,9606.ENSP00000386759,0.968,STRING
KCNK10,KCNK2,9606.ENSP00000312811,9606.ENSP00000394033,0.968,STRING
MAPK3,MAPT,9606.ENSP00000263025,9606.ENSP00000340820,0.968,STRING
THRA,RXRA,9606.ENSP00000264637,9606.ENSP00000419692,0.967,STRING
IFNG,IL2RA,9606.ENSP00000229135,9606.ENSP00000369293,0.967,STRING
PSMA6,ADRM1,9606.ENSP00000261479,9606.ENSP00000478877,0.967,STRING
SRC,PIK3CD,9606.ENSP00000362680,9606.ENSP00000366563,0.967,STRING
DDC,SLC18A2,9606.ENSP00000403644,9606.ENSP00000496339,0.967,STRING
FYN,CD3E,9606.ENSP00000346671,9606.ENSP00000354566,0.967,STRING
GCK,G6PD,9606.ENSP00000223366,9606.ENSP00000377192,0.967,STRING
TP53,SLC2A1,9606.ENSP00000269305,9606.ENSP00000416293,0.967,STRING
BARD1,RAD51C,9606.ENSP00000260947,9606.ENSP00000336701,0.967,STRING
FGFR4,FGFR1,9606.ENSP00000292408,9606.ENSP00000393312,0.967,STRING
HMGCR,FDPS,9606.ENSP00000287936,9606.ENSP00000349078,0.967,STRING
SRC,PIK3CB,9606.ENSP00000362680,9606.ENSP00000501150,0.967,STRING
POLE3,PRIM2,9606.ENSP00000363286,9606.ENSP00000484105,0.967,STRING
MSH6,BRCA2,9606.ENSP00000234420,9606.ENSP00000369497,0.967,STRING
KCNQ1,KCNQ2,9606.ENSP00000155840,9606.ENSP00000352035,0.967,STRING
PSMB4,ADRM1,9606.ENSP00000290541,9606.ENSP00000478877,0.967,STRING
CLCNKB,SLC12A3,9606.ENSP00000364831,9606.ENSP00000402152,0.967,STRING
PALB2,NDUFS6,9606.ENSP00000261584,9606.ENSP00000274137,0.967,STRING
PDGFRA,NRAS,9606.ENSP00000257290,9606.ENSP00000358548,0.967,STRING
PIK3CA,JAK3,9606.ENSP00000263967,9606.ENSP00000432511,0.967,STRING
PIK3CA,CD19,9606.ENSP00000263967,9606.ENSP00000313419,0.967,STRING
F9,F11,9606.ENSP00000218099,9606.ENSP00000384957,0.967,STRING
SMARCA4,BCL11B,9606.ENSP00000343896,9606.ENSP00000349723,0.967,STRING
PALB2,NDUFB11,9606.ENSP00000261584,9606.ENSP00000276062,0.967,STRING
MAPK1,SMAD2,9606.ENSP00000215832,9606.ENSP00000262160,0.967,STRING
HBEGF,ADAM17,9606.ENSP00000230990,9606.ENSP00000309968,0.967,STRING
RPS27A,PSMB4,9606.ENSP00000272317,9606.ENSP00000290541,0.967,STRING
RPS27A,PSMB2,9606.ENSP00000272317,9606.ENSP00000362334,0.967,STRING
GUCY1A2,GUCY1A1,9606.ENSP00000282249,9606.ENSP00000296518,0.967,STRING
OPRD1,OPRM1,9606.ENSP00000234961,9606.ENSP00000394624,0.967,STRING
PSMD3,RPS27A,9606.ENSP00000264639,9606.ENSP00000272317,0.966,STRING
PPARG,SMARCA4,9606.ENSP00000287820,9606.ENSP00000343896,0.966,STRING
PSMB8,PSMC3,9606.ENSP00000364016,9606.ENSP00000481029,0.966,STRING
POLE,POLG,9606.ENSP00000322570,9606.ENSP00000399851,0.966,STRING
SMAD3,TGFB2,9606.ENSP00000332973,9606.ENSP00000355896,0.966,STRING
SOX2,HDAC1,9606.ENSP00000323588,9606.ENSP00000362649,0.966,STRING
SCN5A,CALM2,9606.ENSP00000328968,9606.ENSP00000499797,0.966,STRING
VWF,F2,9606.ENSP00000261405,9606.ENSP00000308541,0.966,STRING
ATP1B2,FXYD2,9606.ENSP00000250111,9606.ENSP00000292079,0.966,STRING
SHH,GLI3,9606.ENSP00000297261,9606.ENSP00000379258,0.966,STRING
MET,NRAS,9606.ENSP00000317272,9606.ENSP00000358548,0.966,STRING
STAT3,AKT1,9606.ENSP00000264657,9606.ENSP00000451828,0.966,STRING
CDKN1B,RPS27A,9606.ENSP00000228872,9606.ENSP00000272317,0.966,STRING
FGFR3,KL,9606.ENSP00000339824,9606.ENSP00000369442,0.966,STRING
ERBB3,PIK3CB,9606.ENSP00000267101,9606.ENSP00000501150,0.966,STRING
MSH6,ERCC4,9606.ENSP00000234420,9606.ENSP00000310520,0.966,STRING
ACVRL1,ACVR1,9606.ENSP00000373574,9606.ENSP00000405004,0.966,STRING
THRB,PIK3R1,9606.ENSP00000379904,9606.ENSP00000428056,0.966,STRING
NRAS,FGFR1,9606.ENSP00000358548,9606.ENSP00000393312,0.966,STRING
JAK3,SOCS1,9606.ENSP00000432511,9606.ENSP00000496577,0.966,STRING
ALK,HRAS,9606.ENSP00000373700,9606.ENSP00000407586,0.966,STRING
KCNA3,KCNA1,9606.ENSP00000358784,9606.ENSP00000371985,0.966,STRING
FYN,RHOA,9606.ENSP00000346671,9606.ENSP00000400175,0.966,STRING
PSMA8,PSMB11,9606.ENSP00000311121,9606.ENSP00000386212,0.966,STRING
TUBA1B,TUBA1A,9606.ENSP00000336799,9606.ENSP00000439020,0.966,STRING
KRAS,MAP2K2,9606.ENSP00000256078,9606.ENSP00000262948,0.966,STRING
CD4,IL6,9606.ENSP00000011653,9606.ENSP00000385675,0.966,STRING
CD86,IL10,9606.ENSP00000332049,9606.ENSP00000412237,0.966,STRING
KRAS,ERBB2,9606.ENSP00000256078,9606.ENSP00000269571,0.966,STRING
SLC6A3,SLC18A2,9606.ENSP00000270349,9606.ENSP00000496339,0.966,STRING
CACNG8,CACNA1D,9606.ENSP00000270458,9606.ENSP00000288139,0.966,STRING
RIPK1,FAS,9606.ENSP00000259808,9606.ENSP00000498466,0.966,STRING
HDAC4,BCL6,9606.ENSP00000264606,9606.ENSP00000384371,0.966,STRING
CDK4,TP53,9606.ENSP00000257904,9606.ENSP00000269305,0.966,STRING
F8,F11,9606.ENSP00000353393,9606.ENSP00000384957,0.966,STRING
BCL11B,ARID1B,9606.ENSP00000349723,9606.ENSP00000490491,0.966,STRING
CREBBP,TCF7L2,9606.ENSP00000262367,9606.ENSP00000486891,0.966,STRING
CDKN2B,MYC,9606.ENSP00000276925,9606.ENSP00000478887,0.966,STRING
LEP,JAK2,9606.ENSP00000312652,9606.ENSP00000371067,0.966,STRING
HGF,KDR,9606.ENSP00000222390,9606.ENSP00000263923,0.966,STRING
PRKAA1,MAP3K7,9606.ENSP00000346148,9606.ENSP00000358335,0.966,STRING
ERBB2,JAK2,9606.ENSP00000269571,9606.ENSP00000371067,0.966,STRING
CDK4,MYC,9606.ENSP00000257904,9606.ENSP00000478887,0.966,STRING
CDKN1A,CDKN2A,9606.ENSP00000384849,9606.ENSP00000418915,0.966,STRING
SRC,PIK3CG,9606.ENSP00000362680,9606.ENSP00000419260,0.966,STRING
TGFB3,ACVRL1,9606.ENSP00000238682,9606.ENSP00000373574,0.966,STRING
POLG,POLD1,9606.ENSP00000399851,9606.ENSP00000472445,0.966,STRING
RPS27A,PSMD13,9606.ENSP00000272317,9606.ENSP00000396937,0.965,STRING
ATM,ERCC4,9606.ENSP00000278616,9606.ENSP00000310520,0.965,STRING
INS,FGFR1,9606.ENSP00000380432,9606.ENSP00000393312,0.965,STRING
DPP4,GLP1R,9606.ENSP00000353731,9606.ENSP00000362353,0.965,STRING
RPS27A,PSMD6,9606.ENSP00000272317,9606.ENSP00000418695,0.965,STRING
PLG,FGA,9606.ENSP00000308938,9606.ENSP00000498441,0.965,STRING
MECP2,BDNF,9606.ENSP00000395535,9606.ENSP00000414303,0.965,STRING
PIK3CA,FGFR3,9606.ENSP00000263967,9606.ENSP00000339824,0.965,STRING
GJA1,CAV1,9606.ENSP00000282561,9606.ENSP00000339191,0.965,STRING
CYP11A1,CYP17A1,9606.ENSP00000268053,9606.ENSP00000358903,0.965,STRING
IL18,IL1R1,9606.ENSP00000280357,9606.ENSP00000386380,0.965,STRING
PSMC5,PSMA8,9606.ENSP00000310572,9606.ENSP00000311121,0.965,STRING
IFNAR1,JAK2,9606.ENSP00000270139,9606.ENSP00000371067,0.965,STRING
ESR1,CTNNB1,9606.ENSP00000405330,9606.ENSP00000495360,0.965,STRING
MLH1,TP53,9606.ENSP00000231790,9606.ENSP00000269305,0.965,STRING
CACNA1F,CACNB4,9606.ENSP00000365441,9606.ENSP00000438949,0.965,STRING
CACNG8,CACNA2D1,9606.ENSP00000270458,9606.ENSP00000349320,0.965,STRING
CACNA1D,CACNB4,9606.ENSP00000288139,9606.ENSP00000438949,0.965,STRING
COL1A2,FBN1,9606.ENSP00000297268,9606.ENSP00000325527,0.965,STRING
CACNA2D1,CACNG7,9606.ENSP00000349320,9606.ENSP00000375647,0.965,STRING
SMAD2,BMPR2,9606.ENSP00000262160,9606.ENSP00000363708,0.965,STRING
EZH2,KDM6A,9606.ENSP00000320147,9606.ENSP00000367203,0.965,STRING
IL4R,IL10,9606.ENSP00000379111,9606.ENSP00000412237,0.965,STRING
PPARG,HDAC3,9606.ENSP00000287820,9606.ENSP00000302967,0.965,STRING
MAP2K4,AKT1,9606.ENSP00000410402,9606.ENSP00000451828,0.965,STRING
PALB2,NDUFB8,9606.ENSP00000261584,9606.ENSP00000299166,0.965,STRING
MAOA,MAOB,9606.ENSP00000340684,9606.ENSP00000367309,0.965,STRING
CALM3,HRAS,9606.ENSP00000291295,9606.ENSP00000407586,0.965,STRING
ERBB2,INS,9606.ENSP00000269571,9606.ENSP00000380432,0.965,STRING
MAPK3,SMAD3,9606.ENSP00000263025,9606.ENSP00000332973,0.964,STRING
CBL,CSF1R,9606.ENSP00000264033,9606.ENSP00000286301,0.964,STRING
NFKB1,CTNNB1,9606.ENSP00000226574,9606.ENSP00000495360,0.964,STRING
TYK2,PTPN11,9606.ENSP00000431885,9606.ENSP00000489597,0.964,STRING
TUBB1,TUBA4A,9606.ENSP00000217133,9606.ENSP00000248437,0.964,STRING
TBK1,CHUK,9606.ENSP00000329967,9606.ENSP00000359424,0.964,STRING
IL2,IL10,9606.ENSP00000226730,9606.ENSP00000412237,0.964,STRING
APOA5,LPL,9606.ENSP00000445002,9606.ENSP00000497642,0.964,STRING
NBN,ATR,9606.ENSP00000265433,9606.ENSP00000343741,0.964,STRING
PSMD8,RPS27A,9606.ENSP00000215071,9606.ENSP00000272317,0.964,STRING
PIK3R1,LYN,9606.ENSP00000428056,9606.ENSP00000428924,0.964,STRING
ATP1B3,FXYD2,9606.ENSP00000286371,9606.ENSP00000292079,0.964,STRING
CYP2C9,AOX1,9606.ENSP00000260682,9606.ENSP00000363832,0.964,STRING
EP300,HDAC9,9606.ENSP00000263253,9606.ENSP00000408617,0.964,STRING
PSMD7,PSMA8,9606.ENSP00000219313,9606.ENSP00000311121,0.964,STRING
PPARG,MTOR,9606.ENSP00000287820,9606.ENSP00000354558,0.964,STRING
NDUFA4,MT-ND1,9606.ENSP00000339720,9606.ENSP00000354687,0.964,STRING
HDAC1,AR,9606.ENSP00000362649,9606.ENSP00000363822,0.964,STRING
NR1H4,ABCB11,9606.ENSP00000447149,9606.ENSP00000497931,0.964,STRING
FYN,CD8A,9606.ENSP00000346671,9606.ENSP00000386559,0.964,STRING
RUNX2,HDAC6,9606.ENSP00000360493,9606.ENSP00000365804,0.964,STRING
IGF1R,JAK1,9606.ENSP00000497069,9606.ENSP00000499900,0.964,STRING
ATXN7,CACNA1A,9606.ENSP00000295900,9606.ENSP00000489829,0.964,STRING
CACNB3,CACNB4,9606.ENSP00000301050,9606.ENSP00000438949,0.964,STRING
CHUK,PTEN,9606.ENSP00000359424,9606.ENSP00000361021,0.964,STRING
CYP11B1,CYP17A1,9606.ENSP00000292427,9606.ENSP00000358903,0.964,STRING
TRRAP,CTNNB1,9606.ENSP00000352925,9606.ENSP00000495360,0.964,STRING
KCNQ4,CALM2,9606.ENSP00000262916,9606.ENSP00000499797,0.964,STRING
CALCA,GNAS,9606.ENSP00000331746,9606.ENSP00000360141,0.964,STRING
AKR1C2,SRD5A2,9606.ENSP00000370129,9606.ENSP00000477587,0.964,STRING
RPS27A,PSMC6,9606.ENSP00000272317,9606.ENSP00000484998,0.964,STRING
PPARG,RXRG,9606.ENSP00000287820,9606.ENSP00000352900,0.963,STRING
TUBA1A,TUBB8,9606.ENSP00000439020,9606.ENSP00000456206,0.963,STRING
CACNA1G,CACNA1I,9606.ENSP00000352011,9606.ENSP00000385019,0.963,STRING
PIK3CA,MTOR,9606.ENSP00000263967,9606.ENSP00000354558,0.963,STRING
SMAD3,HMGA2,9606.ENSP00000332973,9606.ENSP00000437621,0.963,STRING
KMT2D,MEN1,9606.ENSP00000301067,9606.ENSP00000337088,0.963,STRING
KRAS,PIK3R1,9606.ENSP00000256078,9606.ENSP00000428056,0.963,STRING
MYH6,TNNT2,9606.ENSP00000386041,9606.ENSP00000499593,0.963,STRING
SYK,PTPN11,9606.ENSP00000364898,9606.ENSP00000489597,0.963,STRING
TUBA3E,TUBB6,9606.ENSP00000318197,9606.ENSP00000318697,0.963,STRING
PSMB10,PSMD14,9606.ENSP00000351314,9606.ENSP00000386541,0.963,STRING
GRIN2A,SRC,9606.ENSP00000332549,9606.ENSP00000362680,0.963,STRING
TUBA3E,TUBB8,9606.ENSP00000318197,9606.ENSP00000456206,0.963,STRING
IL6R,JAK2,9606.ENSP00000357470,9606.ENSP00000371067,0.963,STRING
EP300,EZH2,9606.ENSP00000263253,9606.ENSP00000320147,0.963,STRING
TUBA4A,TUBB8,9606.ENSP00000248437,9606.ENSP00000456206,0.963,STRING
POLD3,POLE,9606.ENSP00000263681,9606.ENSP00000322570,0.963,STRING
PSMB9,PSMC2,9606.ENSP00000363993,9606.ENSP00000391211,0.963,STRING
CACNB3,CACNA1S,9606.ENSP00000301050,9606.ENSP00000355192,0.963,STRING
ALB,PLG,9606.ENSP00000295897,9606.ENSP00000308938,0.963,STRING
PITX2,CTNNB1,9606.ENSP00000495061,9606.ENSP00000495360,0.963,STRING
TLR2,FSTL1,9606.ENSP00000260010,9606.ENSP00000295633,0.963,STRING
IL2,ACE2,9606.ENSP00000226730,9606.ENSP00000389326,0.963,STRING
SMAD2,BMPR1B,9606.ENSP00000262160,9606.ENSP00000401907,0.963,STRING
AURKA,TOP2A,9606.ENSP00000216911,9606.ENSP00000411532,0.963,STRING
HRAS,PIK3CB,9606.ENSP00000407586,9606.ENSP00000501150,0.963,STRING
TP53,SMAD3,9606.ENSP00000269305,9606.ENSP00000332973,0.963,STRING
CYP11B2,CYP17A1,9606.ENSP00000325822,9606.ENSP00000358903,0.963,STRING
TUBB1,TUBA3E,9606.ENSP00000217133,9606.ENSP00000318197,0.963,STRING
TUBB1,TUBA1A,9606.ENSP00000217133,9606.ENSP00000439020,0.963,STRING
PGR,BRCA1,9606.ENSP00000325120,9606.ENSP00000418960,0.963,STRING
TUBB1,TUBA1C,9606.ENSP00000217133,9606.ENSP00000443475,0.963,STRING
MAOA,CYP2D6,9606.ENSP00000340684,9606.ENSP00000496150,0.963,STRING
ABL1,EPHA5,9606.ENSP00000361423,9606.ENSP00000480763,0.963,STRING
TUBA3E,TUBB4B,9606.ENSP00000318197,9606.ENSP00000341289,0.962,STRING
CACNG4,CACNB3,9606.ENSP00000262138,9606.ENSP00000301050,0.962,STRING
PDGFRB,HRAS,9606.ENSP00000261799,9606.ENSP00000407586,0.962,STRING
PTK2,JAK2,9606.ENSP00000341189,9606.ENSP00000371067,0.962,STRING
HTR2B,HTR2A,9606.ENSP00000258400,9606.ENSP00000437737,0.962,STRING
PSMD2,PSMA8,9606.ENSP00000310129,9606.ENSP00000311121,0.962,STRING
TUBA3E,TUBB3,9606.ENSP00000318197,9606.ENSP00000320295,0.962,STRING
STAT5B,PTPN11,9606.ENSP00000293328,9606.ENSP00000489597,0.962,STRING
RPS27A,FANCD2,9606.ENSP00000272317,9606.ENSP00000287647,0.962,STRING
RIPK1,TLR4,9606.ENSP00000259808,9606.ENSP00000363089,0.962,STRING
TLR2,IRAK1,9606.ENSP00000260010,9606.ENSP00000358997,0.962,STRING
MAPK3,RAF1,9606.ENSP00000263025,9606.ENSP00000401888,0.962,STRING
KDR,CAV1,9606.ENSP00000263923,9606.ENSP00000339191,0.962,STRING
CACNG1,CACNG2,9606.ENSP00000226021,9606.ENSP00000300105,0.962,STRING
CAV1,TLR4,9606.ENSP00000339191,9606.ENSP00000363089,0.962,STRING
PSMB6,RPS27A,9606.ENSP00000270586,9606.ENSP00000272317,0.962,STRING
SRC,SOS1,9606.ENSP00000362680,9606.ENSP00000384675,0.962,STRING
IFNG,IL4R,9606.ENSP00000229135,9606.ENSP00000379111,0.962,STRING
IL1B,IL17A,9606.ENSP00000263341,9606.ENSP00000497968,0.962,STRING
CHRNA3,CHRNB2,9606.ENSP00000315602,9606.ENSP00000357461,0.962,STRING
JAK3,PTPN11,9606.ENSP00000432511,9606.ENSP00000489597,0.962,STRING
NFKB1,STAT3,9606.ENSP00000226574,9606.ENSP00000264657,0.962,STRING
NR1I2,CYP3A4,9606.ENSP00000336528,9606.ENSP00000498939,0.962,STRING
PIK3R1,NTRK1,9606.ENSP00000428056,9606.ENSP00000431418,0.962,STRING
PTGER2,PTGER4,9606.ENSP00000245457,9606.ENSP00000302846,0.962,STRING
TYR,DDC,9606.ENSP00000263321,9606.ENSP00000403644,0.962,STRING
CACNG1,CACNA2D4,9606.ENSP00000226021,9606.ENSP00000372169,0.962,STRING
PSMA5,RPS27A,9606.ENSP00000271308,9606.ENSP00000272317,0.962,STRING
SMARCA4,ZEB1,9606.ENSP00000343896,9606.ENSP00000354487,0.962,STRING
RIPK2,TNFAIP3,9606.ENSP00000220751,9606.ENSP00000481570,0.962,STRING
CD80,IL10,9606.ENSP00000264246,9606.ENSP00000412237,0.962,STRING
PSMB5,PSMB8,9606.ENSP00000355325,9606.ENSP00000364016,0.962,STRING
ERCC4,POLD1,9606.ENSP00000310520,9606.ENSP00000472445,0.962,STRING
HTR3C,HTR3E,9606.ENSP00000322617,9606.ENSP00000406050,0.962,STRING
PSMC4,RPS27A,9606.ENSP00000157812,9606.ENSP00000272317,0.962,STRING
MAPK1,SMAD3,9606.ENSP00000215832,9606.ENSP00000332973,0.962,STRING
AGT,EDNRB,9606.ENSP00000355627,9606.ENSP00000366416,0.962,STRING
VWF,CXCL8,9606.ENSP00000261405,9606.ENSP00000306512,0.962,STRING
FGFR1,HRAS,9606.ENSP00000393312,9606.ENSP00000407586,0.962,STRING
KIT,HRAS,9606.ENSP00000288135,9606.ENSP00000407586,0.962,STRING
PRKAG2,STK11,9606.ENSP00000287878,9606.ENSP00000324856,0.962,STRING
PSMD8,PSMA8,9606.ENSP00000215071,9606.ENSP00000311121,0.962,STRING
IL6R,TYK2,9606.ENSP00000357470,9606.ENSP00000431885,0.962,STRING
MMP2,TGFB1,9606.ENSP00000219070,9606.ENSP00000221930,0.962,STRING
PSMB5,ADRM1,9606.ENSP00000355325,9606.ENSP00000478877,0.961,STRING
ATM,CASP8,9606.ENSP00000278616,9606.ENSP00000351273,0.961,STRING
CALM3,CAMK1D,9606.ENSP00000291295,9606.ENSP00000478874,0.961,STRING
IFNG,IL13,9606.ENSP00000229135,9606.ENSP00000304915,0.961,STRING
MAOB,CYP2D6,9606.ENSP00000367309,9606.ENSP00000496150,0.961,STRING
CDH1,ZEB1,9606.ENSP00000261769,9606.ENSP00000354487,0.961,STRING
PRIM1,POLD2,9606.ENSP00000350491,9606.ENSP00000480186,0.961,STRING
HNF1A,HNF1B,9606.ENSP00000438804,9606.ENSP00000480291,0.961,STRING
HRAS,FGFR2,9606.ENSP00000407586,9606.ENSP00000410294,0.961,STRING
CD40LG,TNFSF13B,9606.ENSP00000359663,9606.ENSP00000365048,0.961,STRING
CSF3R,JAK1,9606.ENSP00000362195,9606.ENSP00000499900,0.961,STRING
PSMA8,PSMD6,9606.ENSP00000311121,9606.ENSP00000418695,0.961,STRING
PMS2,POLD1,9606.ENSP00000265849,9606.ENSP00000472445,0.961,STRING
CYP2D6,CYP3A4,9606.ENSP00000496150,9606.ENSP00000498939,0.961,STRING
IDH2,IDH1,9606.ENSP00000331897,9606.ENSP00000390265,0.961,STRING
IL18,MYD88,9606.ENSP00000280357,9606.ENSP00000498321,0.961,STRING
SLC6A4,HTR2A,9606.ENSP00000261707,9606.ENSP00000437737,0.961,STRING
CACNB3,CACNB2,9606.ENSP00000301050,9606.ENSP00000320025,0.961,STRING
CYP19A1,SRD5A2,9606.ENSP00000379683,9606.ENSP00000477587,0.961,STRING
IFNG,CXCL8,9606.ENSP00000229135,9606.ENSP00000306512,0.961,STRING
IL18,TNF,9606.ENSP00000280357,9606.ENSP00000398698,0.961,STRING
PSMB10,PSMD6,9606.ENSP00000351314,9606.ENSP00000418695,0.961,STRING
NFE2L2,MYC,9606.ENSP00000380252,9606.ENSP00000478887,0.961,STRING
PDGFRA,STAT3,9606.ENSP00000257290,9606.ENSP00000264657,0.961,STRING
TLR2,TLR9,9606.ENSP00000260010,9606.ENSP00000353874,0.961,STRING
POLE2,POLD3,9606.ENSP00000216367,9606.ENSP00000263681,0.961,STRING
PIK3CA,PGR,9606.ENSP00000263967,9606.ENSP00000325120,0.961,STRING
BRCA2,RAD51B,9606.ENSP00000369497,9606.ENSP00000419881,0.961,STRING
TP53,ARID1A,9606.ENSP00000269305,9606.ENSP00000320485,0.961,STRING
MMP2,MMP7,9606.ENSP00000219070,9606.ENSP00000260227,0.961,STRING
GSK3B,MAP3K7,9606.ENSP00000324806,9606.ENSP00000358335,0.961,STRING
SLC3A1,AGT,9606.ENSP00000260649,9606.ENSP00000355627,0.961,STRING
NDUFA4,MT-ND3,9606.ENSP00000339720,9606.ENSP00000355206,0.961,STRING
TTR,SERPINA1,9606.ENSP00000237014,9606.ENSP00000416066,0.961,STRING
MET,HRAS,9606.ENSP00000317272,9606.ENSP00000407586,0.961,STRING
LYN,PLCG2,9606.ENSP00000428924,9606.ENSP00000482457,0.961,STRING
NDUFA4,MT-ND4,9606.ENSP00000339720,9606.ENSP00000354961,0.961,STRING
SMAD3,ACVR1,9606.ENSP00000332973,9606.ENSP00000405004,0.961,STRING
PIK3CA,MET,9606.ENSP00000263967,9606.ENSP00000317272,0.961,STRING
KIT,PIK3CB,9606.ENSP00000288135,9606.ENSP00000501150,0.961,STRING
MAP3K3,CHUK,9606.ENSP00000354927,9606.ENSP00000359424,0.961,STRING
ZFPM2,PIK3R1,9606.ENSP00000384179,9606.ENSP00000428056,0.961,STRING
ERBB4,ESR1,9606.ENSP00000342235,9606.ENSP00000405330,0.961,STRING
CACNA2D4,CACNB4,9606.ENSP00000372169,9606.ENSP00000438949,0.961,STRING
TYR,MC1R,9606.ENSP00000263321,9606.ENSP00000451605,0.96,STRING
SMAD3,RUNX2,9606.ENSP00000332973,9606.ENSP00000360493,0.96,STRING
NRAS,IGF1R,9606.ENSP00000358548,9606.ENSP00000497069,0.96,STRING
PDE1C,PDE1A,9606.ENSP00000379496,9606.ENSP00000410309,0.96,STRING
CREBBP,AR,9606.ENSP00000262367,9606.ENSP00000363822,0.96,STRING
TGFB1,IL6,9606.ENSP00000221930,9606.ENSP00000385675,0.96,STRING
CD4,PDCD1,9606.ENSP00000011653,9606.ENSP00000335062,0.96,STRING
IFNG,IL5,9606.ENSP00000229135,9606.ENSP00000231454,0.96,STRING
SYK,CD8A,9606.ENSP00000364898,9606.ENSP00000386559,0.96,STRING
PDGFRA,HRAS,9606.ENSP00000257290,9606.ENSP00000407586,0.96,STRING
RPS27A,HDAC6,9606.ENSP00000272317,9606.ENSP00000365804,0.96,STRING
PSMD7,RPS27A,9606.ENSP00000219313,9606.ENSP00000272317,0.96,STRING
CD4,IL7R,9606.ENSP00000011653,9606.ENSP00000306157,0.96,STRING
CBL,TGFBR2,9606.ENSP00000264033,9606.ENSP00000351905,0.96,STRING
STAT3,KIT,9606.ENSP00000264657,9606.ENSP00000288135,0.96,STRING
CREBBP,HDAC1,9606.ENSP00000262367,9606.ENSP00000362649,0.96,STRING
LRP5,GSK3B,9606.ENSP00000294304,9606.ENSP00000324806,0.96,STRING
NDUFV2,NDUFAF4,9606.ENSP00000327268,9606.ENSP00000358272,0.96,STRING
PSMA3,ADRM1,9606.ENSP00000216455,9606.ENSP00000478877,0.96,STRING
TPP1,PPT1,9606.ENSP00000299427,9606.ENSP00000493153,0.96,STRING
MAPK3,BRAF,9606.ENSP00000263025,9606.ENSP00000419060,0.96,STRING
RUNX1,PTPN11,9606.ENSP00000300305,9606.ENSP00000489597,0.96,STRING
CYP3A5,CYP1A2,9606.ENSP00000222982,9606.ENSP00000342007,0.96,STRING
TYMS,TOP2A,9606.ENSP00000315644,9606.ENSP00000411532,0.96,STRING
RORA,EP300,9606.ENSP00000261523,9606.ENSP00000263253,0.96,STRING
REN,ACE2,9606.ENSP00000272190,9606.ENSP00000389326,0.96,STRING
CACNA2D2,CACNB4,9606.ENSP00000418081,9606.ENSP00000438949,0.96,STRING
ATM,POLD1,9606.ENSP00000278616,9606.ENSP00000472445,0.96,STRING
PTGS2,IL6,9606.ENSP00000356438,9606.ENSP00000385675,0.96,STRING
KDR,COL18A1,9606.ENSP00000263923,9606.ENSP00000352798,0.96,STRING
TSC2,MAPK3,9606.ENSP00000219476,9606.ENSP00000263025,0.96,STRING
PIK3CA,NTRK1,9606.ENSP00000263967,9606.ENSP00000431418,0.96,STRING
DRD4,SLC6A3,9606.ENSP00000176183,9606.ENSP00000270349,0.96,STRING
TP53,FBXW7,9606.ENSP00000269305,9606.ENSP00000474725,0.96,STRING
CYP3A5,CYP2C9,9606.ENSP00000222982,9606.ENSP00000260682,0.96,STRING
PDGFRB,PIK3CB,9606.ENSP00000261799,9606.ENSP00000501150,0.96,STRING
MT-ND4L,NDUFB1,9606.ENSP00000354728,9606.ENSP00000483888,0.96,STRING
PSMC1,RPS27A,9606.ENSP00000261303,9606.ENSP00000272317,0.96,STRING
MMP2,COL18A1,9606.ENSP00000219070,9606.ENSP00000352798,0.96,STRING
CREBBP,HNF4A,9606.ENSP00000262367,9606.ENSP00000312987,0.96,STRING
ACVR1,TGFBR1,9606.ENSP00000405004,9606.ENSP00000447297,0.96,STRING
RXRG,RARG,9606.ENSP00000352900,9606.ENSP00000388510,0.959,STRING
EP300,NCOR1,9606.ENSP00000263253,9606.ENSP00000268712,0.959,STRING
GABRB3,GABRD,9606.ENSP00000308725,9606.ENSP00000367848,0.959,STRING
PSMB7,RPS27A,9606.ENSP00000259457,9606.ENSP00000272317,0.959,STRING
MMP9,IL6,9606.ENSP00000361405,9606.ENSP00000385675,0.959,STRING
EP300,APP,9606.ENSP00000263253,9606.ENSP00000284981,0.959,STRING
CACNA1S,CACNA2D4,9606.ENSP00000355192,9606.ENSP00000372169,0.959,STRING
MAPK1,NRAS,9606.ENSP00000215832,9606.ENSP00000358548,0.959,STRING
EP300,GATA3,9606.ENSP00000263253,9606.ENSP00000368632,0.959,STRING
ITGA2B,SRC,9606.ENSP00000262407,9606.ENSP00000362680,0.959,STRING
CHRND,CHRNA1,9606.ENSP00000258385,9606.ENSP00000261007,0.959,STRING
CALM3,CALM2,9606.ENSP00000291295,9606.ENSP00000499797,0.959,STRING
CALM3,NRAS,9606.ENSP00000291295,9606.ENSP00000358548,0.959,STRING
CD80,CD8A,9606.ENSP00000264246,9606.ENSP00000386559,0.959,STRING
PDGFRB,NRAS,9606.ENSP00000261799,9606.ENSP00000358548,0.959,STRING
ERBB2,JAK1,9606.ENSP00000269571,9606.ENSP00000499900,0.959,STRING
IFNG,IL23R,9606.ENSP00000229135,9606.ENSP00000321345,0.959,STRING
CD40,TNFSF13B,9606.ENSP00000361359,9606.ENSP00000365048,0.959,STRING
TP53,XPO1,9606.ENSP00000269305,9606.ENSP00000384863,0.959,STRING
STAT3,LCK,9606.ENSP00000264657,9606.ENSP00000477713,0.959,STRING
CDH1,MET,9606.ENSP00000261769,9606.ENSP00000317272,0.959,STRING
C3,ALB,9606.ENSP00000245907,9606.ENSP00000295897,0.959,STRING
STAT3,BCL2,9606.ENSP00000264657,9606.ENSP00000381185,0.959,STRING
CYP3A5,CYP2C19,9606.ENSP00000222982,9606.ENSP00000360372,0.959,STRING
TGFB1,SMAD4,9606.ENSP00000221930,9606.ENSP00000341551,0.959,STRING
IL4,IL17A,9606.ENSP00000231449,9606.ENSP00000497968,0.959,STRING
EP300,SRC,9606.ENSP00000263253,9606.ENSP00000362680,0.959,STRING
HDAC7,NCOR1,9606.ENSP00000080059,9606.ENSP00000268712,0.959,STRING
PSMA8,PSMC6,9606.ENSP00000311121,9606.ENSP00000484998,0.959,STRING
KRAS,PDGFRB,9606.ENSP00000256078,9606.ENSP00000261799,0.959,STRING
CD4,IL1B,9606.ENSP00000011653,9606.ENSP00000263341,0.958,STRING
CD4,CD80,9606.ENSP00000011653,9606.ENSP00000264246,0.958,STRING
CACNG3,CACNB4,9606.ENSP00000005284,9606.ENSP00000438949,0.958,STRING
NDUFS6,NDUFAF4,9606.ENSP00000274137,9606.ENSP00000358272,0.958,STRING
DRD5,GNAS,9606.ENSP00000306129,9606.ENSP00000360141,0.958,STRING
TGFB1,ACVRL1,9606.ENSP00000221930,9606.ENSP00000373574,0.958,STRING
PALB2,NDUFS8,9606.ENSP00000261584,9606.ENSP00000315774,0.958,STRING
ABL1,EPHB2,9606.ENSP00000361423,9606.ENSP00000383053,0.958,STRING
APOE,CFH,9606.ENSP00000252486,9606.ENSP00000356399,0.958,STRING
KIT,INS,9606.ENSP00000288135,9606.ENSP00000380432,0.958,STRING
SOX2,MYC,9606.ENSP00000323588,9606.ENSP00000478887,0.958,STRING
SMAD3,BMPR2,9606.ENSP00000332973,9606.ENSP00000363708,0.958,STRING
CCND1,BCL2,9606.ENSP00000227507,9606.ENSP00000381185,0.958,STRING
SMAD3,NOTCH1,9606.ENSP00000332973,9606.ENSP00000498587,0.958,STRING
CD8A,TNF,9606.ENSP00000386559,9606.ENSP00000398698,0.958,STRING
HDAC1,BRCA1,9606.ENSP00000362649,9606.ENSP00000418960,0.958,STRING
TNFSF4,CD40LG,9606.ENSP00000281834,9606.ENSP00000359663,0.958,STRING
IL10,TYK2,9606.ENSP00000412237,9606.ENSP00000431885,0.958,STRING
FLT3,PIK3CA,9606.ENSP00000241453,9606.ENSP00000263967,0.958,STRING
SRC,FGFR2,9606.ENSP00000362680,9606.ENSP00000410294,0.958,STRING
IL2RG,JAK2,9606.ENSP00000363318,9606.ENSP00000371067,0.958,STRING
NDUFS4,NDUFAF4,9606.ENSP00000296684,9606.ENSP00000358272,0.958,STRING
EPHA3,ABL1,9606.ENSP00000337451,9606.ENSP00000361423,0.958,STRING
EP300,HDAC3,9606.ENSP00000263253,9606.ENSP00000302967,0.958,STRING
CD8A,IL10,9606.ENSP00000386559,9606.ENSP00000412237,0.958,STRING
CD4,CD86,9606.ENSP00000011653,9606.ENSP00000332049,0.958,STRING
KDR,PTK2,9606.ENSP00000263923,9606.ENSP00000341189,0.958,STRING
ABL1,NTRK1,9606.ENSP00000361423,9606.ENSP00000431418,0.958,STRING
RARA,RARG,9606.ENSP00000254066,9606.ENSP00000388510,0.958,STRING
TNF,IL17A,9606.ENSP00000398698,9606.ENSP00000497968,0.958,STRING
MTOR,RHOA,9606.ENSP00000354558,9606.ENSP00000400175,0.958,STRING
CBL,KIT,9606.ENSP00000264033,9606.ENSP00000288135,0.957,STRING
MSH2,FANCD2,9606.ENSP00000233146,9606.ENSP00000287647,0.957,STRING
IL13,TNF,9606.ENSP00000304915,9606.ENSP00000398698,0.957,STRING
IL13,IL6,9606.ENSP00000304915,9606.ENSP00000385675,0.957,STRING
PDE1B,PDE1C,9606.ENSP00000243052,9606.ENSP00000379496,0.957,STRING
STAT3,DNMT1,9606.ENSP00000264657,9606.ENSP00000352516,0.957,STRING
TP53,BCL6,9606.ENSP00000269305,9606.ENSP00000384371,0.957,STRING
DNMT3A,SMARCA4,9606.ENSP00000264709,9606.ENSP00000343896,0.957,STRING
TBK1,TLR4,9606.ENSP00000329967,9606.ENSP00000363089,0.957,STRING
APOA1,C3,9606.ENSP00000236850,9606.ENSP00000245907,0.957,STRING
CACNG3,CACNA1D,9606.ENSP00000005284,9606.ENSP00000288139,0.957,STRING
CALM3,CACNA1H,9606.ENSP00000291295,9606.ENSP00000334198,0.957,STRING
MSH6,POLE,9606.ENSP00000234420,9606.ENSP00000322570,0.957,STRING
CDH1,MMP9,9606.ENSP00000261769,9606.ENSP00000361405,0.957,STRING
PPP3CA,CALM2,9606.ENSP00000378323,9606.ENSP00000499797,0.957,STRING
MAPT,TUBB2A,9606.ENSP00000340820,9606.ENSP00000369703,0.957,STRING
CDKN2C,TP53,9606.ENSP00000262662,9606.ENSP00000269305,0.957,STRING
NFKB1,ESR1,9606.ENSP00000226574,9606.ENSP00000405330,0.957,STRING
FOXP3,HDAC9,9606.ENSP00000365380,9606.ENSP00000408617,0.957,STRING
LIPC,LPL,9606.ENSP00000299022,9606.ENSP00000497642,0.957,STRING
FANCD2,ERCC4,9606.ENSP00000287647,9606.ENSP00000310520,0.957,STRING
PSMD8,PSMB8,9606.ENSP00000215071,9606.ENSP00000364016,0.957,STRING
LYN,PIK3CB,9606.ENSP00000428924,9606.ENSP00000501150,0.957,STRING
HNF4A,SMAD3,9606.ENSP00000312987,9606.ENSP00000332973,0.957,STRING
TGFB1,TGFB2,9606.ENSP00000221930,9606.ENSP00000355896,0.957,STRING
IL2,TNF,9606.ENSP00000226730,9606.ENSP00000398698,0.957,STRING
BRD4,SMARCA4,9606.ENSP00000263377,9606.ENSP00000343896,0.957,STRING
ADRA1B,ADRA1A,9606.ENSP00000306662,9606.ENSP00000369960,0.957,STRING
PDGFRA,PIK3CB,9606.ENSP00000257290,9606.ENSP00000501150,0.957,STRING
MAPK3,AKT1,9606.ENSP00000263025,9606.ENSP00000451828,0.957,STRING
NFATC1,GATA4,9606.ENSP00000389377,9606.ENSP00000435712,0.957,STRING
KCNQ4,KCNQ3,9606.ENSP00000262916,9606.ENSP00000373648,0.956,STRING
EGFR,JAK3,9606.ENSP00000275493,9606.ENSP00000432511,0.956,STRING
THRA,PIK3R1,9606.ENSP00000264637,9606.ENSP00000428056,0.956,STRING
MT-ND1,NDUFAF4,9606.ENSP00000354687,9606.ENSP00000358272,0.956,STRING
APOE,PSEN1,9606.ENSP00000252486,9606.ENSP00000326366,0.956,STRING
CDKN1B,CDKN2C,9606.ENSP00000228872,9606.ENSP00000262662,0.956,STRING
FLT3,PIK3R1,9606.ENSP00000241453,9606.ENSP00000428056,0.956,STRING
ADRB2,ADRB1,9606.ENSP00000305372,9606.ENSP00000358301,0.956,STRING
NRAS,PIK3R1,9606.ENSP00000358548,9606.ENSP00000428056,0.956,STRING
AKR1C3,CYP19A1,9606.ENSP00000369927,9606.ENSP00000379683,0.956,STRING
CYP3A7,CYP1A2,9606.ENSP00000337450,9606.ENSP00000342007,0.956,STRING
KCNQ2,CALM2,9606.ENSP00000352035,9606.ENSP00000499797,0.956,STRING
IL2,STAT5B,9606.ENSP00000226730,9606.ENSP00000293328,0.956,STRING
CACNA1E,CACNA1B,9606.ENSP00000356545,9606.ENSP00000360423,0.956,STRING
ABL1,BRCA1,9606.ENSP00000361423,9606.ENSP00000418960,0.956,STRING
TLR2,IL10,9606.ENSP00000260010,9606.ENSP00000412237,0.956,STRING
PIK3CD,LYN,9606.ENSP00000366563,9606.ENSP00000428924,0.956,STRING
SHH,FOXA2,9606.ENSP00000297261,9606.ENSP00000400341,0.956,STRING
PSMB9,PSMC3,9606.ENSP00000363993,9606.ENSP00000481029,0.956,STRING
AOX1,CYP3A4,9606.ENSP00000363832,9606.ENSP00000498939,0.956,STRING
CACNA1C,INS,9606.ENSP00000266376,9606.ENSP00000380432,0.956,STRING
ACE,ACE2,9606.ENSP00000290866,9606.ENSP00000389326,0.956,STRING
CDKN2A,HIF1A,9606.ENSP00000418915,9606.ENSP00000437955,0.956,STRING
CNR1,ADORA2A,9606.ENSP00000358513,9606.ENSP00000480012,0.956,STRING
STAT3,BMX,9606.ENSP00000264657,9606.ENSP00000350224,0.956,STRING
RRM2,TOP2A,9606.ENSP00000353770,9606.ENSP00000411532,0.956,STRING
CD79A,BLK,9606.ENSP00000221972,9606.ENSP00000259089,0.956,STRING
MTOR,PIK3R1,9606.ENSP00000354558,9606.ENSP00000428056,0.956,STRING
CDKN1A,CEBPA,9606.ENSP00000384849,9606.ENSP00000427514,0.956,STRING
INS,TGFA,9606.ENSP00000380432,9606.ENSP00000404131,0.956,STRING
NDUFV2,SDHD,9606.ENSP00000327268,9606.ENSP00000364699,0.956,STRING
PNPLA3,LIPC,9606.ENSP00000216180,9606.ENSP00000299022,0.956,STRING
PSMD4,SEM1,9606.ENSP00000357876,9606.ENSP00000481021,0.955,STRING
BCL2,MYC,9606.ENSP00000381185,9606.ENSP00000478887,0.955,STRING
RUNX3,ZFHX3,9606.ENSP00000382800,9606.ENSP00000493252,0.955,STRING
CCND1,AR,9606.ENSP00000227507,9606.ENSP00000363822,0.955,STRING
PSMB8,PSMD6,9606.ENSP00000364016,9606.ENSP00000418695,0.955,STRING
LHCGR,GNAS,9606.ENSP00000294954,9606.ENSP00000360141,0.955,STRING
APOB,LDLR,9606.ENSP00000233242,9606.ENSP00000454071,0.955,STRING
COL1A1,RUNX2,9606.ENSP00000225964,9606.ENSP00000360493,0.955,STRING
MAPK3,ESR2,9606.ENSP00000263025,9606.ENSP00000343925,0.955,STRING
FOXP3,IL10,9606.ENSP00000365380,9606.ENSP00000412237,0.955,STRING
GSK3B,PPP3CA,9606.ENSP00000324806,9606.ENSP00000378323,0.955,STRING
CYP2C9,ALOX5,9606.ENSP00000260682,9606.ENSP00000363512,0.955,STRING
RPS27A,PSMA7,9606.ENSP00000272317,9606.ENSP00000359910,0.955,STRING
SPTBN4,SPTA1,9606.ENSP00000469242,9606.ENSP00000495214,0.955,STRING
PRKCQ,MAP3K7,9606.ENSP00000263125,9606.ENSP00000358335,0.955,STRING
MAPK1,PTPN11,9606.ENSP00000215832,9606.ENSP00000489597,0.955,STRING
HGF,IGF1R,9606.ENSP00000222390,9606.ENSP00000497069,0.955,STRING
ERBB3,JAK2,9606.ENSP00000267101,9606.ENSP00000371067,0.955,STRING
ADRB2,SRC,9606.ENSP00000305372,9606.ENSP00000362680,0.955,STRING
CACNB2,CACNA1A,9606.ENSP00000320025,9606.ENSP00000489829,0.955,STRING
IL18,IL10,9606.ENSP00000280357,9606.ENSP00000412237,0.955,STRING
HDAC4,HIF1A,9606.ENSP00000264606,9606.ENSP00000437955,0.955,STRING
CD4,CTLA4,9606.ENSP00000011653,9606.ENSP00000497102,0.955,STRING
CD79A,BTK,9606.ENSP00000221972,9606.ENSP00000483570,0.955,STRING
IKZF1,PAX5,9606.ENSP00000331614,9606.ENSP00000350844,0.954,STRING
CDK7,BRD4,9606.ENSP00000256443,9606.ENSP00000263377,0.954,STRING
C3,SERPING1,9606.ENSP00000245907,9606.ENSP00000278407,0.954,STRING
SRC,RAF1,9606.ENSP00000362680,9606.ENSP00000401888,0.954,STRING
APP,F11,9606.ENSP00000284981,9606.ENSP00000384957,0.954,STRING
EP300,AKT1,9606.ENSP00000263253,9606.ENSP00000451828,0.954,STRING
CBL,RPS27A,9606.ENSP00000264033,9606.ENSP00000272317,0.954,STRING
MAPK14,ESR1,9606.ENSP00000229795,9606.ENSP00000405330,0.954,STRING
PDGFRA,SRC,9606.ENSP00000257290,9606.ENSP00000362680,0.954,STRING
PTEN,ROCK1,9606.ENSP00000361021,9606.ENSP00000382697,0.954,STRING
FGB,SERPINC1,9606.ENSP00000306099,9606.ENSP00000356671,0.954,STRING
SMAD3,BMPR1B,9606.ENSP00000332973,9606.ENSP00000401907,0.954,STRING
APOE,HSPG2,9606.ENSP00000252486,9606.ENSP00000363827,0.954,STRING
SMAD3,RUNX3,9606.ENSP00000332973,9606.ENSP00000382800,0.954,STRING
ADORA2B,GNAS,9606.ENSP00000304501,9606.ENSP00000360141,0.954,STRING
NRAS,PIK3CD,9606.ENSP00000358548,9606.ENSP00000366563,0.954,STRING
IL33,MYD88,9606.ENSP00000370842,9606.ENSP00000498321,0.954,STRING
ANK1,SPTA1,9606.ENSP00000265709,9606.ENSP00000495214,0.954,STRING
PSMB8,PSMC6,9606.ENSP00000364016,9606.ENSP00000484998,0.954,STRING
PDGFRB,JAK2,9606.ENSP00000261799,9606.ENSP00000371067,0.954,STRING
CSTB,CTSL,9606.ENSP00000291568,9606.ENSP00000345344,0.954,STRING
BRD4,HDAC1,9606.ENSP00000263377,9606.ENSP00000362649,0.954,STRING
NDUFAF3,NDUFA5,9606.ENSP00000323076,9606.ENSP00000417142,0.954,STRING
NKX2-1,TSHR,9606.ENSP00000346879,9606.ENSP00000441235,0.954,STRING
ITGAL,ITGB3,9606.ENSP00000349252,9606.ENSP00000452786,0.954,STRING
MLH1,BRCA2,9606.ENSP00000231790,9606.ENSP00000369497,0.954,STRING
BRCA1,HDAC2,9606.ENSP00000418960,9606.ENSP00000430432,0.953,STRING
ROCK1,CTNNB1,9606.ENSP00000382697,9606.ENSP00000495360,0.953,STRING
NDUFA2,NDUFAF3,9606.ENSP00000252102,9606.ENSP00000323076,0.953,STRING
MAPK1,MBP,9606.ENSP00000215832,9606.ENSP00000380958,0.953,STRING
HDAC7,FOXP3,9606.ENSP00000080059,9606.ENSP00000365380,0.953,STRING
IL2RA,IL6,9606.ENSP00000369293,9606.ENSP00000385675,0.953,STRING
APOE,ALB,9606.ENSP00000252486,9606.ENSP00000295897,0.953,STRING
CFTR,PRKAA1,9606.ENSP00000003084,9606.ENSP00000346148,0.953,STRING
GSK3B,NFE2L2,9606.ENSP00000324806,9606.ENSP00000380252,0.953,STRING
GSK3B,NFATC1,9606.ENSP00000324806,9606.ENSP00000389377,0.953,STRING
BRCA1,RAD51D,9606.ENSP00000418960,9606.ENSP00000466399,0.953,STRING
SMAD3,AR,9606.ENSP00000332973,9606.ENSP00000363822,0.953,STRING
KRAS,PTPN11,9606.ENSP00000256078,9606.ENSP00000489597,0.953,STRING
GSK3B,GLI3,9606.ENSP00000324806,9606.ENSP00000379258,0.953,STRING
INS,AKT1,9606.ENSP00000380432,9606.ENSP00000451828,0.953,STRING
ADAM17,NOTCH1,9606.ENSP00000309968,9606.ENSP00000498587,0.953,STRING
CYP2C19,ALOX5,9606.ENSP00000360372,9606.ENSP00000363512,0.953,STRING
F9,F10,9606.ENSP00000218099,9606.ENSP00000364709,0.953,STRING
MAOA,CYP3A4,9606.ENSP00000340684,9606.ENSP00000498939,0.953,STRING
KRAS,MAP3K1,9606.ENSP00000256078,9606.ENSP00000382423,0.953,STRING
PSMB4,PSMB11,9606.ENSP00000290541,9606.ENSP00000386212,0.953,STRING
BARD1,RPS27A,9606.ENSP00000260947,9606.ENSP00000272317,0.953,STRING
TP63,TP53,9606.ENSP00000264731,9606.ENSP00000269305,0.953,STRING
ATR,FANCA,9606.ENSP00000343741,9606.ENSP00000373952,0.953,STRING
IL1B,IL13,9606.ENSP00000263341,9606.ENSP00000304915,0.953,STRING
TUBB4A,MAPT,9606.ENSP00000264071,9606.ENSP00000340820,0.953,STRING
AVPR1A,AVPR2,9606.ENSP00000299178,9606.ENSP00000496396,0.953,STRING
CACNG4,CACNA1C,9606.ENSP00000262138,9606.ENSP00000266376,0.953,STRING
MAOB,CYP3A4,9606.ENSP00000367309,9606.ENSP00000498939,0.953,STRING
SERPINA6,SHBG,9606.ENSP00000342850,9606.ENSP00000369816,0.953,STRING
NFKB1,PRKCQ,9606.ENSP00000226574,9606.ENSP00000263125,0.953,STRING
POLD3,POLA2,9606.ENSP00000263681,9606.ENSP00000265465,0.953,STRING
HCN4,SCN5A,9606.ENSP00000261917,9606.ENSP00000328968,0.953,STRING
NDUFAF4,NDUFA1,9606.ENSP00000358272,9606.ENSP00000360492,0.953,STRING
NDUFAF4,NDUFV1,9606.ENSP00000358272,9606.ENSP00000497587,0.953,STRING
HDAC6,TUBA1A,9606.ENSP00000365804,9606.ENSP00000439020,0.953,STRING
FOXP3,IL17A,9606.ENSP00000365380,9606.ENSP00000497968,0.953,STRING
TGFBR2,RHOA,9606.ENSP00000351905,9606.ENSP00000400175,0.952,STRING
ADH1B,AOX1,9606.ENSP00000306606,9606.ENSP00000363832,0.952,STRING
FGB,ITGB3,9606.ENSP00000306099,9606.ENSP00000452786,0.952,STRING
EP300,AR,9606.ENSP00000263253,9606.ENSP00000363822,0.952,STRING
NDUFS7,PALB2,9606.ENSP00000233627,9606.ENSP00000261584,0.952,STRING
PSMA5,PSMB11,9606.ENSP00000271308,9606.ENSP00000386212,0.952,STRING
NDUFA2,NDUFAF4,9606.ENSP00000252102,9606.ENSP00000358272,0.952,STRING
HGF,ERBB3,9606.ENSP00000222390,9606.ENSP00000267101,0.952,STRING
CACNA1C,CACNA1A,9606.ENSP00000266376,9606.ENSP00000489829,0.952,STRING
NRAS,PTPN11,9606.ENSP00000358548,9606.ENSP00000489597,0.952,STRING
IL4,IL7R,9606.ENSP00000231449,9606.ENSP00000306157,0.952,STRING
MAPK1,MAPT,9606.ENSP00000215832,9606.ENSP00000340820,0.952,STRING
TNFRSF8,CD40,9606.ENSP00000263932,9606.ENSP00000361359,0.952,STRING
MAPK1,TSC2,9606.ENSP00000215832,9606.ENSP00000219476,0.952,STRING
CDKN1B,DDB1,9606.ENSP00000228872,9606.ENSP00000301764,0.952,STRING
IL13,IL10,9606.ENSP00000304915,9606.ENSP00000412237,0.952,STRING
POLD3,POLE3,9606.ENSP00000263681,9606.ENSP00000363286,0.952,STRING
SCN1A,GABRG2,9606.ENSP00000303540,9606.ENSP00000410732,0.952,STRING
HTR1B,HTR1D,9606.ENSP00000358963,9606.ENSP00000363748,0.952,STRING
DNMT1,PARP1,9606.ENSP00000352516,9606.ENSP00000355759,0.952,STRING
TTR,APOE,9606.ENSP00000237014,9606.ENSP00000252486,0.952,STRING
IFNG,CTLA4,9606.ENSP00000229135,9606.ENSP00000497102,0.951,STRING
TSHR,IGF1R,9606.ENSP00000441235,9606.ENSP00000497069,0.951,STRING
HTR1A,FGFR1,9606.ENSP00000316244,9606.ENSP00000393312,0.951,STRING
CYP11B1,SRD5A2,9606.ENSP00000292427,9606.ENSP00000477587,0.951,STRING
EPHA2,ABL1,9606.ENSP00000351209,9606.ENSP00000361423,0.951,STRING
CDKN2B,CDKN2A,9606.ENSP00000276925,9606.ENSP00000418915,0.951,STRING
NDUFAF4,NDUFS1,9606.ENSP00000358272,9606.ENSP00000392709,0.951,STRING
PIK3CA,FYN,9606.ENSP00000263967,9606.ENSP00000346671,0.951,STRING
CLCNKB,SLC12A1,9606.ENSP00000364831,9606.ENSP00000495332,0.951,STRING
APOA1,APOA5,9606.ENSP00000236850,9606.ENSP00000445002,0.951,STRING
CACNA2D1,CACNA1A,9606.ENSP00000349320,9606.ENSP00000489829,0.951,STRING
GNAS,HRH2,9606.ENSP00000360141,9606.ENSP00000366506,0.951,STRING
FYN,PIK3CB,9606.ENSP00000346671,9606.ENSP00000501150,0.951,STRING
ERBB2,JAK3,9606.ENSP00000269571,9606.ENSP00000432511,0.951,STRING
TLR2,TNF,9606.ENSP00000260010,9606.ENSP00000398698,0.951,STRING
PTK2,HCK,9606.ENSP00000341189,9606.ENSP00000365012,0.951,STRING
MAPK14,MAP2K2,9606.ENSP00000229795,9606.ENSP00000262948,0.951,STRING
APOB,ALB,9606.ENSP00000233242,9606.ENSP00000295897,0.951,STRING
NDUFB5,NDUFAF4,9606.ENSP00000259037,9606.ENSP00000358272,0.951,STRING
CACNG2,CACNB4,9606.ENSP00000300105,9606.ENSP00000438949,0.951,STRING
TSC2,PKD1,9606.ENSP00000219476,9606.ENSP00000262304,0.951,STRING
CYP1A2,CYP2C19,9606.ENSP00000342007,9606.ENSP00000360372,0.951,STRING
NDUFA8,SDHD,9606.ENSP00000362873,9606.ENSP00000364699,0.951,STRING
CBL,PTPN11,9606.ENSP00000264033,9606.ENSP00000489597,0.951,STRING
CACNG4,CACNG7,9606.ENSP00000262138,9606.ENSP00000375647,0.951,STRING
ERBB3,PIK3CD,9606.ENSP00000267101,9606.ENSP00000366563,0.951,STRING
SCN8A,KCNQ2,9606.ENSP00000346534,9606.ENSP00000352035,0.95,STRING
HBEGF,MMP9,9606.ENSP00000230990,9606.ENSP00000361405,0.95,STRING
GSK3B,SMAD3,9606.ENSP00000324806,9606.ENSP00000332973,0.95,STRING
SMAD3,ZEB1,9606.ENSP00000332973,9606.ENSP00000354487,0.95,STRING
PAX5,IRF4,9606.ENSP00000350844,9606.ENSP00000370343,0.95,STRING
PIK3CD,IGF1R,9606.ENSP00000366563,9606.ENSP00000497069,0.95,STRING
CD274,PTPN11,9606.ENSP00000370989,9606.ENSP00000489597,0.95,STRING
ALK,JAK3,9606.ENSP00000373700,9606.ENSP00000432511,0.95,STRING
PSEN1,MAPT,9606.ENSP00000326366,9606.ENSP00000340820,0.95,STRING
IFNG,PRF1,9606.ENSP00000229135,9606.ENSP00000398568,0.95,STRING
PDE2A,PDE5A,9606.ENSP00000334910,9606.ENSP00000347046,0.95,STRING
CYP19A1,CYP3A4,9606.ENSP00000379683,9606.ENSP00000498939,0.95,STRING
PRIM1,POLE3,9606.ENSP00000350491,9606.ENSP00000363286,0.95,STRING
CASP8,CHUK,9606.ENSP00000351273,9606.ENSP00000359424,0.95,STRING
PRKCE,TRPV1,9606.ENSP00000306124,9606.ENSP00000459962,0.95,STRING
KCNQ1,SLC12A2,9606.ENSP00000155840,9606.ENSP00000262461,0.95,STRING
ATP1B3,ATP1B1,9606.ENSP00000286371,9606.ENSP00000356790,0.95,STRING
PPARG,SMAD3,9606.ENSP00000287820,9606.ENSP00000332973,0.95,STRING
CACNA1E,CACNA1A,9606.ENSP00000356545,9606.ENSP00000489829,0.95,STRING
GABRB2,GABRB1,9606.ENSP00000274547,9606.ENSP00000295454,0.95,STRING
PMS2,BRCA1,9606.ENSP00000265849,9606.ENSP00000418960,0.95,STRING
GABRB1,GABRB3,9606.ENSP00000295454,9606.ENSP00000308725,0.95,STRING
TRPA1,PRKCE,9606.ENSP00000262209,9606.ENSP00000306124,0.95,STRING
PDGFRB,PTEN,9606.ENSP00000261799,9606.ENSP00000361021,0.95,STRING
ADAM17,TNF,9606.ENSP00000309968,9606.ENSP00000398698,0.95,STRING
CYP3A5,CYP3A4,9606.ENSP00000222982,9606.ENSP00000498939,0.95,STRING
SCN10A,SCN1B,9606.ENSP00000390600,9606.ENSP00000396915,0.95,STRING
CACNG1,CACNA1C,9606.ENSP00000226021,9606.ENSP00000266376,0.95,STRING
DNMT3A,MECP2,9606.ENSP00000264709,9606.ENSP00000395535,0.949,STRING
NDUFA4,MT-ND2,9606.ENSP00000339720,9606.ENSP00000355046,0.949,STRING
ITK,PIK3R1,9606.ENSP00000398655,9606.ENSP00000428056,0.949,STRING
MAPK1,BRAF,9606.ENSP00000215832,9606.ENSP00000419060,0.949,STRING
HDAC3,MYC,9606.ENSP00000302967,9606.ENSP00000478887,0.949,STRING
IL1B,CD40,9606.ENSP00000263341,9606.ENSP00000361359,0.949,STRING
NDUFA10,PALB2,9606.ENSP00000252711,9606.ENSP00000261584,0.949,STRING
IFNGR1,HRAS,9606.ENSP00000356713,9606.ENSP00000407586,0.949,STRING
IL1B,MMP9,9606.ENSP00000263341,9606.ENSP00000361405,0.949,STRING
MAPK3,PRKCB,9606.ENSP00000263025,9606.ENSP00000496129,0.949,STRING
PRIM1,POLG,9606.ENSP00000350491,9606.ENSP00000399851,0.949,STRING
GCK,ABCC8,9606.ENSP00000223366,9606.ENSP00000494321,0.949,STRING
TNFRSF1A,TLR4,9606.ENSP00000162749,9606.ENSP00000363089,0.949,STRING
NRAS,MAP3K1,9606.ENSP00000358548,9606.ENSP00000382423,0.949,STRING
HRAS,IGF1R,9606.ENSP00000407586,9606.ENSP00000497069,0.949,STRING
FYN,ABL1,9606.ENSP00000346671,9606.ENSP00000361423,0.949,STRING
HSPG2,FGF9,9606.ENSP00000363827,9606.ENSP00000371790,0.949,STRING
PALB2,RAD51D,9606.ENSP00000261584,9606.ENSP00000466399,0.949,STRING
CYP11B1,CYP19A1,9606.ENSP00000292427,9606.ENSP00000379683,0.949,STRING
CETP,LIPC,9606.ENSP00000200676,9606.ENSP00000299022,0.949,STRING
TP53,PPARG,9606.ENSP00000269305,9606.ENSP00000287820,0.949,STRING
KRAS,TP53,9606.ENSP00000256078,9606.ENSP00000269305,0.949,STRING
PDGFRA,INS,9606.ENSP00000257290,9606.ENSP00000380432,0.949,STRING
CACNG6,CACNB4,9606.ENSP00000252729,9606.ENSP00000438949,0.949,STRING
LEP,GH1,9606.ENSP00000312652,9606.ENSP00000312673,0.949,STRING
ADRA1B,ADRA1D,9606.ENSP00000306662,9606.ENSP00000368766,0.949,STRING
SORT1,CELSR2,9606.ENSP00000256637,9606.ENSP00000271332,0.949,STRING
IFNG,IL18,9606.ENSP00000229135,9606.ENSP00000280357,0.949,STRING
ABL1,CTNNB1,9606.ENSP00000361423,9606.ENSP00000495360,0.949,STRING
IL6,MYD88,9606.ENSP00000385675,9606.ENSP00000498321,0.949,STRING
FGB,PLG,9606.ENSP00000306099,9606.ENSP00000308938,0.948,STRING
FOXP3,CD8A,9606.ENSP00000365380,9606.ENSP00000386559,0.948,STRING
PPARD,RXRB,9606.ENSP00000310928,9606.ENSP00000363817,0.948,STRING
PIK3CD,ITK,9606.ENSP00000366563,9606.ENSP00000398655,0.948,STRING
KRAS,FGFR4,9606.ENSP00000256078,9606.ENSP00000292408,0.948,STRING
ESR1,HIF1A,9606.ENSP00000405330,9606.ENSP00000437955,0.948,STRING
CHRNB2,CHRNA2,9606.ENSP00000357461,9606.ENSP00000385026,0.948,STRING
CACNB2,CACNA2D4,9606.ENSP00000320025,9606.ENSP00000372169,0.948,STRING
ATP4A,CYP2C19,9606.ENSP00000262623,9606.ENSP00000360372,0.948,STRING
SMAD4,TCF7L2,9606.ENSP00000341551,9606.ENSP00000486891,0.948,STRING
ATM,HDAC1,9606.ENSP00000278616,9606.ENSP00000362649,0.948,STRING
CYP1A2,AOX1,9606.ENSP00000342007,9606.ENSP00000363832,0.948,STRING
CYP1A2,XDH,9606.ENSP00000342007,9606.ENSP00000368727,0.948,STRING
STAT3,ERBB2,9606.ENSP00000264657,9606.ENSP00000269571,0.948,STRING
ERBB4,PIK3R1,9606.ENSP00000342235,9606.ENSP00000428056,0.948,STRING
PALB2,NDUFA7,9606.ENSP00000261584,9606.ENSP00000301457,0.948,STRING
PALB2,NDUFA6,9606.ENSP00000261584,9606.ENSP00000482543,0.948,STRING
NDUFS6,NDUFAF3,9606.ENSP00000274137,9606.ENSP00000323076,0.948,STRING
PRKCE,NRAS,9606.ENSP00000306124,9606.ENSP00000358548,0.948,STRING
POLD3,PRIM1,9606.ENSP00000263681,9606.ENSP00000350491,0.948,STRING
PPARG,LEP,9606.ENSP00000287820,9606.ENSP00000312652,0.948,STRING
CYP51A1,HMGCR,9606.ENSP00000003100,9606.ENSP00000287936,0.948,STRING
CYP17A1,CYP3A4,9606.ENSP00000358903,9606.ENSP00000498939,0.948,STRING
SCN1A,SCN2A,9606.ENSP00000303540,9606.ENSP00000490107,0.948,STRING
MAPK1,ESR2,9606.ENSP00000215832,9606.ENSP00000343925,0.948,STRING
NLRP3,CASP8,9606.ENSP00000337383,9606.ENSP00000351273,0.948,STRING
PSMD1,PSMB8,9606.ENSP00000309474,9606.ENSP00000364016,0.948,STRING
FLT1,PTK2,9606.ENSP00000282397,9606.ENSP00000341189,0.948,STRING
RHOA,RAF1,9606.ENSP00000400175,9606.ENSP00000401888,0.948,STRING
NDUFA4,MT-ND5,9606.ENSP00000339720,9606.ENSP00000354813,0.948,STRING
EP300,RUNX3,9606.ENSP00000263253,9606.ENSP00000382800,0.948,STRING
MAOA,CYP2C19,9606.ENSP00000340684,9606.ENSP00000360372,0.948,STRING
CSK,LYN,9606.ENSP00000220003,9606.ENSP00000428924,0.948,STRING
S1PR4,S1PR1,9606.ENSP00000246115,9606.ENSP00000305416,0.948,STRING
CACNA1S,CALM2,9606.ENSP00000355192,9606.ENSP00000499797,0.948,STRING
CSF3R,JAK3,9606.ENSP00000362195,9606.ENSP00000432511,0.948,STRING
TGFBR2,ALK,9606.ENSP00000351905,9606.ENSP00000373700,0.947,STRING
KCNQ1,KCNQ4,9606.ENSP00000155840,9606.ENSP00000262916,0.947,STRING
MMP9,SPP1,9606.ENSP00000361405,9606.ENSP00000378517,0.947,STRING
CYP11B1,AKR1C3,9606.ENSP00000292427,9606.ENSP00000369927,0.947,STRING
IL4,CD8A,9606.ENSP00000231449,9606.ENSP00000386559,0.947,STRING
PIK3R1,BTK,9606.ENSP00000428056,9606.ENSP00000483570,0.947,STRING
BCL11B,HDAC1,9606.ENSP00000349723,9606.ENSP00000362649,0.947,STRING
STAT3,IL2RG,9606.ENSP00000264657,9606.ENSP00000363318,0.947,STRING
PIK3CA,INSR,9606.ENSP00000263967,9606.ENSP00000303830,0.947,STRING
NRAS,PIK3CB,9606.ENSP00000358548,9606.ENSP00000501150,0.947,STRING
PIK3CA,BRAF,9606.ENSP00000263967,9606.ENSP00000419060,0.947,STRING
TP53,TOP1,9606.ENSP00000269305,9606.ENSP00000354522,0.947,STRING
PMS2,BRCA2,9606.ENSP00000265849,9606.ENSP00000369497,0.947,STRING
EPHB4,ABL1,9606.ENSP00000350896,9606.ENSP00000361423,0.947,STRING
KMT2C,KMT2A,9606.ENSP00000262189,9606.ENSP00000436786,0.947,STRING
CREBBP,NCOR1,9606.ENSP00000262367,9606.ENSP00000268712,0.947,STRING
CYP2C9,CYP1A2,9606.ENSP00000260682,9606.ENSP00000342007,0.947,STRING
NDUFB9,SDHD,9606.ENSP00000276689,9606.ENSP00000364699,0.947,STRING
ERBB3,JAK1,9606.ENSP00000267101,9606.ENSP00000499900,0.947,STRING
TUBA4A,TUBA1A,9606.ENSP00000248437,9606.ENSP00000439020,0.947,STRING
CACNB1,CACNA2D2,9606.ENSP00000377840,9606.ENSP00000418081,0.947,STRING
MAPK3,NFATC1,9606.ENSP00000263025,9606.ENSP00000389377,0.947,STRING
MAPK3,GJA1,9606.ENSP00000263025,9606.ENSP00000282561,0.947,STRING
MSH2,POLE,9606.ENSP00000233146,9606.ENSP00000322570,0.947,STRING
KDR,JAK1,9606.ENSP00000263923,9606.ENSP00000499900,0.947,STRING
ATP1A3,ATP1A1,9606.ENSP00000444688,9606.ENSP00000445306,0.947,STRING
FGFR1,CTNNB1,9606.ENSP00000393312,9606.ENSP00000495360,0.947,STRING
SCN1B,GABRG2,9606.ENSP00000396915,9606.ENSP00000410732,0.947,STRING
MAOA,AOX1,9606.ENSP00000340684,9606.ENSP00000363832,0.947,STRING
APOA5,APOC1,9606.ENSP00000445002,9606.ENSP00000465356,0.947,STRING
LYN,PRKCB,9606.ENSP00000428924,9606.ENSP00000496129,0.947,STRING
PDGFB,TGFA,9606.ENSP00000330382,9606.ENSP00000404131,0.947,STRING
NDUFAF3,MT-ND1,9606.ENSP00000323076,9606.ENSP00000354687,0.947,STRING
MPO,RUNX1,9606.ENSP00000225275,9606.ENSP00000300305,0.947,STRING
PTEN,FRK,9606.ENSP00000361021,9606.ENSP00000476145,0.947,STRING
LPA,APOA5,9606.ENSP00000321334,9606.ENSP00000445002,0.947,STRING
NDUFS4,NDUFAF3,9606.ENSP00000296684,9606.ENSP00000323076,0.947,STRING
PALB2,PMS2,9606.ENSP00000261584,9606.ENSP00000265849,0.947,STRING
TNNI3,MYH6,9606.ENSP00000341838,9606.ENSP00000386041,0.947,STRING
ERBB4,PIK3CB,9606.ENSP00000342235,9606.ENSP00000501150,0.947,STRING
CYP11B2,CYP19A1,9606.ENSP00000325822,9606.ENSP00000379683,0.947,STRING
ADH1B,MAOA,9606.ENSP00000306606,9606.ENSP00000340684,0.946,STRING
CCND1,TP53,9606.ENSP00000227507,9606.ENSP00000269305,0.946,STRING
CD79A,PAX5,9606.ENSP00000221972,9606.ENSP00000350844,0.946,STRING
PTGS1,PTGS2,9606.ENSP00000354612,9606.ENSP00000356438,0.946,STRING
PSMA4,CHRNA5,9606.ENSP00000044462,9606.ENSP00000299565,0.946,STRING
IFNG,TLR4,9606.ENSP00000229135,9606.ENSP00000363089,0.946,STRING
IL18,NLRP3,9606.ENSP00000280357,9606.ENSP00000337383,0.946,STRING
MSH2,MUTYH,9606.ENSP00000233146,9606.ENSP00000500891,0.946,STRING
DNMT3A,TET2,9606.ENSP00000264709,9606.ENSP00000442788,0.946,STRING
RYR1,CACNA1A,9606.ENSP00000352608,9606.ENSP00000489829,0.946,STRING
BARD1,ATM,9606.ENSP00000260947,9606.ENSP00000278616,0.946,STRING
NDUFAF4,NDUFA3,9606.ENSP00000358272,9606.ENSP00000418438,0.946,STRING
RXRB,RARG,9606.ENSP00000363817,9606.ENSP00000388510,0.946,STRING
FGFR4,INS,9606.ENSP00000292408,9606.ENSP00000380432,0.946,STRING
PALB2,NDUFV2,9606.ENSP00000261584,9606.ENSP00000327268,0.946,STRING
PALB2,NDUFB6,9606.ENSP00000261584,9606.ENSP00000369176,0.946,STRING
TYR,TPO,9606.ENSP00000263321,9606.ENSP00000329869,0.946,STRING
BCL2,HIF1A,9606.ENSP00000381185,9606.ENSP00000437955,0.946,STRING
SMAD4,BMPR2,9606.ENSP00000341551,9606.ENSP00000363708,0.946,STRING
RYR1,CALM2,9606.ENSP00000352608,9606.ENSP00000499797,0.946,STRING
NDUFB7,PALB2,9606.ENSP00000215565,9606.ENSP00000261584,0.946,STRING
TGFB3,INHBA,9606.ENSP00000238682,9606.ENSP00000242208,0.946,STRING
KL,IGF1R,9606.ENSP00000369442,9606.ENSP00000497069,0.946,STRING
PIK3CA,BTK,9606.ENSP00000263967,9606.ENSP00000483570,0.946,STRING
IL7R,CD8A,9606.ENSP00000306157,9606.ENSP00000386559,0.946,STRING
CD38,CD19,9606.ENSP00000226279,9606.ENSP00000313419,0.946,STRING
HCK,ITK,9606.ENSP00000365012,9606.ENSP00000398655,0.946,STRING
CACNA1C,RYR1,9606.ENSP00000266376,9606.ENSP00000352608,0.945,STRING
GJA1,TUBB3,9606.ENSP00000282561,9606.ENSP00000320295,0.945,STRING
NR3C2,AGT,9606.ENSP00000350815,9606.ENSP00000355627,0.945,STRING
MMP13,RUNX2,9606.ENSP00000260302,9606.ENSP00000360493,0.945,STRING
GJA1,TUBB2A,9606.ENSP00000282561,9606.ENSP00000369703,0.945,STRING
HEY2,NOTCH1,9606.ENSP00000357348,9606.ENSP00000498587,0.945,STRING
FGFR4,NRAS,9606.ENSP00000292408,9606.ENSP00000358548,0.945,STRING
PALB2,NDUFB3,9606.ENSP00000261584,9606.ENSP00000407336,0.945,STRING
PALB2,ATM,9606.ENSP00000261584,9606.ENSP00000278616,0.945,STRING
CREBBP,MYC,9606.ENSP00000262367,9606.ENSP00000478887,0.945,STRING
PALB2,NDUFA8,9606.ENSP00000261584,9606.ENSP00000362873,0.945,STRING
RARG,RXRA,9606.ENSP00000388510,9606.ENSP00000419692,0.945,STRING
EPHA1,ABL1,9606.ENSP00000275815,9606.ENSP00000361423,0.945,STRING
CACNA1B,CACNA1A,9606.ENSP00000360423,9606.ENSP00000489829,0.945,STRING
ALB,FGG,9606.ENSP00000295897,9606.ENSP00000336829,0.945,STRING
RBX1,CDKN1A,9606.ENSP00000216225,9606.ENSP00000384849,0.945,STRING
EPHA4,ABL1,9606.ENSP00000281821,9606.ENSP00000361423,0.945,STRING
TNFSF11,NFATC1,9606.ENSP00000381775,9606.ENSP00000389377,0.945,STRING
MAP3K1,HRAS,9606.ENSP00000382423,9606.ENSP00000407586,0.945,STRING
CSNK1E,DDX3X,9606.ENSP00000380044,9606.ENSP00000494040,0.945,STRING
PIK3CD,JAK1,9606.ENSP00000366563,9606.ENSP00000499900,0.945,STRING
MTNR1B,MTNR1A,9606.ENSP00000257068,9606.ENSP00000302811,0.945,STRING
ROCK2,CTNNB1,9606.ENSP00000317985,9606.ENSP00000495360,0.945,STRING
RUNX1,HIF1A,9606.ENSP00000300305,9606.ENSP00000437955,0.945,STRING
GCK,INS,9606.ENSP00000223366,9606.ENSP00000380432,0.945,STRING
CD3D,ITK,9606.ENSP00000300692,9606.ENSP00000398655,0.945,STRING
PSMB6,ADRM1,9606.ENSP00000270586,9606.ENSP00000478877,0.945,STRING
DDB1,IKZF1,9606.ENSP00000301764,9606.ENSP00000331614,0.945,STRING
CACNA1D,RYR2,9606.ENSP00000288139,9606.ENSP00000355533,0.944,STRING
SCN4A,SCN2A,9606.ENSP00000396320,9606.ENSP00000490107,0.944,STRING
MC4R,FTO,9606.ENSP00000299766,9606.ENSP00000418823,0.944,STRING
PPARG,INS,9606.ENSP00000287820,9606.ENSP00000380432,0.944,STRING
CA9,HIF1A,9606.ENSP00000367608,9606.ENSP00000437955,0.944,STRING
CACNA1H,CACNA1G,9606.ENSP00000334198,9606.ENSP00000352011,0.944,STRING
RAF1,PIK3R1,9606.ENSP00000401888,9606.ENSP00000428056,0.944,STRING
CACNA1S,CALM1,9606.ENSP00000355192,9606.ENSP00000499717,0.944,STRING
KRAS,NRAS,9606.ENSP00000256078,9606.ENSP00000358548,0.944,STRING
CYP3A5,CYP19A1,9606.ENSP00000222982,9606.ENSP00000379683,0.944,STRING
ALDH2,AKR1B1,9606.ENSP00000261733,9606.ENSP00000285930,0.944,STRING
INSR,PIK3CB,9606.ENSP00000303830,9606.ENSP00000501150,0.944,STRING
MC4R,LEP,9606.ENSP00000299766,9606.ENSP00000312652,0.944,STRING
CYP2C19,MAOB,9606.ENSP00000360372,9606.ENSP00000367309,0.944,STRING
ALK,JAK1,9606.ENSP00000373700,9606.ENSP00000499900,0.944,STRING
AURKA,HDAC6,9606.ENSP00000216911,9606.ENSP00000365804,0.944,STRING
CBL,ERBB2,9606.ENSP00000264033,9606.ENSP00000269571,0.944,STRING
GRIN1,CALM1,9606.ENSP00000360608,9606.ENSP00000499717,0.944,STRING
ARID1A,BCL11B,9606.ENSP00000320485,9606.ENSP00000349723,0.944,STRING
HDAC4,SMAD3,9606.ENSP00000264606,9606.ENSP00000332973,0.944,STRING
TLR4,IL1R1,9606.ENSP00000363089,9606.ENSP00000386380,0.944,STRING
CREBBP,SMARCA4,9606.ENSP00000262367,9606.ENSP00000343896,0.944,STRING
SIGMAR1,KCNH6,9606.ENSP00000277010,9606.ENSP00000463533,0.944,STRING
RPS27A,DNMT1,9606.ENSP00000272317,9606.ENSP00000352516,0.944,STRING
MAPK3,SRC,9606.ENSP00000263025,9606.ENSP00000362680,0.944,STRING
MLH1,POLD1,9606.ENSP00000231790,9606.ENSP00000472445,0.944,STRING
HBEGF,ERBB2,9606.ENSP00000230990,9606.ENSP00000269571,0.944,STRING
MAPK14,CDKN2A,9606.ENSP00000229795,9606.ENSP00000418915,0.944,STRING
EP300,HDAC2,9606.ENSP00000263253,9606.ENSP00000430432,0.944,STRING
CACNG8,CACNG7,9606.ENSP00000270458,9606.ENSP00000375647,0.944,STRING
PTK2,FGR,9606.ENSP00000341189,9606.ENSP00000363117,0.944,STRING
STAT3,SOCS1,9606.ENSP00000264657,9606.ENSP00000496577,0.944,STRING
STAT3,IL17A,9606.ENSP00000264657,9606.ENSP00000497968,0.944,STRING
REN,NR3C2,9606.ENSP00000272190,9606.ENSP00000350815,0.944,STRING
BTK,PIK3CB,9606.ENSP00000483570,9606.ENSP00000501150,0.943,STRING
GJA1,TUBB,9606.ENSP00000282561,9606.ENSP00000339001,0.943,STRING
KCNQ3,CALM2,9606.ENSP00000373648,9606.ENSP00000499797,0.943,STRING
SCN9A,SCN2A,9606.ENSP00000386306,9606.ENSP00000490107,0.943,STRING
CD3G,B2M,9606.ENSP00000431445,9606.ENSP00000497910,0.943,STRING
APOE,LIPC,9606.ENSP00000252486,9606.ENSP00000299022,0.943,STRING
DRD4,DRD3,9606.ENSP00000176183,9606.ENSP00000373169,0.943,STRING
IFNG,CD80,9606.ENSP00000229135,9606.ENSP00000264246,0.943,STRING
POLD3,PRIM2,9606.ENSP00000263681,9606.ENSP00000484105,0.943,STRING
KDR,PIK3R1,9606.ENSP00000263923,9606.ENSP00000428056,0.943,STRING
IL2,CTLA4,9606.ENSP00000226730,9606.ENSP00000497102,0.943,STRING
GJA1,TUBB6,9606.ENSP00000282561,9606.ENSP00000318697,0.943,STRING
PTEN,CTNNB1,9606.ENSP00000361021,9606.ENSP00000495360,0.943,STRING
PTEN,BRAF,9606.ENSP00000361021,9606.ENSP00000419060,0.943,STRING
RXRG,RXRA,9606.ENSP00000352900,9606.ENSP00000419692,0.943,STRING
TUBB,MAPT,9606.ENSP00000339001,9606.ENSP00000340820,0.943,STRING
RUNX1,SRC,9606.ENSP00000300305,9606.ENSP00000362680,0.943,STRING
RPS27A,PSMB5,9606.ENSP00000272317,9606.ENSP00000355325,0.943,STRING
TP53,EGFR,9606.ENSP00000269305,9606.ENSP00000275493,0.943,STRING
PDE3B,AKT1,9606.ENSP00000282096,9606.ENSP00000451828,0.943,STRING
CDK4,BRCA2,9606.ENSP00000257904,9606.ENSP00000369497,0.943,STRING
MAPT,TUBB4B,9606.ENSP00000340820,9606.ENSP00000341289,0.943,STRING
FLT3,NPM1,9606.ENSP00000241453,9606.ENSP00000296930,0.943,STRING
RIPK2,CHUK,9606.ENSP00000220751,9606.ENSP00000359424,0.943,STRING
MAPK1,ATP1A1,9606.ENSP00000215832,9606.ENSP00000445306,0.943,STRING
MTOR,PIK3CB,9606.ENSP00000354558,9606.ENSP00000501150,0.943,STRING
IL2RA,CD8A,9606.ENSP00000369293,9606.ENSP00000386559,0.943,STRING
TLR4,IL10,9606.ENSP00000363089,9606.ENSP00000412237,0.943,STRING
FGFR4,HRAS,9606.ENSP00000292408,9606.ENSP00000407586,0.943,STRING
IFNG,CD86,9606.ENSP00000229135,9606.ENSP00000332049,0.943,STRING
LEP,CEBPA,9606.ENSP00000312652,9606.ENSP00000427514,0.943,STRING
MAPK1,GJA1,9606.ENSP00000215832,9606.ENSP00000282561,0.943,STRING
SRC,DCC,9606.ENSP00000362680,9606.ENSP00000389140,0.943,STRING
NR3C1,CREBBP,9606.ENSP00000231509,9606.ENSP00000262367,0.943,STRING
RRM2B,POLG,9606.ENSP00000251810,9606.ENSP00000399851,0.943,STRING
IL1B,CASP8,9606.ENSP00000263341,9606.ENSP00000351273,0.943,STRING
NR3C1,SMAD3,9606.ENSP00000231509,9606.ENSP00000332973,0.942,STRING
IRF4,BCL6,9606.ENSP00000370343,9606.ENSP00000384371,0.942,STRING
KCNN2,KCND2,9606.ENSP00000264773,9606.ENSP00000333496,0.942,STRING
CACNB2,CACNB1,9606.ENSP00000320025,9606.ENSP00000377840,0.942,STRING
CACNB3,CACNG7,9606.ENSP00000301050,9606.ENSP00000375647,0.942,STRING
AURKA,BRCA1,9606.ENSP00000216911,9606.ENSP00000418960,0.942,STRING
NOTCH2,ADAM17,9606.ENSP00000256646,9606.ENSP00000309968,0.942,STRING
CD40LG,TNF,9606.ENSP00000359663,9606.ENSP00000398698,0.942,STRING
STAT3,PRDM1,9606.ENSP00000264657,9606.ENSP00000358092,0.942,STRING
CAV1,CTNNB1,9606.ENSP00000339191,9606.ENSP00000495360,0.942,STRING
SLC6A4,MAOA,9606.ENSP00000261707,9606.ENSP00000340684,0.942,STRING
GNAS,SRC,9606.ENSP00000360141,9606.ENSP00000362680,0.942,STRING
CREBBP,NFE2L2,9606.ENSP00000262367,9606.ENSP00000380252,0.942,STRING
TLR2,IL6,9606.ENSP00000260010,9606.ENSP00000385675,0.942,STRING
GNAS,FSHR,9606.ENSP00000360141,9606.ENSP00000384708,0.942,STRING
MTOR,PIK3CD,9606.ENSP00000354558,9606.ENSP00000366563,0.942,STRING
MTOR,PTEN,9606.ENSP00000354558,9606.ENSP00000361021,0.942,STRING
CD8A,MYD88,9606.ENSP00000386559,9606.ENSP00000498321,0.942,STRING
EGFR,PIK3CD,9606.ENSP00000275493,9606.ENSP00000366563,0.942,STRING
RUNX2,ESR1,9606.ENSP00000360493,9606.ENSP00000405330,0.942,STRING
NDUFAF3,NDUFV2,9606.ENSP00000323076,9606.ENSP00000327268,0.942,STRING
MAPK3,ATP1A1,9606.ENSP00000263025,9606.ENSP00000445306,0.942,STRING
MAPK3,BDNF,9606.ENSP00000263025,9606.ENSP00000414303,0.942,STRING
KCNQ2,SCN2A,9606.ENSP00000352035,9606.ENSP00000490107,0.942,STRING
CD4,PLAT,9606.ENSP00000011653,9606.ENSP00000220809,0.942,STRING
STAT4,IL10,9606.ENSP00000351255,9606.ENSP00000412237,0.941,STRING
CYP3A7,CYP17A1,9606.ENSP00000337450,9606.ENSP00000358903,0.941,STRING
NDUFA12,NDUFAF4,9606.ENSP00000330737,9606.ENSP00000358272,0.941,STRING
PIK3CA,TP53,9606.ENSP00000263967,9606.ENSP00000269305,0.941,STRING
CACNG1,CACNA2D3,9606.ENSP00000226021,9606.ENSP00000419101,0.941,STRING
CYP3A5,CYP17A1,9606.ENSP00000222982,9606.ENSP00000358903,0.941,STRING
ATP1A2,CACNA1A,9606.ENSP00000354490,9606.ENSP00000489829,0.941,STRING
TUBB6,MAPT,9606.ENSP00000318697,9606.ENSP00000340820,0.941,STRING
MAPK14,PTK2,9606.ENSP00000229795,9606.ENSP00000341189,0.941,STRING
PIK3CA,ESR1,9606.ENSP00000263967,9606.ENSP00000405330,0.941,STRING
ADRB3,GNAS,9606.ENSP00000343782,9606.ENSP00000360141,0.941,STRING
ERBB2,PIK3CD,9606.ENSP00000269571,9606.ENSP00000366563,0.941,STRING
BRD4,MYC,9606.ENSP00000263377,9606.ENSP00000478887,0.941,STRING
TUBB2B,GJA1,9606.ENSP00000259818,9606.ENSP00000282561,0.941,STRING
PPARG,LPL,9606.ENSP00000287820,9606.ENSP00000497642,0.941,STRING
CCR5,CD8A,9606.ENSP00000292303,9606.ENSP00000386559,0.941,STRING
STAT5B,IL7R,9606.ENSP00000293328,9606.ENSP00000306157,0.941,STRING
PALB2,NDUFS1,9606.ENSP00000261584,9606.ENSP00000392709,0.941,STRING
ESR1,CALM1,9606.ENSP00000405330,9606.ENSP00000499717,0.941,STRING
SMAD2,HMGA2,9606.ENSP00000262160,9606.ENSP00000437621,0.941,STRING
SMAD2,TGFB2,9606.ENSP00000262160,9606.ENSP00000355896,0.941,STRING
RBX1,SMAD3,9606.ENSP00000216225,9606.ENSP00000332973,0.941,STRING
MMP7,SPP1,9606.ENSP00000260227,9606.ENSP00000378517,0.941,STRING
RUNX1,IKZF1,9606.ENSP00000300305,9606.ENSP00000331614,0.941,STRING
TGFB1,TNF,9606.ENSP00000221930,9606.ENSP00000398698,0.941,STRING
BRIP1,RAD51C,9606.ENSP00000259008,9606.ENSP00000336701,0.941,STRING
SLC12A2,STK39,9606.ENSP00000262461,9606.ENSP00000348278,0.941,STRING
KCNQ4,KCNQ2,9606.ENSP00000262916,9606.ENSP00000352035,0.941,STRING
NDUFS6,SDHD,9606.ENSP00000274137,9606.ENSP00000364699,0.941,STRING
EPHA8,ABL1,9606.ENSP00000166244,9606.ENSP00000361423,0.94,STRING
CACNG8,CACNB4,9606.ENSP00000270458,9606.ENSP00000438949,0.94,STRING
EP300,NOTCH1,9606.ENSP00000263253,9606.ENSP00000498587,0.94,STRING
FLT3,PIK3CD,9606.ENSP00000241453,9606.ENSP00000366563,0.94,STRING
PRKCQ,LCK,9606.ENSP00000263125,9606.ENSP00000477713,0.94,STRING
CETP,LPL,9606.ENSP00000200676,9606.ENSP00000497642,0.94,STRING
MAPK3,TSC1,9606.ENSP00000263025,9606.ENSP00000298552,0.94,STRING
APOB,LPL,9606.ENSP00000233242,9606.ENSP00000497642,0.94,STRING
MAPK3,MITF,9606.ENSP00000263025,9606.ENSP00000391803,0.94,STRING
CREBBP,SRC,9606.ENSP00000262367,9606.ENSP00000362680,0.94,STRING
HDAC7,EP300,9606.ENSP00000080059,9606.ENSP00000263253,0.94,STRING
SMAD4,CDKN1A,9606.ENSP00000341551,9606.ENSP00000384849,0.94,STRING
APOA1,LIPC,9606.ENSP00000236850,9606.ENSP00000299022,0.94,STRING
NTRK2,ADORA2A,9606.ENSP00000277120,9606.ENSP00000480012,0.94,STRING
KIT,PIK3CD,9606.ENSP00000288135,9606.ENSP00000366563,0.94,STRING
CD4,PRF1,9606.ENSP00000011653,9606.ENSP00000398568,0.94,STRING
TUBB4A,GJA1,9606.ENSP00000264071,9606.ENSP00000282561,0.94,STRING
NFKB1,RAF1,9606.ENSP00000226574,9606.ENSP00000401888,0.94,STRING
CD3D,SYK,9606.ENSP00000300692,9606.ENSP00000364898,0.94,STRING
CD8A,CTLA4,9606.ENSP00000386559,9606.ENSP00000497102,0.94,STRING
IL13,CXCL8,9606.ENSP00000304915,9606.ENSP00000306512,0.94,STRING
TLR4,TLR7,9606.ENSP00000363089,9606.ENSP00000370034,0.94,STRING
ABL1,EPHB1,9606.ENSP00000361423,9606.ENSP00000381097,0.94,STRING
IL13,IL17A,9606.ENSP00000304915,9606.ENSP00000497968,0.94,STRING
TXK,ITK,9606.ENSP00000264316,9606.ENSP00000398655,0.94,STRING
TPP1,FLI1,9606.ENSP00000299427,9606.ENSP00000433488,0.94,STRING
BARD1,RAD51D,9606.ENSP00000260947,9606.ENSP00000466399,0.94,STRING
AVPR1A,AVPR1B,9606.ENSP00000299178,9606.ENSP00000356094,0.94,STRING
PNPLA3,LPL,9606.ENSP00000216180,9606.ENSP00000497642,0.94,STRING
HDAC5,HDAC3,9606.ENSP00000225983,9606.ENSP00000302967,0.94,STRING
PALB2,NDUFS2,9606.ENSP00000261584,9606.ENSP00000356972,0.94,STRING
ADRB2,ADRB3,9606.ENSP00000305372,9606.ENSP00000343782,0.94,STRING
ATP1B2,ATP1B3,9606.ENSP00000250111,9606.ENSP00000286371,0.94,STRING
CALM3,CACNA1I,9606.ENSP00000291295,9606.ENSP00000385019,0.94,STRING
CACNG3,CACNG7,9606.ENSP00000005284,9606.ENSP00000375647,0.939,STRING
STAT3,TNF,9606.ENSP00000264657,9606.ENSP00000398698,0.939,STRING
CALM1,CALM2,9606.ENSP00000499717,9606.ENSP00000499797,0.939,STRING
PIK3R1,LCK,9606.ENSP00000428056,9606.ENSP00000477713,0.939,STRING
PIK3R1,JAK1,9606.ENSP00000428056,9606.ENSP00000499900,0.939,STRING
SRC,ITK,9606.ENSP00000362680,9606.ENSP00000398655,0.939,STRING
HDAC1,CEBPA,9606.ENSP00000362649,9606.ENSP00000427514,0.939,STRING
PSMD3,PSMA8,9606.ENSP00000264639,9606.ENSP00000311121,0.939,STRING
TNF,MYD88,9606.ENSP00000398698,9606.ENSP00000498321,0.939,STRING
DNMT3A,ASXL1,9606.ENSP00000264709,9606.ENSP00000364839,0.939,STRING
CD274,CD8A,9606.ENSP00000370989,9606.ENSP00000386559,0.939,STRING
MAPK14,MAP3K7,9606.ENSP00000229795,9606.ENSP00000358335,0.939,STRING
MAPK14,CARD9,9606.ENSP00000229795,9606.ENSP00000360797,0.939,STRING
MMP2,HBEGF,9606.ENSP00000219070,9606.ENSP00000230990,0.939,STRING
CHRNA4,CHRNA2,9606.ENSP00000359285,9606.ENSP00000385026,0.939,STRING
PTGER3,GNAS,9606.ENSP00000349003,9606.ENSP00000360141,0.939,STRING
PSMA4,CHRNA3,9606.ENSP00000044462,9606.ENSP00000315602,0.939,STRING
RBX1,EPAS1,9606.ENSP00000216225,9606.ENSP00000263734,0.939,STRING
RAF1,PIK3CB,9606.ENSP00000401888,9606.ENSP00000501150,0.939,STRING
AVPR1B,AVPR2,9606.ENSP00000356094,9606.ENSP00000496396,0.939,STRING
CD80,B2M,9606.ENSP00000264246,9606.ENSP00000497910,0.939,STRING
IL5,IL17A,9606.ENSP00000231454,9606.ENSP00000497968,0.939,STRING
IKZF1,GATA1,9606.ENSP00000331614,9606.ENSP00000365858,0.939,STRING
TYMS,RRM2,9606.ENSP00000315644,9606.ENSP00000353770,0.939,STRING
MAP2K1,GSK3B,9606.ENSP00000302486,9606.ENSP00000324806,0.939,STRING
SCN3A,SCN9A,9606.ENSP00000283254,9606.ENSP00000386306,0.939,STRING
ADAM17,FURIN,9606.ENSP00000309968,9606.ENSP00000483552,0.939,STRING
MAOA,IDO1,9606.ENSP00000340684,9606.ENSP00000430950,0.939,STRING
NTRK2,PTPN11,9606.ENSP00000277120,9606.ENSP00000489597,0.939,STRING
VHL,BRD4,9606.ENSP00000256474,9606.ENSP00000263377,0.939,STRING
GATA2,CEBPA,9606.ENSP00000345681,9606.ENSP00000427514,0.939,STRING
KCNH1,CALM3,9606.ENSP00000271751,9606.ENSP00000291295,0.939,STRING
CACNB2,CACNA2D3,9606.ENSP00000320025,9606.ENSP00000419101,0.939,STRING
BCL2,HRAS,9606.ENSP00000381185,9606.ENSP00000407586,0.938,STRING
CRP,TNF,9606.ENSP00000255030,9606.ENSP00000398698,0.938,STRING
GDF5,CXCR4,9606.ENSP00000363492,9606.ENSP00000386884,0.938,STRING
PSMB8,PSMD13,9606.ENSP00000364016,9606.ENSP00000396937,0.938,STRING
SYK,PIK3CB,9606.ENSP00000364898,9606.ENSP00000501150,0.938,STRING
RARA,NPM1,9606.ENSP00000254066,9606.ENSP00000296930,0.938,STRING
NDUFAF3,NDUFA1,9606.ENSP00000323076,9606.ENSP00000360492,0.938,STRING
NDUFAF3,NDUFV1,9606.ENSP00000323076,9606.ENSP00000497587,0.938,STRING
CYP11B2,SRD5A2,9606.ENSP00000325822,9606.ENSP00000477587,0.938,STRING
MC4R,GNAS,9606.ENSP00000299766,9606.ENSP00000360141,0.938,STRING
HMGCR,PRKAA1,9606.ENSP00000287936,9606.ENSP00000346148,0.938,STRING
GALC,PSAP,9606.ENSP00000261304,9606.ENSP00000378394,0.938,STRING
STAT3,LYN,9606.ENSP00000264657,9606.ENSP00000428924,0.938,STRING
CACNA1A,CALM2,9606.ENSP00000489829,9606.ENSP00000499797,0.938,STRING
PLCG2,PIK3CB,9606.ENSP00000482457,9606.ENSP00000501150,0.938,STRING
CACNG3,CACNB3,9606.ENSP00000005284,9606.ENSP00000301050,0.938,STRING
IL1B,STAT3,9606.ENSP00000263341,9606.ENSP00000264657,0.938,STRING
TYR,PAH,9606.ENSP00000263321,9606.ENSP00000448059,0.938,STRING
IDO1,CYP1B1,9606.ENSP00000430950,9606.ENSP00000478561,0.938,STRING
CD4,CD274,9606.ENSP00000011653,9606.ENSP00000370989,0.938,STRING
ITK,PIK3CG,9606.ENSP00000398655,9606.ENSP00000419260,0.938,STRING
THRA,THRB,9606.ENSP00000264637,9606.ENSP00000379904,0.938,STRING
PSMA4,CHRNB4,9606.ENSP00000044462,9606.ENSP00000261751,0.938,STRING
FHIT,WWOX,9606.ENSP00000418582,9606.ENSP00000457230,0.938,STRING
AXIN1,MAP3K1,9606.ENSP00000262320,9606.ENSP00000382423,0.938,STRING
GJA1,TUBB4B,9606.ENSP00000282561,9606.ENSP00000341289,0.938,STRING
PRDM1,IRF4,9606.ENSP00000358092,9606.ENSP00000370343,0.938,STRING
NDUFA2,PALB2,9606.ENSP00000252102,9606.ENSP00000261584,0.938,STRING
PIK3CD,JAK2,9606.ENSP00000366563,9606.ENSP00000371067,0.938,STRING
RXRG,RXRB,9606.ENSP00000352900,9606.ENSP00000363817,0.938,STRING
MAPT,TUBA1C,9606.ENSP00000340820,9606.ENSP00000443475,0.938,STRING
PDCD1,CD8A,9606.ENSP00000335062,9606.ENSP00000386559,0.938,STRING
IL5,IL33,9606.ENSP00000231454,9606.ENSP00000370842,0.938,STRING
ERBB4,PLCG2,9606.ENSP00000342235,9606.ENSP00000482457,0.938,STRING
MAP2K3,MAP3K7,9606.ENSP00000345083,9606.ENSP00000358335,0.938,STRING
IL1RL1,IL1R1,9606.ENSP00000233954,9606.ENSP00000386380,0.938,STRING
APP,ACHE,9606.ENSP00000284981,9606.ENSP00000303211,0.937,STRING
ADORA2B,ADORA2A,9606.ENSP00000304501,9606.ENSP00000480012,0.937,STRING
PDE8B,PDE8A,9606.ENSP00000264917,9606.ENSP00000378056,0.937,STRING
PIK3CD,JAK3,9606.ENSP00000366563,9606.ENSP00000432511,0.937,STRING
CDK4,ATM,9606.ENSP00000257904,9606.ENSP00000278616,0.937,STRING
EZH2,BAP1,9606.ENSP00000320147,9606.ENSP00000417132,0.937,STRING
STAT3,NDUFA13,9606.ENSP00000264657,9606.ENSP00000423673,0.937,STRING
IL23A,TYK2,9606.ENSP00000228534,9606.ENSP00000431885,0.937,STRING
ROCK2,PTEN,9606.ENSP00000317985,9606.ENSP00000361021,0.937,STRING
CYP3A5,AOX1,9606.ENSP00000222982,9606.ENSP00000363832,0.937,STRING
IL13,IL33,9606.ENSP00000304915,9606.ENSP00000370842,0.937,STRING
AKR1C3,CYP1B1,9606.ENSP00000369927,9606.ENSP00000478561,0.937,STRING
IL2RB,JAK2,9606.ENSP00000216223,9606.ENSP00000371067,0.937,STRING
BARD1,CHEK2,9606.ENSP00000260947,9606.ENSP00000372023,0.937,STRING
SFN,RAF1,9606.ENSP00000340989,9606.ENSP00000401888,0.937,STRING
CAV1,AKT1,9606.ENSP00000339191,9606.ENSP00000451828,0.937,STRING
FGFR3,SOS1,9606.ENSP00000339824,9606.ENSP00000384675,0.937,STRING
BRCA1,POLD1,9606.ENSP00000418960,9606.ENSP00000472445,0.937,STRING
CACNG4,CACNA2D4,9606.ENSP00000262138,9606.ENSP00000372169,0.937,STRING
GSK3B,PRNP,9606.ENSP00000324806,9606.ENSP00000399376,0.937,STRING
HCK,PIK3CG,9606.ENSP00000365012,9606.ENSP00000419260,0.937,STRING
PGR,SRC,9606.ENSP00000325120,9606.ENSP00000362680,0.937,STRING
PPP3CA,FKBP1A,9606.ENSP00000378323,9606.ENSP00000383003,0.937,STRING
NDUFAF4,NDUFA8,9606.ENSP00000358272,9606.ENSP00000362873,0.937,STRING
H3-3A,PBRM1,9606.ENSP00000355780,9606.ENSP00000386593,0.937,STRING
IL6R,SRC,9606.ENSP00000357470,9606.ENSP00000362680,0.937,STRING
CACNA1C,ADRB2,9606.ENSP00000266376,9606.ENSP00000305372,0.937,STRING
CACNA1C,HTR2A,9606.ENSP00000266376,9606.ENSP00000437737,0.937,STRING
SOS1,FGFR2,9606.ENSP00000384675,9606.ENSP00000410294,0.937,STRING
IL4R,IL6,9606.ENSP00000379111,9606.ENSP00000385675,0.937,STRING
PSMA7,ADRM1,9606.ENSP00000359910,9606.ENSP00000478877,0.937,STRING
STK39,SLC12A1,9606.ENSP00000348278,9606.ENSP00000495332,0.937,STRING
ATP1A4,ATP1A3,9606.ENSP00000357060,9606.ENSP00000444688,0.937,STRING
MKNK2,MAPK3,9606.ENSP00000250896,9606.ENSP00000263025,0.937,STRING
MTOR,PRKCB,9606.ENSP00000354558,9606.ENSP00000496129,0.937,STRING
IFNGR1,JAK3,9606.ENSP00000356713,9606.ENSP00000432511,0.937,STRING
CACNB3,CACNB1,9606.ENSP00000301050,9606.ENSP00000377840,0.937,STRING
CACNA1A,CALM1,9606.ENSP00000489829,9606.ENSP00000499717,0.937,STRING
MAOB,IDO1,9606.ENSP00000367309,9606.ENSP00000430950,0.936,STRING
INS,FGFR2,9606.ENSP00000380432,9606.ENSP00000410294,0.936,STRING
CYP2C9,PTGS2,9606.ENSP00000260682,9606.ENSP00000356438,0.936,STRING
KMT2D,CTNNB1,9606.ENSP00000301067,9606.ENSP00000495360,0.936,STRING
SMAD4,HMGA2,9606.ENSP00000341551,9606.ENSP00000437621,0.936,STRING
ALB,GH1,9606.ENSP00000295897,9606.ENSP00000312673,0.936,STRING
ATP1A2,ATP1A4,9606.ENSP00000354490,9606.ENSP00000357060,0.936,STRING
CYP2C9,PTGS1,9606.ENSP00000260682,9606.ENSP00000354612,0.936,STRING
MAPK1,IL6,9606.ENSP00000215832,9606.ENSP00000385675,0.936,STRING
STAT5B,BCR,9606.ENSP00000293328,9606.ENSP00000303507,0.936,STRING
TP53,RUNX3,9606.ENSP00000269305,9606.ENSP00000382800,0.936,STRING
CD8A,IL17A,9606.ENSP00000386559,9606.ENSP00000497968,0.936,STRING
CACNG7,CACNB4,9606.ENSP00000375647,9606.ENSP00000438949,0.936,STRING
KLKB1,PLG,9606.ENSP00000264690,9606.ENSP00000308938,0.936,STRING
NDUFB8,NDUFAF3,9606.ENSP00000299166,9606.ENSP00000323076,0.936,STRING
JAK2,ALK,9606.ENSP00000371067,9606.ENSP00000373700,0.936,STRING
ATP1A2,ATP1A1,9606.ENSP00000354490,9606.ENSP00000445306,0.936,STRING
FYN,PLCG2,9606.ENSP00000346671,9606.ENSP00000482457,0.936,STRING
TOP1,PARP1,9606.ENSP00000354522,9606.ENSP00000355759,0.936,STRING
PMS2,TP53,9606.ENSP00000265849,9606.ENSP00000269305,0.936,STRING
AGT,CXCR4,9606.ENSP00000355627,9606.ENSP00000386884,0.936,STRING
OCA2,MC1R,9606.ENSP00000346659,9606.ENSP00000451605,0.936,STRING
CYP11B2,AKR1C3,9606.ENSP00000325822,9606.ENSP00000369927,0.936,STRING
CACNA1B,CALM1,9606.ENSP00000360423,9606.ENSP00000499717,0.936,STRING
NR3C1,TP53,9606.ENSP00000231509,9606.ENSP00000269305,0.936,STRING
PDGFB,INS,9606.ENSP00000330382,9606.ENSP00000380432,0.936,STRING
CYP1A2,CYP1B1,9606.ENSP00000342007,9606.ENSP00000478561,0.936,STRING
CACNA2D3,CACNA1A,9606.ENSP00000419101,9606.ENSP00000489829,0.936,STRING
CD4,CD19,9606.ENSP00000011653,9606.ENSP00000313419,0.936,STRING
CSF3R,CEBPA,9606.ENSP00000362195,9606.ENSP00000427514,0.936,STRING
CACNG8,GRIA4,9606.ENSP00000270458,9606.ENSP00000282499,0.936,STRING
CD4,IL2RA,9606.ENSP00000011653,9606.ENSP00000369293,0.936,STRING
RB1,TP53,9606.ENSP00000267163,9606.ENSP00000269305,0.936,STRING
SCN2A,CALM1,9606.ENSP00000490107,9606.ENSP00000499717,0.936,STRING
NDUFB9,NDUFAF3,9606.ENSP00000276689,9606.ENSP00000323076,0.936,STRING
KRAS,PTEN,9606.ENSP00000256078,9606.ENSP00000361021,0.936,STRING
KRAS,SYK,9606.ENSP00000256078,9606.ENSP00000364898,0.936,STRING
NFKB1,ROCK1,9606.ENSP00000226574,9606.ENSP00000382697,0.936,STRING
CACNG8,GRIA3,9606.ENSP00000270458,9606.ENSP00000481554,0.936,STRING
FYN,PIK3CD,9606.ENSP00000346671,9606.ENSP00000366563,0.936,STRING
PTPN11,IGF1R,9606.ENSP00000489597,9606.ENSP00000497069,0.935,STRING
SCN2A,CALM2,9606.ENSP00000490107,9606.ENSP00000499797,0.935,STRING
CETP,APOA5,9606.ENSP00000200676,9606.ENSP00000445002,0.935,STRING
PSMB10,PSMC2,9606.ENSP00000351314,9606.ENSP00000391211,0.935,STRING
PIK3CA,LYN,9606.ENSP00000263967,9606.ENSP00000428924,0.935,STRING
MAP2K2,GSK3B,9606.ENSP00000262948,9606.ENSP00000324806,0.935,STRING
CREBBP,STAT3,9606.ENSP00000262367,9606.ENSP00000264657,0.935,STRING
IFNAR2,JAK3,9606.ENSP00000343957,9606.ENSP00000432511,0.935,STRING
SMARCA4,HDAC9,9606.ENSP00000343896,9606.ENSP00000408617,0.935,STRING
GJA1,TUBB8,9606.ENSP00000282561,9606.ENSP00000456206,0.935,STRING
PIK3CA,SYK,9606.ENSP00000263967,9606.ENSP00000364898,0.935,STRING
MC2R,GNAS,9606.ENSP00000333821,9606.ENSP00000360141,0.935,STRING
NBN,CHEK2,9606.ENSP00000265433,9606.ENSP00000372023,0.935,STRING
WT1,GATA4,9606.ENSP00000368370,9606.ENSP00000435712,0.935,STRING
CACNG1,CACNB4,9606.ENSP00000226021,9606.ENSP00000438949,0.935,STRING
HDAC1,BCL6,9606.ENSP00000362649,9606.ENSP00000384371,0.935,STRING
MET,PTK2,9606.ENSP00000317272,9606.ENSP00000341189,0.935,STRING
PTGS1,CYP2C19,9606.ENSP00000354612,9606.ENSP00000360372,0.935,STRING
CD79A,MS4A1,9606.ENSP00000221972,9606.ENSP00000433277,0.935,STRING
CD3E,B2M,9606.ENSP00000354566,9606.ENSP00000497910,0.935,STRING
CD3E,ITK,9606.ENSP00000354566,9606.ENSP00000398655,0.935,STRING
DSG3,DSP,9606.ENSP00000257189,9606.ENSP00000369129,0.935,STRING
F2,MTHFR,9606.ENSP00000308541,9606.ENSP00000365770,0.935,STRING
ALK,PIK3CB,9606.ENSP00000373700,9606.ENSP00000501150,0.935,STRING
JAK2,PIK3CB,9606.ENSP00000371067,9606.ENSP00000501150,0.935,STRING
TP53,ERBB2,9606.ENSP00000269305,9606.ENSP00000269571,0.935,STRING
AKR1C3,CYP3A4,9606.ENSP00000369927,9606.ENSP00000498939,0.935,STRING
TLR4,PIK3CD,9606.ENSP00000363089,9606.ENSP00000366563,0.934,STRING
CREBBP,STAT5B,9606.ENSP00000262367,9606.ENSP00000293328,0.934,STRING
PALB2,NDUFV1,9606.ENSP00000261584,9606.ENSP00000497587,0.934,STRING
SRC,TRPV1,9606.ENSP00000362680,9606.ENSP00000459962,0.934,STRING
ITGA2B,CD40LG,9606.ENSP00000262407,9606.ENSP00000359663,0.934,STRING
SCN1A,KCNQ2,9606.ENSP00000303540,9606.ENSP00000352035,0.934,STRING
IL23A,JAK2,9606.ENSP00000228534,9606.ENSP00000371067,0.934,STRING
EGFR,HIF1A,9606.ENSP00000275493,9606.ENSP00000437955,0.934,STRING
MMP9,TLR4,9606.ENSP00000361405,9606.ENSP00000363089,0.934,STRING
CREBBP,HDAC2,9606.ENSP00000262367,9606.ENSP00000430432,0.934,STRING
EP300,RXRA,9606.ENSP00000263253,9606.ENSP00000419692,0.934,STRING
GRIA1,GRIN2B,9606.ENSP00000428994,9606.ENSP00000477455,0.934,STRING
IL17F,IL6,9606.ENSP00000337432,9606.ENSP00000385675,0.934,STRING
IL2,IL13,9606.ENSP00000226730,9606.ENSP00000304915,0.934,STRING
NDUFB5,SDHD,9606.ENSP00000259037,9606.ENSP00000364699,0.934,STRING
PLCG2,PTPN11,9606.ENSP00000482457,9606.ENSP00000489597,0.934,STRING
C3,MBL2,9606.ENSP00000245907,9606.ENSP00000363079,0.934,STRING
PTPN11,PIK3CB,9606.ENSP00000489597,9606.ENSP00000501150,0.934,STRING
KCNA3,KCNA2,9606.ENSP00000358784,9606.ENSP00000487785,0.934,STRING
NFKB1,IRAK1,9606.ENSP00000226574,9606.ENSP00000358997,0.934,STRING
IL23R,IL6,9606.ENSP00000321345,9606.ENSP00000385675,0.934,STRING
TUBB1,GJA1,9606.ENSP00000217133,9606.ENSP00000282561,0.934,STRING
MSH2,CHEK2,9606.ENSP00000233146,9606.ENSP00000372023,0.934,STRING
RXRB,RXRA,9606.ENSP00000363817,9606.ENSP00000419692,0.934,STRING
IL2RB,IFNG,9606.ENSP00000216223,9606.ENSP00000229135,0.934,STRING
FANCD2,RAD51C,9606.ENSP00000287647,9606.ENSP00000336701,0.934,STRING
CACNG4,CACNB4,9606.ENSP00000262138,9606.ENSP00000438949,0.934,STRING
RELB,CD40,9606.ENSP00000221452,9606.ENSP00000361359,0.934,STRING
SYK,HCK,9606.ENSP00000364898,9606.ENSP00000365012,0.934,STRING
CACNA1D,INS,9606.ENSP00000288139,9606.ENSP00000380432,0.934,STRING
ADH1B,MAOB,9606.ENSP00000306606,9606.ENSP00000367309,0.934,STRING
TNFRSF1A,SRC,9606.ENSP00000162749,9606.ENSP00000362680,0.934,STRING
PALB2,NDUFC2,9606.ENSP00000261584,9606.ENSP00000281031,0.934,STRING
KCNQ1,KCNQ3,9606.ENSP00000155840,9606.ENSP00000373648,0.934,STRING
PSMD2,PSMB8,9606.ENSP00000310129,9606.ENSP00000364016,0.934,STRING
PLAT,VWF,9606.ENSP00000220809,9606.ENSP00000261405,0.934,STRING
NRAS,SYK,9606.ENSP00000358548,9606.ENSP00000364898,0.933,STRING
CACNA1D,PRKCB,9606.ENSP00000288139,9606.ENSP00000496129,0.933,STRING
EPHA7,ABL1,9606.ENSP00000358309,9606.ENSP00000361423,0.933,STRING
ERBB3,PLCG2,9606.ENSP00000267101,9606.ENSP00000482457,0.933,STRING
ERBB3,IGF1R,9606.ENSP00000267101,9606.ENSP00000497069,0.933,STRING
CXCL8,TLR4,9606.ENSP00000306512,9606.ENSP00000363089,0.933,STRING
CD86,CD8A,9606.ENSP00000332049,9606.ENSP00000386559,0.933,STRING
FGFR1,PIK3CB,9606.ENSP00000393312,9606.ENSP00000501150,0.933,STRING
IFNAR1,JAK3,9606.ENSP00000270139,9606.ENSP00000432511,0.933,STRING
RUNX2,RUNX3,9606.ENSP00000360493,9606.ENSP00000382800,0.933,STRING
INS,IL6,9606.ENSP00000380432,9606.ENSP00000385675,0.933,STRING
FAT1,CTNNB1,9606.ENSP00000406229,9606.ENSP00000495360,0.933,STRING
STAT3,LEP,9606.ENSP00000264657,9606.ENSP00000312652,0.933,STRING
EZH2,ATRX,9606.ENSP00000320147,9606.ENSP00000362441,0.933,STRING
TMPRSS6,HFE,9606.ENSP00000384964,9606.ENSP00000417404,0.933,STRING
SRC,RUNX3,9606.ENSP00000362680,9606.ENSP00000382800,0.933,STRING
SRC,GRIN2B,9606.ENSP00000362680,9606.ENSP00000477455,0.933,STRING
GRIA2,GRIN2A,9606.ENSP00000296526,9606.ENSP00000332549,0.933,STRING
FGFR3,INS,9606.ENSP00000339824,9606.ENSP00000380432,0.933,STRING
ALB,SERPINC1,9606.ENSP00000295897,9606.ENSP00000356671,0.933,STRING
JAK1,PIK3CB,9606.ENSP00000499900,9606.ENSP00000501150,0.933,STRING
BRIP1,ATM,9606.ENSP00000259008,9606.ENSP00000278616,0.933,STRING
PDGFRB,SOS1,9606.ENSP00000261799,9606.ENSP00000384675,0.933,STRING
TLR2,EGFR,9606.ENSP00000260010,9606.ENSP00000275493,0.933,STRING
CHRM3,CHRM5,9606.ENSP00000255380,9606.ENSP00000372750,0.933,STRING
BMP4,SMAD4,9606.ENSP00000245451,9606.ENSP00000341551,0.933,STRING
SORT1,NTRK2,9606.ENSP00000256637,9606.ENSP00000277120,0.933,STRING
TBX3,MAPK3,9606.ENSP00000257566,9606.ENSP00000263025,0.933,STRING
IL5,IL4R,9606.ENSP00000231454,9606.ENSP00000379111,0.933,STRING
TUBB2B,TUBB2A,9606.ENSP00000259818,9606.ENSP00000369703,0.933,STRING
KDR,FGF10,9606.ENSP00000263923,9606.ENSP00000264664,0.933,STRING
KCNJ2,KCNQ3,9606.ENSP00000243457,9606.ENSP00000373648,0.933,STRING
FOXA1,EP300,9606.ENSP00000250448,9606.ENSP00000263253,0.933,STRING
EPOR,JAK3,9606.ENSP00000222139,9606.ENSP00000432511,0.933,STRING
KCNJ2,KCNQ2,9606.ENSP00000243457,9606.ENSP00000352035,0.933,STRING
EP300,NFE2L2,9606.ENSP00000263253,9606.ENSP00000380252,0.933,STRING
CACNG4,CACNA1E,9606.ENSP00000262138,9606.ENSP00000356545,0.933,STRING
CACNG6,CACNG7,9606.ENSP00000252729,9606.ENSP00000375647,0.933,STRING
TGFB1,IL10,9606.ENSP00000221930,9606.ENSP00000412237,0.932,STRING
F9,F2,9606.ENSP00000218099,9606.ENSP00000308541,0.932,STRING
NFKB1,IFNG,9606.ENSP00000226574,9606.ENSP00000229135,0.932,STRING
PSMA8,PSMD13,9606.ENSP00000311121,9606.ENSP00000396937,0.932,STRING
CACNG1,CACNA1F,9606.ENSP00000226021,9606.ENSP00000365441,0.932,STRING
PSMA7,PSMB11,9606.ENSP00000359910,9606.ENSP00000386212,0.932,STRING
TSC2,PRKAG2,9606.ENSP00000219476,9606.ENSP00000287878,0.932,STRING
SMARCB1,HDAC1,9606.ENSP00000340883,9606.ENSP00000362649,0.932,STRING
PSMB8,ADRM1,9606.ENSP00000364016,9606.ENSP00000478877,0.932,STRING
IL5,CXCL8,9606.ENSP00000231454,9606.ENSP00000306512,0.932,STRING
IL13,IL2RG,9606.ENSP00000304915,9606.ENSP00000363318,0.932,STRING
CD79A,FYN,9606.ENSP00000221972,9606.ENSP00000346671,0.932,STRING
RXRB,PPARA,9606.ENSP00000363817,9606.ENSP00000385523,0.932,STRING
CETP,LPA,9606.ENSP00000200676,9606.ENSP00000321334,0.932,STRING
NTRK1,PIK3CB,9606.ENSP00000431418,9606.ENSP00000501150,0.932,STRING
PSMD7,PSMB8,9606.ENSP00000219313,9606.ENSP00000364016,0.932,STRING
NDUFAF4,NDUFA11,9606.ENSP00000358272,9606.ENSP00000389160,0.932,STRING
PDGFRB,PIK3CD,9606.ENSP00000261799,9606.ENSP00000366563,0.932,STRING
NOTCH2,NOTCH1,9606.ENSP00000256646,9606.ENSP00000498587,0.932,STRING
IL1RL1,IRAK1,9606.ENSP00000233954,9606.ENSP00000358997,0.932,STRING
SLC6A4,HTR1B,9606.ENSP00000261707,9606.ENSP00000358963,0.932,STRING
TGFB1,IL1B,9606.ENSP00000221930,9606.ENSP00000263341,0.932,STRING
NFKB1,NOTCH1,9606.ENSP00000226574,9606.ENSP00000498587,0.932,STRING
CACNA2D4,CACNA1A,9606.ENSP00000372169,9606.ENSP00000489829,0.932,STRING
NRAS,HRAS,9606.ENSP00000358548,9606.ENSP00000407586,0.932,STRING
GNAS,HTR2A,9606.ENSP00000360141,9606.ENSP00000437737,0.932,STRING
CD4,CD38,9606.ENSP00000011653,9606.ENSP00000226279,0.932,STRING
EP300,ZEB1,9606.ENSP00000263253,9606.ENSP00000354487,0.932,STRING
ITGB3,IGF1R,9606.ENSP00000452786,9606.ENSP00000497069,0.932,STRING
GSR,G6PD,9606.ENSP00000221130,9606.ENSP00000377192,0.932,STRING
EPAS1,MYC,9606.ENSP00000263734,9606.ENSP00000478887,0.932,STRING
LRRK2,MAPT,9606.ENSP00000298910,9606.ENSP00000340820,0.932,STRING
IL2,IL4R,9606.ENSP00000226730,9606.ENSP00000379111,0.932,STRING
ABL1,ETV6,9606.ENSP00000361423,9606.ENSP00000379658,0.932,STRING
KCND3,KCND2,9606.ENSP00000319591,9606.ENSP00000333496,0.932,STRING
PIK3CD,RAF1,9606.ENSP00000366563,9606.ENSP00000401888,0.932,STRING
MAPK1,SRC,9606.ENSP00000215832,9606.ENSP00000362680,0.932,STRING
MAPK1,MITF,9606.ENSP00000215832,9606.ENSP00000391803,0.932,STRING
KDR,PIK3CB,9606.ENSP00000263923,9606.ENSP00000501150,0.932,STRING
PRKAG2,HMGCR,9606.ENSP00000287878,9606.ENSP00000287936,0.932,STRING
PRKCQ,CARD14,9606.ENSP00000263125,9606.ENSP00000498071,0.932,STRING
COL1A1,ITGB3,9606.ENSP00000225964,9606.ENSP00000452786,0.932,STRING
HIF1A,AKT1,9606.ENSP00000437955,9606.ENSP00000451828,0.932,STRING
HMGB1,CXCR4,9606.ENSP00000345347,9606.ENSP00000386884,0.932,STRING
PRKCE,RAF1,9606.ENSP00000306124,9606.ENSP00000401888,0.932,STRING
CACNA1E,CALM1,9606.ENSP00000356545,9606.ENSP00000499717,0.932,STRING
SYK,HRAS,9606.ENSP00000364898,9606.ENSP00000407586,0.932,STRING
PIK3R1,JAK3,9606.ENSP00000428056,9606.ENSP00000432511,0.932,STRING
NDUFS3,SDHD,9606.ENSP00000263774,9606.ENSP00000364699,0.931,STRING
CALM3,CALM1,9606.ENSP00000291295,9606.ENSP00000499717,0.931,STRING
NDUFA12,SDHD,9606.ENSP00000330737,9606.ENSP00000364699,0.931,STRING
DNMT3A,H3-3A,9606.ENSP00000264709,9606.ENSP00000355780,0.931,STRING
INSR,PRKCE,9606.ENSP00000303830,9606.ENSP00000306124,0.931,STRING
EBF1,IKZF1,9606.ENSP00000322898,9606.ENSP00000331614,0.931,STRING
JAK2,LYN,9606.ENSP00000371067,9606.ENSP00000428924,0.931,STRING
CTSL,BCL2,9606.ENSP00000345344,9606.ENSP00000381185,0.931,STRING
SMAD4,MYC,9606.ENSP00000341551,9606.ENSP00000478887,0.931,STRING
FGF10,HSPG2,9606.ENSP00000264664,9606.ENSP00000363827,0.931,STRING
PIK3CD,PTPN11,9606.ENSP00000366563,9606.ENSP00000489597,0.931,STRING
RHOA,GATA4,9606.ENSP00000400175,9606.ENSP00000435712,0.931,STRING
CSK,CAV1,9606.ENSP00000220003,9606.ENSP00000339191,0.931,STRING
EZH2,FOXP3,9606.ENSP00000320147,9606.ENSP00000365380,0.931,STRING
GNRHR,GNAS,9606.ENSP00000226413,9606.ENSP00000360141,0.931,STRING
FBN1,TGFBR1,9606.ENSP00000325527,9606.ENSP00000447297,0.931,STRING
BDNF,GRIN2B,9606.ENSP00000414303,9606.ENSP00000477455,0.931,STRING
PSMA3,PSMB11,9606.ENSP00000216455,9606.ENSP00000386212,0.931,STRING
PGR,PIK3R1,9606.ENSP00000325120,9606.ENSP00000428056,0.931,STRING
FGR,PIK3CG,9606.ENSP00000363117,9606.ENSP00000419260,0.931,STRING
CACNA1B,CACNA2D2,9606.ENSP00000360423,9606.ENSP00000418081,0.931,STRING
RPS27A,IFIH1,9606.ENSP00000272317,9606.ENSP00000497271,0.931,STRING
PAX5,BCL6,9606.ENSP00000350844,9606.ENSP00000384371,0.931,STRING
CD4,IL13,9606.ENSP00000011653,9606.ENSP00000304915,0.931,STRING
PTEN,PLCG2,9606.ENSP00000361021,9606.ENSP00000482457,0.931,STRING
CALM3,PLCG2,9606.ENSP00000291295,9606.ENSP00000482457,0.931,STRING
LRRK2,PTK6,9606.ENSP00000298910,9606.ENSP00000442460,0.93,STRING
CACNG8,CACNB3,9606.ENSP00000270458,9606.ENSP00000301050,0.93,STRING
IL5,TNF,9606.ENSP00000231454,9606.ENSP00000398698,0.93,STRING
TGFB3,TGFB2,9606.ENSP00000238682,9606.ENSP00000355896,0.93,STRING
SMARCA4,H3-3A,9606.ENSP00000343896,9606.ENSP00000355780,0.93,STRING
IFNG,IDO1,9606.ENSP00000229135,9606.ENSP00000430950,0.93,STRING
SDHD,NDUFA6,9606.ENSP00000364699,9606.ENSP00000482543,0.93,STRING
CYP1A2,IDO1,9606.ENSP00000342007,9606.ENSP00000430950,0.93,STRING
CDKN2A,CTNNB1,9606.ENSP00000418915,9606.ENSP00000495360,0.93,STRING
CD4,IL5,9606.ENSP00000011653,9606.ENSP00000231454,0.93,STRING
FANCD2,ATR,9606.ENSP00000287647,9606.ENSP00000343741,0.93,STRING
CHRNA2,CHRNA7,9606.ENSP00000385026,9606.ENSP00000407546,0.93,STRING
GSR,NFE2L2,9606.ENSP00000221130,9606.ENSP00000380252,0.93,STRING
CACNA1B,CALM2,9606.ENSP00000360423,9606.ENSP00000499797,0.93,STRING
FLT3,PIK3CB,9606.ENSP00000241453,9606.ENSP00000501150,0.93,STRING
TP63,SOX2,9606.ENSP00000264731,9606.ENSP00000323588,0.93,STRING
MMP9,TNF,9606.ENSP00000361405,9606.ENSP00000398698,0.93,STRING
KCNJ2,KCNH2,9606.ENSP00000243457,9606.ENSP00000262186,0.93,STRING
CACNG4,CACNA1F,9606.ENSP00000262138,9606.ENSP00000365441,0.93,STRING
TSLP,IL33,9606.ENSP00000339804,9606.ENSP00000370842,0.93,STRING
IL6,CD8A,9606.ENSP00000385675,9606.ENSP00000386559,0.93,STRING
GABRA4,GABRB1,9606.ENSP00000264318,9606.ENSP00000295454,0.93,STRING
CBL,HCK,9606.ENSP00000264033,9606.ENSP00000365012,0.93,STRING
DDC,IDO1,9606.ENSP00000403644,9606.ENSP00000430950,0.93,STRING
SCN4A,CALM2,9606.ENSP00000396320,9606.ENSP00000499797,0.93,STRING
STAT3,PTGS2,9606.ENSP00000264657,9606.ENSP00000356438,0.93,STRING
STAT3,ESR1,9606.ENSP00000264657,9606.ENSP00000405330,0.93,STRING
CACNA2D4,CACNG7,9606.ENSP00000372169,9606.ENSP00000375647,0.93,STRING
CACNA2D4,CACNB1,9606.ENSP00000372169,9606.ENSP00000377840,0.93,STRING
MMP2,MMP1,9606.ENSP00000219070,9606.ENSP00000322788,0.93,STRING
CDH1,PTEN,9606.ENSP00000261769,9606.ENSP00000361021,0.93,STRING
CD38,ENPP1,9606.ENSP00000226279,9606.ENSP00000498074,0.93,STRING
CDKN1B,CDKN2A,9606.ENSP00000228872,9606.ENSP00000418915,0.93,STRING
TUBA4A,GJA1,9606.ENSP00000248437,9606.ENSP00000282561,0.93,STRING
PTK2,PIK3CB,9606.ENSP00000341189,9606.ENSP00000501150,0.93,STRING
ATM,RAD51D,9606.ENSP00000278616,9606.ENSP00000466399,0.93,STRING
DHFR,PAH,9606.ENSP00000396308,9606.ENSP00000448059,0.93,STRING
TP53,CEBPA,9606.ENSP00000269305,9606.ENSP00000427514,0.93,STRING
PDE1B,ENPP1,9606.ENSP00000243052,9606.ENSP00000498074,0.93,STRING
GNAS,MC1R,9606.ENSP00000360141,9606.ENSP00000451605,0.929,STRING
NR3C1,HDAC1,9606.ENSP00000231509,9606.ENSP00000362649,0.929,STRING
EIF2AK4,NFE2L2,9606.ENSP00000263791,9606.ENSP00000380252,0.929,STRING
PDGFRA,JAK2,9606.ENSP00000257290,9606.ENSP00000371067,0.929,STRING
CYP1A2,CYP17A1,9606.ENSP00000342007,9606.ENSP00000358903,0.929,STRING
GABRA4,GABRG2,9606.ENSP00000264318,9606.ENSP00000410732,0.929,STRING
PSMC4,PSMB10,9606.ENSP00000157812,9606.ENSP00000351314,0.929,STRING
PDE10A,ENPP1,9606.ENSP00000355847,9606.ENSP00000498074,0.929,STRING
CDK6,RUNX1,9606.ENSP00000265734,9606.ENSP00000300305,0.929,STRING
SOX2,SMAD3,9606.ENSP00000323588,9606.ENSP00000332973,0.929,STRING
POLA1,POLG,9606.ENSP00000368358,9606.ENSP00000399851,0.929,STRING
MECOM,HDAC2,9606.ENSP00000264674,9606.ENSP00000430432,0.929,STRING
COL1A1,FBN1,9606.ENSP00000225964,9606.ENSP00000325527,0.929,STRING
CBL,INSR,9606.ENSP00000264033,9606.ENSP00000303830,0.929,STRING
CYP3A5,AKR1C3,9606.ENSP00000222982,9606.ENSP00000369927,0.929,STRING
CSK,EGFR,9606.ENSP00000220003,9606.ENSP00000275493,0.929,STRING
IL4,CD40,9606.ENSP00000231449,9606.ENSP00000361359,0.929,STRING
KCNJ2,KCNQ5,9606.ENSP00000243457,9606.ENSP00000345055,0.929,STRING
NDUFAF3,NDUFA11,9606.ENSP00000323076,9606.ENSP00000389160,0.929,STRING
CACNA2D1,RYR1,9606.ENSP00000349320,9606.ENSP00000352608,0.929,STRING
CACNA1E,CALM2,9606.ENSP00000356545,9606.ENSP00000499797,0.929,STRING
NR3C1,NR3C2,9606.ENSP00000231509,9606.ENSP00000350815,0.929,STRING
CD3D,B2M,9606.ENSP00000300692,9606.ENSP00000497910,0.928,STRING
PIK3CA,TLR4,9606.ENSP00000263967,9606.ENSP00000363089,0.928,STRING
KDR,FGF9,9606.ENSP00000263923,9606.ENSP00000371790,0.928,STRING
KIT,LYN,9606.ENSP00000288135,9606.ENSP00000428924,0.928,STRING
TP53,PTK2,9606.ENSP00000269305,9606.ENSP00000341189,0.928,STRING
MAP2K1,MAP3K7,9606.ENSP00000302486,9606.ENSP00000358335,0.928,STRING
PIK3CA,PLCG2,9606.ENSP00000263967,9606.ENSP00000482457,0.928,STRING
HTR2B,GNAS,9606.ENSP00000258400,9606.ENSP00000360141,0.928,STRING
GATA2,FLI1,9606.ENSP00000345681,9606.ENSP00000433488,0.928,STRING
MAP2K1,PTPN11,9606.ENSP00000302486,9606.ENSP00000489597,0.928,STRING
CD3G,LCK,9606.ENSP00000431445,9606.ENSP00000477713,0.928,STRING
CHUK,CARD9,9606.ENSP00000359424,9606.ENSP00000360797,0.928,STRING
CACNA2D1,CACNA2D4,9606.ENSP00000349320,9606.ENSP00000372169,0.928,STRING
KDR,PIK3CD,9606.ENSP00000263923,9606.ENSP00000366563,0.928,STRING
PTK2,PIK3CG,9606.ENSP00000341189,9606.ENSP00000419260,0.928,STRING
CACNG4,CACNB1,9606.ENSP00000262138,9606.ENSP00000377840,0.928,STRING
ITGA2B,FGA,9606.ENSP00000262407,9606.ENSP00000498441,0.928,STRING
STAT3,PTK2,9606.ENSP00000264657,9606.ENSP00000341189,0.928,STRING
IL2RB,IL10,9606.ENSP00000216223,9606.ENSP00000412237,0.928,STRING
AKT1,MYC,9606.ENSP00000451828,9606.ENSP00000478887,0.928,STRING
EGFR,FGF9,9606.ENSP00000275493,9606.ENSP00000371790,0.928,STRING
MAPK1,PRKCB,9606.ENSP00000215832,9606.ENSP00000496129,0.928,STRING
HNF4A,TCF7L2,9606.ENSP00000312987,9606.ENSP00000486891,0.928,STRING
JAK2,PLCG2,9606.ENSP00000371067,9606.ENSP00000482457,0.928,STRING
IKZF1,HDAC2,9606.ENSP00000331614,9606.ENSP00000430432,0.928,STRING
NDUFAF3,MT-ND2,9606.ENSP00000323076,9606.ENSP00000355046,0.928,STRING
CRP,ALB,9606.ENSP00000255030,9606.ENSP00000295897,0.928,STRING
CYP19A1,ESR1,9606.ENSP00000379683,9606.ENSP00000405330,0.927,STRING
ESR1,CALM2,9606.ENSP00000405330,9606.ENSP00000499797,0.927,STRING
CACNG6,CACNA1S,9606.ENSP00000252729,9606.ENSP00000355192,0.927,STRING
APOA1,SERPINA1,9606.ENSP00000236850,9606.ENSP00000416066,0.927,STRING
U2AF1,SF3B1,9606.ENSP00000291552,9606.ENSP00000335321,0.927,STRING
INSR,PIK3CD,9606.ENSP00000303830,9606.ENSP00000366563,0.927,STRING
APOA1,F2,9606.ENSP00000236850,9606.ENSP00000308541,0.927,STRING
NDUFB7,NDUFAF3,9606.ENSP00000215565,9606.ENSP00000323076,0.927,STRING
IL23R,IL17A,9606.ENSP00000321345,9606.ENSP00000497968,0.927,STRING
FKBP1A,BMPR1B,9606.ENSP00000383003,9606.ENSP00000401907,0.927,STRING
GSK3A,APP,9606.ENSP00000222330,9606.ENSP00000284981,0.927,STRING
FGFR4,SOS1,9606.ENSP00000292408,9606.ENSP00000384675,0.927,STRING
CACNG3,CACNA1F,9606.ENSP00000005284,9606.ENSP00000365441,0.927,STRING
HDAC7,HIF1A,9606.ENSP00000080059,9606.ENSP00000437955,0.927,STRING
IFNG,CD40,9606.ENSP00000229135,9606.ENSP00000361359,0.927,STRING
MAPK3,ROCK1,9606.ENSP00000263025,9606.ENSP00000382697,0.927,STRING
GNAS,IGF1R,9606.ENSP00000360141,9606.ENSP00000497069,0.927,STRING
ERBB4,PTPN11,9606.ENSP00000342235,9606.ENSP00000489597,0.927,STRING
PRKCQ,PTPN11,9606.ENSP00000263125,9606.ENSP00000489597,0.927,STRING
SOS1,PIK3R1,9606.ENSP00000384675,9606.ENSP00000428056,0.927,STRING
MET,PTPN11,9606.ENSP00000317272,9606.ENSP00000489597,0.927,STRING
MAPK1,NFATC1,9606.ENSP00000215832,9606.ENSP00000389377,0.927,STRING
FUT2,ABO,9606.ENSP00000387498,9606.ENSP00000483018,0.927,STRING
TXK,PIK3R1,9606.ENSP00000264316,9606.ENSP00000428056,0.927,STRING
TP53,CTNNB1,9606.ENSP00000269305,9606.ENSP00000495360,0.927,STRING
NDUFAF3,NDUFS1,9606.ENSP00000323076,9606.ENSP00000392709,0.927,STRING
PTGS2,CYP2C19,9606.ENSP00000356438,9606.ENSP00000360372,0.927,STRING
SH2B3,NTRK3,9606.ENSP00000345492,9606.ENSP00000354207,0.927,STRING
PIK3CD,ALK,9606.ENSP00000366563,9606.ENSP00000373700,0.927,STRING
PTK6,AKT1,9606.ENSP00000442460,9606.ENSP00000451828,0.927,STRING
MT-ND2,NDUFAF4,9606.ENSP00000355046,9606.ENSP00000358272,0.927,STRING
PDGFRA,SOS1,9606.ENSP00000257290,9606.ENSP00000384675,0.927,STRING
CACNB1,CACNA2D3,9606.ENSP00000377840,9606.ENSP00000419101,0.926,STRING
NDUFB5,NDUFAF3,9606.ENSP00000259037,9606.ENSP00000323076,0.926,STRING
GATA1,ZFPM2,9606.ENSP00000365858,9606.ENSP00000384179,0.926,STRING
CTSV,BCL2,9606.ENSP00000259470,9606.ENSP00000381185,0.926,STRING
HDAC1,TCF7L2,9606.ENSP00000362649,9606.ENSP00000486891,0.926,STRING
GRIN2A,GRIA1,9606.ENSP00000332549,9606.ENSP00000428994,0.926,STRING
CACNA1C,PPP3CA,9606.ENSP00000266376,9606.ENSP00000378323,0.926,STRING
STAT3,MTOR,9606.ENSP00000264657,9606.ENSP00000354558,0.926,STRING
INS,CACNA1A,9606.ENSP00000380432,9606.ENSP00000489829,0.926,STRING
KRAS,PRKCE,9606.ENSP00000256078,9606.ENSP00000306124,0.926,STRING
INS,TNF,9606.ENSP00000380432,9606.ENSP00000398698,0.926,STRING
IFNG,IL7R,9606.ENSP00000229135,9606.ENSP00000306157,0.926,STRING
PIK3CA,SOS1,9606.ENSP00000263967,9606.ENSP00000384675,0.926,STRING
FGF10,EGFR,9606.ENSP00000264664,9606.ENSP00000275493,0.926,STRING
IFNGR1,IL6,9606.ENSP00000356713,9606.ENSP00000385675,0.926,STRING
PIK3CD,ITGB2,9606.ENSP00000366563,9606.ENSP00000380948,0.926,STRING
HRAS,PTPN11,9606.ENSP00000407586,9606.ENSP00000489597,0.926,STRING
PALB2,NDUFV3,9606.ENSP00000261584,9606.ENSP00000346196,0.926,STRING
MAPK3,CARD9,9606.ENSP00000263025,9606.ENSP00000360797,0.926,STRING
CYP3A7,AKR1C3,9606.ENSP00000337450,9606.ENSP00000369927,0.926,STRING
ALB,IL6,9606.ENSP00000295897,9606.ENSP00000385675,0.926,STRING
POLE2,POLG,9606.ENSP00000216367,9606.ENSP00000399851,0.926,STRING
KDR,JAK2,9606.ENSP00000263923,9606.ENSP00000371067,0.926,STRING
MAPK1,MAP3K7,9606.ENSP00000215832,9606.ENSP00000358335,0.926,STRING
H3-3A,KMT2A,9606.ENSP00000355780,9606.ENSP00000436786,0.926,STRING
MAPK1,TSC1,9606.ENSP00000215832,9606.ENSP00000298552,0.926,STRING
ABL1,EPHA6,9606.ENSP00000361423,9606.ENSP00000374323,0.926,STRING
MYH6,TTN,9606.ENSP00000386041,9606.ENSP00000467141,0.926,STRING
EZH2,BRCA1,9606.ENSP00000320147,9606.ENSP00000418960,0.926,STRING
STAT5B,SOCS1,9606.ENSP00000293328,9606.ENSP00000496577,0.926,STRING
CHRNA1,CHRNG,9606.ENSP00000261007,9606.ENSP00000498757,0.926,STRING
AXIN1,HNF4A,9606.ENSP00000262320,9606.ENSP00000312987,0.926,STRING
CBL,EPHA2,9606.ENSP00000264033,9606.ENSP00000351209,0.926,STRING
SCN1A,ATP1A2,9606.ENSP00000303540,9606.ENSP00000354490,0.926,STRING
IL18,CXCL8,9606.ENSP00000280357,9606.ENSP00000306512,0.926,STRING
TNF,CEBPA,9606.ENSP00000398698,9606.ENSP00000427514,0.926,STRING
MAP2K3,MAP3K1,9606.ENSP00000345083,9606.ENSP00000382423,0.926,STRING
MET,PIK3CB,9606.ENSP00000317272,9606.ENSP00000501150,0.925,STRING
PRF1,NCAM1,9606.ENSP00000398568,9606.ENSP00000480132,0.925,STRING
GABBR2,GABRB3,9606.ENSP00000259455,9606.ENSP00000308725,0.925,STRING
CYP3A7,AOX1,9606.ENSP00000337450,9606.ENSP00000363832,0.925,STRING
CHRNA4,CHRNA7,9606.ENSP00000359285,9606.ENSP00000407546,0.925,STRING
IFNAR1,AXL,9606.ENSP00000270139,9606.ENSP00000301178,0.925,STRING
BMP4,GATA4,9606.ENSP00000245451,9606.ENSP00000435712,0.925,STRING
KCNJ2,KCNQ4,9606.ENSP00000243457,9606.ENSP00000262916,0.925,STRING
MSH6,BARD1,9606.ENSP00000234420,9606.ENSP00000260947,0.925,STRING
CYP2C19,CYP2D6,9606.ENSP00000360372,9606.ENSP00000496150,0.925,STRING
CD40LG,ITGB2,9606.ENSP00000359663,9606.ENSP00000380948,0.925,STRING
SCNN1A,SCN1B,9606.ENSP00000353292,9606.ENSP00000396915,0.925,STRING
CSF1R,PIK3R1,9606.ENSP00000286301,9606.ENSP00000428056,0.925,STRING
HGF,KIT,9606.ENSP00000222390,9606.ENSP00000288135,0.925,STRING
ERBB4,PIK3CD,9606.ENSP00000342235,9606.ENSP00000366563,0.925,STRING
TP53,HRAS,9606.ENSP00000269305,9606.ENSP00000407586,0.925,STRING
TLR4,PIK3R1,9606.ENSP00000363089,9606.ENSP00000428056,0.925,STRING
IL4,FOXP3,9606.ENSP00000231449,9606.ENSP00000365380,0.925,STRING
IRAK1,MECP2,9606.ENSP00000358997,9606.ENSP00000395535,0.925,STRING
GSK3B,BRAF,9606.ENSP00000324806,9606.ENSP00000419060,0.925,STRING
HTR6,HTR7,9606.ENSP00000289753,9606.ENSP00000337949,0.925,STRING
SMARCA4,FANCA,9606.ENSP00000343896,9606.ENSP00000373952,0.925,STRING
HDAC3,HDAC1,9606.ENSP00000302967,9606.ENSP00000362649,0.925,STRING
ITGA2B,FGB,9606.ENSP00000262407,9606.ENSP00000306099,0.925,STRING
PDGFRB,PTK2,9606.ENSP00000261799,9606.ENSP00000341189,0.925,STRING
ESR2,CYP19A1,9606.ENSP00000343925,9606.ENSP00000379683,0.925,STRING
MT-ND3,NDUFAF4,9606.ENSP00000355206,9606.ENSP00000358272,0.924,STRING
PSMD1,PSMA8,9606.ENSP00000309474,9606.ENSP00000311121,0.924,STRING
MAPK3,MAP3K7,9606.ENSP00000263025,9606.ENSP00000358335,0.924,STRING
NDUFAF4,NDUFB3,9606.ENSP00000358272,9606.ENSP00000407336,0.924,STRING
EPHA3,EPHA7,9606.ENSP00000337451,9606.ENSP00000358309,0.924,STRING
MAPK3,ROCK2,9606.ENSP00000263025,9606.ENSP00000317985,0.924,STRING
PSMC5,PSMB9,9606.ENSP00000310572,9606.ENSP00000363993,0.924,STRING
PIK3CA,ITK,9606.ENSP00000263967,9606.ENSP00000398655,0.924,STRING
ATM,PPM1D,9606.ENSP00000278616,9606.ENSP00000306682,0.924,STRING
FGFR2,PIK3R1,9606.ENSP00000410294,9606.ENSP00000428056,0.924,STRING
PDE7A,ENPP1,9606.ENSP00000385632,9606.ENSP00000498074,0.924,STRING
IL2,CD40LG,9606.ENSP00000226730,9606.ENSP00000359663,0.924,STRING
PIK3CD,FGFR1,9606.ENSP00000366563,9606.ENSP00000393312,0.924,STRING
TRPV1,CALM2,9606.ENSP00000459962,9606.ENSP00000499797,0.924,STRING
CXCL8,IL17A,9606.ENSP00000306512,9606.ENSP00000497968,0.924,STRING
NFKB1,ROCK2,9606.ENSP00000226574,9606.ENSP00000317985,0.924,STRING
MPO,APOA1,9606.ENSP00000225275,9606.ENSP00000236850,0.924,STRING
PTPN22,LCK,9606.ENSP00000352833,9606.ENSP00000477713,0.924,STRING
CD4,CD40,9606.ENSP00000011653,9606.ENSP00000361359,0.924,STRING
PLK4,PLG,9606.ENSP00000270861,9606.ENSP00000308938,0.924,STRING
CYP1A2,AKR1C3,9606.ENSP00000342007,9606.ENSP00000369927,0.924,STRING
FBXW7,CTNNB1,9606.ENSP00000474725,9606.ENSP00000495360,0.924,STRING
PDE4B,ENPP1,9606.ENSP00000342637,9606.ENSP00000498074,0.924,STRING
HDAC4,HDAC3,9606.ENSP00000264606,9606.ENSP00000302967,0.924,STRING
FGF10,SHH,9606.ENSP00000264664,9606.ENSP00000297261,0.924,STRING
IL23R,IL17F,9606.ENSP00000321345,9606.ENSP00000337432,0.924,STRING
HCN4,SCN2A,9606.ENSP00000261917,9606.ENSP00000490107,0.924,STRING
TUBB1,MAPT,9606.ENSP00000217133,9606.ENSP00000340820,0.924,STRING
PTK2,PIK3CD,9606.ENSP00000341189,9606.ENSP00000366563,0.924,STRING
CHRNB4,CHRNA7,9606.ENSP00000261751,9606.ENSP00000407546,0.924,STRING
PDGFRA,PIK3CD,9606.ENSP00000257290,9606.ENSP00000366563,0.924,STRING
CHUK,CARD11,9606.ENSP00000359424,9606.ENSP00000380150,0.924,STRING
KCNQ2,CHRNA4,9606.ENSP00000352035,9606.ENSP00000359285,0.924,STRING
TLR4,PIK3CB,9606.ENSP00000363089,9606.ENSP00000501150,0.924,STRING
NR3C1,SMARCA4,9606.ENSP00000231509,9606.ENSP00000343896,0.924,STRING
KRAS,PRKCB,9606.ENSP00000256078,9606.ENSP00000496129,0.923,STRING
NFE2L2,AKT1,9606.ENSP00000380252,9606.ENSP00000451828,0.923,STRING
IL6R,IL10,9606.ENSP00000357470,9606.ENSP00000412237,0.923,STRING
SSTR2,GNAS,9606.ENSP00000350198,9606.ENSP00000360141,0.923,STRING
GSK3B,TBK1,9606.ENSP00000324806,9606.ENSP00000329967,0.923,STRING
CACNG8,CACNA2D4,9606.ENSP00000270458,9606.ENSP00000372169,0.923,STRING
NFKB1,HMGB1,9606.ENSP00000226574,9606.ENSP00000345347,0.923,STRING
NCOR1,SMAD3,9606.ENSP00000268712,9606.ENSP00000332973,0.923,STRING
ADAM17,TGFA,9606.ENSP00000309968,9606.ENSP00000404131,0.923,STRING
CACNG3,GRIA2,9606.ENSP00000005284,9606.ENSP00000296526,0.923,STRING
FGFR3,SRC,9606.ENSP00000339824,9606.ENSP00000362680,0.923,STRING
KCNB1,KCNA2,9606.ENSP00000360806,9606.ENSP00000487785,0.923,STRING
NDUFB11,NDUFAF3,9606.ENSP00000276062,9606.ENSP00000323076,0.923,STRING
AQP2,UMOD,9606.ENSP00000199280,9606.ENSP00000379438,0.923,STRING
TXK,PIK3CD,9606.ENSP00000264316,9606.ENSP00000366563,0.923,STRING
EGR2,EP300,9606.ENSP00000242480,9606.ENSP00000263253,0.923,STRING
CREBBP,FGFR1,9606.ENSP00000262367,9606.ENSP00000393312,0.923,STRING
CHRNB2,CHRNA7,9606.ENSP00000357461,9606.ENSP00000407546,0.923,STRING
CDKN1B,SFN,9606.ENSP00000228872,9606.ENSP00000340989,0.923,STRING
CCND1,AKT1,9606.ENSP00000227507,9606.ENSP00000451828,0.923,STRING
PTEN,CDKN2A,9606.ENSP00000361021,9606.ENSP00000418915,0.923,STRING
NDUFAF3,NDUFA6,9606.ENSP00000323076,9606.ENSP00000482543,0.923,STRING
CACNA1C,CACNG7,9606.ENSP00000266376,9606.ENSP00000375647,0.923,STRING
PALB2,MT-ND5,9606.ENSP00000261584,9606.ENSP00000354813,0.923,STRING
PALB2,NDUFA3,9606.ENSP00000261584,9606.ENSP00000418438,0.923,STRING
JAK3,PIK3CB,9606.ENSP00000432511,9606.ENSP00000501150,0.923,STRING
MEN1,ESR1,9606.ENSP00000337088,9606.ENSP00000405330,0.923,STRING
IL2RB,CD8A,9606.ENSP00000216223,9606.ENSP00000386559,0.922,STRING
PIK3CD,NTRK1,9606.ENSP00000366563,9606.ENSP00000431418,0.922,STRING
IL10,CTLA4,9606.ENSP00000412237,9606.ENSP00000497102,0.922,STRING
CD40,MYD88,9606.ENSP00000361359,9606.ENSP00000498321,0.922,STRING
TGFB1,PPARG,9606.ENSP00000221930,9606.ENSP00000287820,0.922,STRING
PRKAG2,TSC1,9606.ENSP00000287878,9606.ENSP00000298552,0.922,STRING
ESR2,CACNA1G,9606.ENSP00000343925,9606.ENSP00000352011,0.922,STRING
CD86,TNF,9606.ENSP00000332049,9606.ENSP00000398698,0.922,STRING
BCL6,MYC,9606.ENSP00000384371,9606.ENSP00000478887,0.922,STRING
MAPK3,TNF,9606.ENSP00000263025,9606.ENSP00000398698,0.922,STRING
BMP4,SHH,9606.ENSP00000245451,9606.ENSP00000297261,0.922,STRING
PALB2,MT-ND3,9606.ENSP00000261584,9606.ENSP00000355206,0.922,STRING
PRKAG2,MTOR,9606.ENSP00000287878,9606.ENSP00000354558,0.922,STRING
SLC6A4,BDNF,9606.ENSP00000261707,9606.ENSP00000414303,0.922,STRING
SMAD2,CHUK,9606.ENSP00000262160,9606.ENSP00000359424,0.922,STRING
PSMD8,PSMB10,9606.ENSP00000215071,9606.ENSP00000351314,0.922,STRING
BRCA1,RAD51B,9606.ENSP00000418960,9606.ENSP00000419881,0.922,STRING
AURKA,AURKB,9606.ENSP00000216911,9606.ENSP00000313950,0.922,STRING
IL1B,CD8A,9606.ENSP00000263341,9606.ENSP00000386559,0.922,STRING
MAP2K2,MAP3K7,9606.ENSP00000262948,9606.ENSP00000358335,0.922,STRING
MAPK1,ATP1A3,9606.ENSP00000215832,9606.ENSP00000444688,0.922,STRING
MAPK1,ROCK1,9606.ENSP00000215832,9606.ENSP00000382697,0.922,STRING
MAP4K3,MAP3K1,9606.ENSP00000263881,9606.ENSP00000382423,0.922,STRING
TYR,PRKCB,9606.ENSP00000263321,9606.ENSP00000496129,0.922,STRING
CD38,PRKCB,9606.ENSP00000226279,9606.ENSP00000496129,0.922,STRING
MAP3K7,CARD11,9606.ENSP00000358335,9606.ENSP00000380150,0.922,STRING
MT-ND4,NDUFAF4,9606.ENSP00000354961,9606.ENSP00000358272,0.922,STRING
BCL11B,HDAC2,9606.ENSP00000349723,9606.ENSP00000430432,0.922,STRING
NDUFAF3,NDUFA3,9606.ENSP00000323076,9606.ENSP00000418438,0.922,STRING
LRRK2,GBA,9606.ENSP00000298910,9606.ENSP00000314508,0.922,STRING
CCND1,BRCA1,9606.ENSP00000227507,9606.ENSP00000418960,0.922,STRING
MET,PIK3CD,9606.ENSP00000317272,9606.ENSP00000366563,0.922,STRING
GSK3B,RAF1,9606.ENSP00000324806,9606.ENSP00000401888,0.922,STRING
TNFRSF1A,IL1R1,9606.ENSP00000162749,9606.ENSP00000386380,0.921,STRING
PRKCE,HRAS,9606.ENSP00000306124,9606.ENSP00000407586,0.921,STRING
PALB2,MT-ND2,9606.ENSP00000261584,9606.ENSP00000355046,0.921,STRING
PALB2,CHEK2,9606.ENSP00000261584,9606.ENSP00000372023,0.921,STRING
RUNX1,FLI1,9606.ENSP00000300305,9606.ENSP00000433488,0.921,STRING
TGFB1,HGF,9606.ENSP00000221930,9606.ENSP00000222390,0.921,STRING
RBM20,TTN,9606.ENSP00000358532,9606.ENSP00000467141,0.921,STRING
SMARCB1,BCL11B,9606.ENSP00000340883,9606.ENSP00000349723,0.921,STRING
ZPR1,EGFR,9606.ENSP00000227322,9606.ENSP00000275493,0.921,STRING
MAPK3,ATP1A3,9606.ENSP00000263025,9606.ENSP00000444688,0.921,STRING
MTOR,FBXW7,9606.ENSP00000354558,9606.ENSP00000474725,0.921,STRING
PDGFRB,JAK1,9606.ENSP00000261799,9606.ENSP00000499900,0.921,STRING
FLT4,PTK2,9606.ENSP00000261937,9606.ENSP00000341189,0.921,STRING
SLC6A4,HTR1D,9606.ENSP00000261707,9606.ENSP00000363748,0.921,STRING
JAK2,FGFR2,9606.ENSP00000371067,9606.ENSP00000410294,0.921,STRING
SOX2,MECP2,9606.ENSP00000323588,9606.ENSP00000395535,0.921,STRING
MAPK14,ESR2,9606.ENSP00000229795,9606.ENSP00000343925,0.921,STRING
IL6,CXCR4,9606.ENSP00000385675,9606.ENSP00000386884,0.921,STRING
FGFR3,JAK2,9606.ENSP00000339824,9606.ENSP00000371067,0.921,STRING
PSMB7,ADRM1,9606.ENSP00000259457,9606.ENSP00000478877,0.921,STRING
FGG,SERPINC1,9606.ENSP00000336829,9606.ENSP00000356671,0.921,STRING
HTR2C,CACNA1D,9606.ENSP00000276198,9606.ENSP00000288139,0.921,STRING
IL23A,IL17F,9606.ENSP00000228534,9606.ENSP00000337432,0.921,STRING
C5,F2,9606.ENSP00000223642,9606.ENSP00000308541,0.921,STRING
CREBBP,H3-3A,9606.ENSP00000262367,9606.ENSP00000355780,0.921,STRING
STAT3,LEPR,9606.ENSP00000264657,9606.ENSP00000330393,0.921,STRING
TSC1,PRKAA1,9606.ENSP00000298552,9606.ENSP00000346148,0.921,STRING
STAT3,IGF1R,9606.ENSP00000264657,9606.ENSP00000497069,0.921,STRING
ITGA2B,PTK2,9606.ENSP00000262407,9606.ENSP00000341189,0.921,STRING
KRAS,LZTR1,9606.ENSP00000256078,9606.ENSP00000496779,0.921,STRING
ATM,RAD51C,9606.ENSP00000278616,9606.ENSP00000336701,0.921,STRING
HNF4A,MYC,9606.ENSP00000312987,9606.ENSP00000478887,0.921,STRING
PLG,HMGB1,9606.ENSP00000308938,9606.ENSP00000345347,0.921,STRING
TERT,MYC,9606.ENSP00000309572,9606.ENSP00000478887,0.92,STRING
FGFR1,PLCG2,9606.ENSP00000393312,9606.ENSP00000482457,0.92,STRING
FLT4,FLT1,9606.ENSP00000261937,9606.ENSP00000282397,0.92,STRING
IFNGR1,IL10,9606.ENSP00000356713,9606.ENSP00000412237,0.92,STRING
HTR1A,HTR2A,9606.ENSP00000316244,9606.ENSP00000437737,0.92,STRING
IL13,IL6R,9606.ENSP00000304915,9606.ENSP00000357470,0.92,STRING
CHRNB4,CHRNA4,9606.ENSP00000261751,9606.ENSP00000359285,0.92,STRING
COL18A1,MMP9,9606.ENSP00000352798,9606.ENSP00000361405,0.92,STRING
APOE,INS,9606.ENSP00000252486,9606.ENSP00000380432,0.92,STRING
CACNG8,CACNA1F,9606.ENSP00000270458,9606.ENSP00000365441,0.92,STRING
CACNG8,CACNA1S,9606.ENSP00000270458,9606.ENSP00000355192,0.92,STRING
CYP3A5,ABCB1,9606.ENSP00000222982,9606.ENSP00000478255,0.92,STRING
ANGPT2,ANGPT1,9606.ENSP00000314897,9606.ENSP00000428340,0.92,STRING
NPR1,GNAS,9606.ENSP00000357669,9606.ENSP00000360141,0.92,STRING
LRRK2,MBP,9606.ENSP00000298910,9606.ENSP00000380958,0.92,STRING
MLH1,MUTYH,9606.ENSP00000231790,9606.ENSP00000500891,0.92,STRING
MAPK1,ATP1A4,9606.ENSP00000215832,9606.ENSP00000357060,0.92,STRING
MET,JAK2,9606.ENSP00000317272,9606.ENSP00000371067,0.92,STRING
TGFB1,INHBA,9606.ENSP00000221930,9606.ENSP00000242208,0.92,STRING
CCND1,HDAC4,9606.ENSP00000227507,9606.ENSP00000264606,0.92,STRING
IL4,STAT3,9606.ENSP00000231449,9606.ENSP00000264657,0.92,STRING
CACNA1C,CACNG8,9606.ENSP00000266376,9606.ENSP00000270458,0.92,STRING
MAPK14,PGR,9606.ENSP00000229795,9606.ENSP00000325120,0.92,STRING
APC,CDH1,9606.ENSP00000257430,9606.ENSP00000261769,0.92,STRING
NOD2,TLR9,9606.ENSP00000300589,9606.ENSP00000353874,0.92,STRING
IFNG,CCR5,9606.ENSP00000229135,9606.ENSP00000292303,0.92,STRING
RUNX1,PAX5,9606.ENSP00000300305,9606.ENSP00000350844,0.92,STRING
F2,AGTR1,9606.ENSP00000308541,9606.ENSP00000398832,0.92,STRING
MAPK3,ATP1A4,9606.ENSP00000263025,9606.ENSP00000357060,0.92,STRING
EGR2,CREBBP,9606.ENSP00000242480,9606.ENSP00000262367,0.92,STRING
MT-ND6,NDUFAF4,9606.ENSP00000354665,9606.ENSP00000358272,0.92,STRING
GNAS,OPRM1,9606.ENSP00000360141,9606.ENSP00000394624,0.92,STRING
EP300,CDKN1A,9606.ENSP00000263253,9606.ENSP00000384849,0.92,STRING
CARD11,CARD14,9606.ENSP00000380150,9606.ENSP00000498071,0.92,STRING
IL23A,IL17A,9606.ENSP00000228534,9606.ENSP00000497968,0.92,STRING
PGR,PIK3CB,9606.ENSP00000325120,9606.ENSP00000501150,0.92,STRING
STK11,SMARCA4,9606.ENSP00000324856,9606.ENSP00000343896,0.92,STRING
TERT,TCF7L2,9606.ENSP00000309572,9606.ENSP00000486891,0.919,STRING
HRAS,PRKCB,9606.ENSP00000407586,9606.ENSP00000496129,0.919,STRING
LEP,IL6,9606.ENSP00000312652,9606.ENSP00000385675,0.919,STRING
POLE,BRCA1,9606.ENSP00000322570,9606.ENSP00000418960,0.919,STRING
TNFRSF1A,CD40,9606.ENSP00000162749,9606.ENSP00000361359,0.919,STRING
TNFRSF1A,IFNG,9606.ENSP00000162749,9606.ENSP00000229135,0.919,STRING
CACNA1H,CACNA2D1,9606.ENSP00000334198,9606.ENSP00000349320,0.919,STRING
PDE3B,PDE3A,9606.ENSP00000282096,9606.ENSP00000351957,0.919,STRING
HNF4A,GSK3B,9606.ENSP00000312987,9606.ENSP00000324806,0.919,STRING
KRAS,ERBB3,9606.ENSP00000256078,9606.ENSP00000267101,0.919,STRING
CACNB1,CACNA1A,9606.ENSP00000377840,9606.ENSP00000489829,0.919,STRING
EGFR,HDAC6,9606.ENSP00000275493,9606.ENSP00000365804,0.919,STRING
SLC4A1,CA2,9606.ENSP00000262418,9606.ENSP00000285379,0.919,STRING
CACNA1E,INS,9606.ENSP00000356545,9606.ENSP00000380432,0.919,STRING
MAPK1,ROCK2,9606.ENSP00000215832,9606.ENSP00000317985,0.919,STRING
PDGFRA,CBL,9606.ENSP00000257290,9606.ENSP00000264033,0.919,STRING
PDGFRA,JAK1,9606.ENSP00000257290,9606.ENSP00000499900,0.919,STRING
IL7R,IL10,9606.ENSP00000306157,9606.ENSP00000412237,0.919,STRING
RPE65,AWAT2,9606.ENSP00000262340,9606.ENSP00000421172,0.919,STRING
IFNG,CD40LG,9606.ENSP00000229135,9606.ENSP00000359663,0.919,STRING
CACNA1F,CACNG7,9606.ENSP00000365441,9606.ENSP00000375647,0.919,STRING
ITK,PIK3CB,9606.ENSP00000398655,9606.ENSP00000501150,0.919,STRING
PDGFRA,PTK2,9606.ENSP00000257290,9606.ENSP00000341189,0.919,STRING
PALB2,NDUFA1,9606.ENSP00000261584,9606.ENSP00000360492,0.919,STRING
CACNA1B,INS,9606.ENSP00000360423,9606.ENSP00000380432,0.919,STRING
PTGER1,GNAS,9606.ENSP00000292513,9606.ENSP00000360141,0.919,STRING
RIPK1,MAP2K3,9606.ENSP00000259808,9606.ENSP00000345083,0.919,STRING
CHRNB4,CHRNA5,9606.ENSP00000261751,9606.ENSP00000299565,0.919,STRING
KDR,PTPN11,9606.ENSP00000263923,9606.ENSP00000489597,0.919,STRING
PALB2,SEM1,9606.ENSP00000261584,9606.ENSP00000481021,0.919,STRING
CACNA1A,PRKCB,9606.ENSP00000489829,9606.ENSP00000496129,0.919,STRING
CACNA1D,PPP3CA,9606.ENSP00000288139,9606.ENSP00000378323,0.918,STRING
CD19,PAX5,9606.ENSP00000313419,9606.ENSP00000350844,0.918,STRING
CACNG1,CACNG5,9606.ENSP00000226021,9606.ENSP00000436836,0.918,STRING
HGF,ERBB2,9606.ENSP00000222390,9606.ENSP00000269571,0.918,STRING
CACNA1C,KCNMA1,9606.ENSP00000266376,9606.ENSP00000286628,0.918,STRING
SMAD2,AKT1,9606.ENSP00000262160,9606.ENSP00000451828,0.918,STRING
ITGB2,PIK3R1,9606.ENSP00000380948,9606.ENSP00000428056,0.918,STRING
F2,CXCR4,9606.ENSP00000308541,9606.ENSP00000386884,0.918,STRING
IFNG,TLR2,9606.ENSP00000229135,9606.ENSP00000260010,0.918,STRING
TP53,HIPK4,9606.ENSP00000269305,9606.ENSP00000291823,0.918,STRING
KDR,PLCG2,9606.ENSP00000263923,9606.ENSP00000482457,0.918,STRING
SLC10A1,ABCB11,9606.ENSP00000216540,9606.ENSP00000497931,0.918,STRING
PPM1D,CHEK2,9606.ENSP00000306682,9606.ENSP00000372023,0.918,STRING
CACNA1S,FKBP1A,9606.ENSP00000355192,9606.ENSP00000383003,0.918,STRING
CHRNB4,CHRNA2,9606.ENSP00000261751,9606.ENSP00000385026,0.918,STRING
PAX8,PRKCB,9606.ENSP00000263334,9606.ENSP00000496129,0.918,STRING
FOXA2,OTX2,9606.ENSP00000400341,9606.ENSP00000500595,0.918,STRING
CD19,PIK3CB,9606.ENSP00000313419,9606.ENSP00000501150,0.918,STRING
NDUFAF4,NDUFAB1,9606.ENSP00000358272,9606.ENSP00000458770,0.918,STRING
HMGCR,NPC1L1,9606.ENSP00000287936,9606.ENSP00000289547,0.918,STRING
CACNA1C,HTR2C,9606.ENSP00000266376,9606.ENSP00000276198,0.918,STRING
SMAD3,CDKN1A,9606.ENSP00000332973,9606.ENSP00000384849,0.918,STRING
STAT3,PIK3R1,9606.ENSP00000264657,9606.ENSP00000428056,0.918,STRING
CHRNA3,CHRNA7,9606.ENSP00000315602,9606.ENSP00000407546,0.918,STRING
TUBA3E,MAPT,9606.ENSP00000318197,9606.ENSP00000340820,0.918,STRING
ERBB2,BRCA1,9606.ENSP00000269571,9606.ENSP00000418960,0.918,STRING
AKR1B1,PAH,9606.ENSP00000285930,9606.ENSP00000448059,0.918,STRING
CD40,TLR4,9606.ENSP00000361359,9606.ENSP00000363089,0.918,STRING
FGR,ITK,9606.ENSP00000363117,9606.ENSP00000398655,0.918,STRING
IFNGR1,NRAS,9606.ENSP00000356713,9606.ENSP00000358548,0.918,STRING
SYK,ITGB2,9606.ENSP00000364898,9606.ENSP00000380948,0.918,STRING
MMP2,MMP9,9606.ENSP00000219070,9606.ENSP00000361405,0.918,STRING
AXL,PLCG2,9606.ENSP00000301178,9606.ENSP00000482457,0.918,STRING
PDE7B,ENPP1,9606.ENSP00000310661,9606.ENSP00000498074,0.918,STRING
JAG1,HEY2,9606.ENSP00000254958,9606.ENSP00000357348,0.918,STRING
TPO,DDC,9606.ENSP00000329869,9606.ENSP00000403644,0.918,STRING
PSMB10,PSMC6,9606.ENSP00000351314,9606.ENSP00000484998,0.918,STRING
PDE2A,ENPP1,9606.ENSP00000334910,9606.ENSP00000498074,0.918,STRING
FGF23,FGF9,9606.ENSP00000237837,9606.ENSP00000371790,0.918,STRING
CACNG4,CACNA1S,9606.ENSP00000262138,9606.ENSP00000355192,0.918,STRING
NRAS,PRKCB,9606.ENSP00000358548,9606.ENSP00000496129,0.918,STRING
PARP1,BCL2,9606.ENSP00000355759,9606.ENSP00000381185,0.917,STRING
SLC6A3,PRKCB,9606.ENSP00000270349,9606.ENSP00000496129,0.917,STRING
CRBN,KCNMA1,9606.ENSP00000231948,9606.ENSP00000286628,0.917,STRING
PAX8,TSHR,9606.ENSP00000263334,9606.ENSP00000441235,0.917,STRING
IFNG,SOCS1,9606.ENSP00000229135,9606.ENSP00000496577,0.917,STRING
ITK,LCK,9606.ENSP00000398655,9606.ENSP00000477713,0.917,STRING
JAK2,TET2,9606.ENSP00000371067,9606.ENSP00000442788,0.917,STRING
GABRB1,GABRA2,9606.ENSP00000295454,9606.ENSP00000427603,0.917,STRING
IL1R1,IL10,9606.ENSP00000386380,9606.ENSP00000412237,0.917,STRING
VHL,SMARCA4,9606.ENSP00000256474,9606.ENSP00000343896,0.917,STRING
KRAS,SMAD4,9606.ENSP00000256078,9606.ENSP00000341551,0.917,STRING
FLNC,BAG3,9606.ENSP00000327145,9606.ENSP00000358081,0.917,STRING
ITGA2B,GATA1,9606.ENSP00000262407,9606.ENSP00000365858,0.917,STRING
ITGA2B,FGG,9606.ENSP00000262407,9606.ENSP00000336829,0.917,STRING
CREBBP,SMAD4,9606.ENSP00000262367,9606.ENSP00000341551,0.917,STRING
CHUK,BTK,9606.ENSP00000359424,9606.ENSP00000483570,0.917,STRING
IL4,CD86,9606.ENSP00000231449,9606.ENSP00000332049,0.917,STRING
POLA2,POLG,9606.ENSP00000265465,9606.ENSP00000399851,0.917,STRING
NDUFA12,NDUFA4L2,9606.ENSP00000330737,9606.ENSP00000377411,0.917,STRING
HBEGF,TGFA,9606.ENSP00000230990,9606.ENSP00000404131,0.917,STRING
MET,JAK1,9606.ENSP00000317272,9606.ENSP00000499900,0.917,STRING
PSMB6,PSMB9,9606.ENSP00000270586,9606.ENSP00000363993,0.917,STRING
CACNA1C,CACNA1H,9606.ENSP00000266376,9606.ENSP00000334198,0.917,STRING
NFKB1,MYC,9606.ENSP00000226574,9606.ENSP00000478887,0.917,STRING
SRC,JAK2,9606.ENSP00000362680,9606.ENSP00000371067,0.917,STRING
PDGFRB,PLCG2,9606.ENSP00000261799,9606.ENSP00000482457,0.917,STRING
ASXL1,HDAC2,9606.ENSP00000364839,9606.ENSP00000430432,0.917,STRING
IFNGR1,PIK3R1,9606.ENSP00000356713,9606.ENSP00000428056,0.917,STRING
NDUFS2,SDHD,9606.ENSP00000356972,9606.ENSP00000364699,0.917,STRING
FLT4,ANGPT1,9606.ENSP00000261937,9606.ENSP00000428340,0.916,STRING
PSMD2,RPGRIP1L,9606.ENSP00000310129,9606.ENSP00000493946,0.916,STRING
SCN5A,SCN7A,9606.ENSP00000328968,9606.ENSP00000496114,0.916,STRING
MET,PLCG2,9606.ENSP00000317272,9606.ENSP00000482457,0.916,STRING
PALB2,MT-ND4,9606.ENSP00000261584,9606.ENSP00000354961,0.916,STRING
MAPK1,CARD9,9606.ENSP00000215832,9606.ENSP00000360797,0.916,STRING
POLG,POLD2,9606.ENSP00000399851,9606.ENSP00000480186,0.916,STRING
TRPA1,NGF,9606.ENSP00000262209,9606.ENSP00000358525,0.916,STRING
CACNA1C,PRKCB,9606.ENSP00000266376,9606.ENSP00000496129,0.916,STRING
KDR,PDGFB,9606.ENSP00000263923,9606.ENSP00000330382,0.916,STRING
SH2B3,NTRK1,9606.ENSP00000345492,9606.ENSP00000431418,0.916,STRING
CACNG3,CACNA1S,9606.ENSP00000005284,9606.ENSP00000355192,0.916,STRING
ITK,LYN,9606.ENSP00000398655,9606.ENSP00000428924,0.916,STRING
CACNA1D,HTR2A,9606.ENSP00000288139,9606.ENSP00000437737,0.916,STRING
IL18,IL13,9606.ENSP00000280357,9606.ENSP00000304915,0.916,STRING
ERBB4,SRC,9606.ENSP00000342235,9606.ENSP00000362680,0.916,STRING
CREBBP,TCF4,9606.ENSP00000262367,9606.ENSP00000381382,0.916,STRING
HTR2B,CACNA1C,9606.ENSP00000258400,9606.ENSP00000266376,0.916,STRING
FBN1,TGFBR2,9606.ENSP00000325527,9606.ENSP00000351905,0.916,STRING
MMP2,STAT3,9606.ENSP00000219070,9606.ENSP00000264657,0.916,STRING
TNFRSF1A,IL6R,9606.ENSP00000162749,9606.ENSP00000357470,0.916,STRING
FGFR3,PLCG2,9606.ENSP00000339824,9606.ENSP00000482457,0.916,STRING
CACNG6,CACNA2D1,9606.ENSP00000252729,9606.ENSP00000349320,0.916,STRING
FOXA1,NKX2-1,9606.ENSP00000250448,9606.ENSP00000346879,0.916,STRING
IL2RB,IL4,9606.ENSP00000216223,9606.ENSP00000231449,0.916,STRING
CACNA1G,INS,9606.ENSP00000352011,9606.ENSP00000380432,0.916,STRING
EGR2,PMP22,9606.ENSP00000242480,9606.ENSP00000308937,0.916,STRING
PSMD7,PSMB10,9606.ENSP00000219313,9606.ENSP00000351314,0.916,STRING
PDGFRB,ANGPT1,9606.ENSP00000261799,9606.ENSP00000428340,0.916,STRING
CSF3R,LYN,9606.ENSP00000362195,9606.ENSP00000428924,0.916,STRING
TXK,PIK3CB,9606.ENSP00000264316,9606.ENSP00000501150,0.916,STRING
ABCA1,RXRA,9606.ENSP00000363868,9606.ENSP00000419692,0.916,STRING
IL7R,IL6,9606.ENSP00000306157,9606.ENSP00000385675,0.916,STRING
PRKAG2,MAP3K7,9606.ENSP00000287878,9606.ENSP00000358335,0.916,STRING
RBX1,SMAD2,9606.ENSP00000216225,9606.ENSP00000262160,0.916,STRING
PTGS2,TNF,9606.ENSP00000356438,9606.ENSP00000398698,0.916,STRING
PRKCB,CARD14,9606.ENSP00000496129,9606.ENSP00000498071,0.916,STRING
MAPK3,THRB,9606.ENSP00000263025,9606.ENSP00000379904,0.916,STRING
MAPK3,ATP1A2,9606.ENSP00000263025,9606.ENSP00000354490,0.916,STRING
NDUFB11,NDUFAF4,9606.ENSP00000276062,9606.ENSP00000358272,0.915,STRING
NTRK3,ABL1,9606.ENSP00000354207,9606.ENSP00000361423,0.915,STRING
CXCR4,HIF1A,9606.ENSP00000386884,9606.ENSP00000437955,0.915,STRING
VHL,RIPK1,9606.ENSP00000256474,9606.ENSP00000259808,0.915,STRING
CACNG6,CACNG4,9606.ENSP00000252729,9606.ENSP00000262138,0.915,STRING
EPHA4,EPHB2,9606.ENSP00000281821,9606.ENSP00000383053,0.915,STRING
IFNG,PDCD1,9606.ENSP00000229135,9606.ENSP00000335062,0.915,STRING
FGFR3,JAK1,9606.ENSP00000339824,9606.ENSP00000499900,0.915,STRING
SFN,SOS1,9606.ENSP00000340989,9606.ENSP00000384675,0.915,STRING
PDGFRB,STAT3,9606.ENSP00000261799,9606.ENSP00000264657,0.915,STRING
F9,VWF,9606.ENSP00000218099,9606.ENSP00000261405,0.915,STRING
AXL,JAK2,9606.ENSP00000301178,9606.ENSP00000371067,0.915,STRING
PTCH1,RET,9606.ENSP00000332353,9606.ENSP00000347942,0.915,STRING
PRKCQ,PRKCB,9606.ENSP00000263125,9606.ENSP00000496129,0.915,STRING
CDKN1B,CRBN,9606.ENSP00000228872,9606.ENSP00000231948,0.915,STRING
RORA,GRM1,9606.ENSP00000261523,9606.ENSP00000282753,0.915,STRING
SCNN1B,SCN4A,9606.ENSP00000345751,9606.ENSP00000396320,0.915,STRING
ALK,PLCG2,9606.ENSP00000373700,9606.ENSP00000482457,0.915,STRING
CD40,CD8A,9606.ENSP00000361359,9606.ENSP00000386559,0.915,STRING
CHRNA3,CHRNA4,9606.ENSP00000315602,9606.ENSP00000359285,0.915,STRING
IRAK1,BTK,9606.ENSP00000358997,9606.ENSP00000483570,0.915,STRING
CHRNA3,CHRNA2,9606.ENSP00000315602,9606.ENSP00000385026,0.915,STRING
AIRE,H3-3A,9606.ENSP00000291582,9606.ENSP00000355780,0.915,STRING
NDUFAF3,MT-ND3,9606.ENSP00000323076,9606.ENSP00000355206,0.915,STRING
EZH2,ESR1,9606.ENSP00000320147,9606.ENSP00000405330,0.915,STRING
GCK,AKR1B1,9606.ENSP00000223366,9606.ENSP00000285930,0.915,STRING
GJA1,TUBA1A,9606.ENSP00000282561,9606.ENSP00000439020,0.915,STRING
CACNG3,CACNA2D4,9606.ENSP00000005284,9606.ENSP00000372169,0.915,STRING
SMAD4,AKT1,9606.ENSP00000341551,9606.ENSP00000451828,0.914,STRING
ERCC4,BRCA1,9606.ENSP00000310520,9606.ENSP00000418960,0.914,STRING
CYP2C19,VKORC1,9606.ENSP00000360372,9606.ENSP00000378426,0.914,STRING
SOX2,OTX2,9606.ENSP00000323588,9606.ENSP00000500595,0.914,STRING
CRP,LEP,9606.ENSP00000255030,9606.ENSP00000312652,0.914,STRING
ATM,ERCC2,9606.ENSP00000278616,9606.ENSP00000375809,0.914,STRING
AXL,JAK1,9606.ENSP00000301178,9606.ENSP00000499900,0.914,STRING
IL6,JAK3,9606.ENSP00000385675,9606.ENSP00000432511,0.914,STRING
FDX1,NDUFS8,9606.ENSP00000260270,9606.ENSP00000315774,0.914,STRING
LIPC,APOA5,9606.ENSP00000299022,9606.ENSP00000445002,0.914,STRING
HTR1A,HTR1B,9606.ENSP00000316244,9606.ENSP00000358963,0.914,STRING
CD38,RYR2,9606.ENSP00000226279,9606.ENSP00000355533,0.914,STRING
CACNA1H,ESR2,9606.ENSP00000334198,9606.ENSP00000343925,0.914,STRING
MAPK1,ATP1A2,9606.ENSP00000215832,9606.ENSP00000354490,0.914,STRING
PPARG,ARID1A,9606.ENSP00000287820,9606.ENSP00000320485,0.914,STRING
SLC6A4,HTR2C,9606.ENSP00000261707,9606.ENSP00000276198,0.914,STRING
IL7R,IL2RA,9606.ENSP00000306157,9606.ENSP00000369293,0.914,STRING
CTSC,BCL2,9606.ENSP00000227266,9606.ENSP00000381185,0.914,STRING
IDH1,TET2,9606.ENSP00000390265,9606.ENSP00000442788,0.914,STRING
TP53,CHUK,9606.ENSP00000269305,9606.ENSP00000359424,0.914,STRING
PIK3CA,IFNGR1,9606.ENSP00000263967,9606.ENSP00000356713,0.914,STRING
MYH10,MYH6,9606.ENSP00000353590,9606.ENSP00000386041,0.914,STRING
AURKA,MYC,9606.ENSP00000216911,9606.ENSP00000478887,0.914,STRING
PLAT,SERPINC1,9606.ENSP00000220809,9606.ENSP00000356671,0.914,STRING
PALB2,MT-ND1,9606.ENSP00000261584,9606.ENSP00000354687,0.914,STRING
CXCR4,JAK3,9606.ENSP00000386884,9606.ENSP00000432511,0.914,STRING
REN,CYP11B2,9606.ENSP00000272190,9606.ENSP00000325822,0.914,STRING
PIK3CA,TXK,9606.ENSP00000263967,9606.ENSP00000264316,0.914,STRING
TEK,PGF,9606.ENSP00000369375,9606.ENSP00000451040,0.914,STRING
TP53,WWOX,9606.ENSP00000269305,9606.ENSP00000457230,0.914,STRING
CD4,RBX1,9606.ENSP00000011653,9606.ENSP00000216225,0.914,STRING
NR3C1,EP300,9606.ENSP00000231509,9606.ENSP00000263253,0.914,STRING
SCNN1A,SCN4A,9606.ENSP00000353292,9606.ENSP00000396320,0.914,STRING
IL4,CD40LG,9606.ENSP00000231449,9606.ENSP00000359663,0.914,STRING
MAPT,TUBB8,9606.ENSP00000340820,9606.ENSP00000456206,0.914,STRING
PIK3CA,ITGB2,9606.ENSP00000263967,9606.ENSP00000380948,0.914,STRING
PDGFRA,PLCG2,9606.ENSP00000257290,9606.ENSP00000482457,0.913,STRING
FGFR2,JAK1,9606.ENSP00000410294,9606.ENSP00000499900,0.913,STRING
PIK3CA,ARID1A,9606.ENSP00000263967,9606.ENSP00000320485,0.913,STRING
CACNA1S,CACNG7,9606.ENSP00000355192,9606.ENSP00000375647,0.913,STRING
STK39,SLC12A3,9606.ENSP00000348278,9606.ENSP00000402152,0.913,STRING
EGFR,YES1,9606.ENSP00000275493,9606.ENSP00000462468,0.913,STRING
IL2RB,PRF1,9606.ENSP00000216223,9606.ENSP00000398568,0.913,STRING
FOXP3,IL6,9606.ENSP00000365380,9606.ENSP00000385675,0.913,STRING
FANCD2,MEN1,9606.ENSP00000287647,9606.ENSP00000337088,0.913,STRING
IL2,LCK,9606.ENSP00000226730,9606.ENSP00000477713,0.913,STRING
ADRM1,SEM1,9606.ENSP00000478877,9606.ENSP00000481021,0.913,STRING
NFKB1,CREBBP,9606.ENSP00000226574,9606.ENSP00000262367,0.913,STRING
ARSA,PSAP,9606.ENSP00000216124,9606.ENSP00000378394,0.913,STRING
CACNG3,CACNG8,9606.ENSP00000005284,9606.ENSP00000270458,0.913,STRING
BAP1,HDAC2,9606.ENSP00000417132,9606.ENSP00000430432,0.913,STRING
IFNGR1,PIK3CB,9606.ENSP00000356713,9606.ENSP00000501150,0.913,STRING
MAP2K3,MAP2K4,9606.ENSP00000345083,9606.ENSP00000410402,0.913,STRING
ESR1,AKT1,9606.ENSP00000405330,9606.ENSP00000451828,0.913,STRING
MMP13,PLG,9606.ENSP00000260302,9606.ENSP00000308938,0.913,STRING
ITGB2,PIK3CB,9606.ENSP00000380948,9606.ENSP00000501150,0.913,STRING
NTRK1,PGF,9606.ENSP00000431418,9606.ENSP00000451040,0.913,STRING
MYH9,MYH6,9606.ENSP00000216181,9606.ENSP00000386041,0.913,STRING
CD19,CD8A,9606.ENSP00000313419,9606.ENSP00000386559,0.913,STRING
APOA1,B2M,9606.ENSP00000236850,9606.ENSP00000497910,0.913,STRING
NTRK3,PLCG2,9606.ENSP00000354207,9606.ENSP00000482457,0.912,STRING
MAPK1,THRB,9606.ENSP00000215832,9606.ENSP00000379904,0.912,STRING
CHRNA1,CHRNB1,9606.ENSP00000261007,9606.ENSP00000304290,0.912,STRING
CAV1,PTEN,9606.ENSP00000339191,9606.ENSP00000361021,0.912,STRING
CACNG3,CACNB1,9606.ENSP00000005284,9606.ENSP00000377840,0.912,STRING
CACNG2,CACNA1A,9606.ENSP00000300105,9606.ENSP00000489829,0.912,STRING
CACNG2,CACNA2D1,9606.ENSP00000300105,9606.ENSP00000349320,0.912,STRING
IL5,IL2RA,9606.ENSP00000231454,9606.ENSP00000369293,0.912,STRING
CYP11B1,CYP11B2,9606.ENSP00000292427,9606.ENSP00000325822,0.912,STRING
CD38,RYR1,9606.ENSP00000226279,9606.ENSP00000352608,0.912,STRING
ACE,ALB,9606.ENSP00000290866,9606.ENSP00000295897,0.912,STRING
FLT4,FGF10,9606.ENSP00000261937,9606.ENSP00000264664,0.912,STRING
FOXP3,CD274,9606.ENSP00000365380,9606.ENSP00000370989,0.912,STRING
KCNJ11,GABBR1,9606.ENSP00000345708,9606.ENSP00000366233,0.912,STRING
P2RY12,CYP2C19,9606.ENSP00000307259,9606.ENSP00000360372,0.912,STRING
CSK,LCK,9606.ENSP00000220003,9606.ENSP00000477713,0.912,STRING
EWSR1,FLI1,9606.ENSP00000400142,9606.ENSP00000433488,0.912,STRING
TBX5,MYH6,9606.ENSP00000309913,9606.ENSP00000386041,0.912,STRING
POLG,PRIM2,9606.ENSP00000399851,9606.ENSP00000484105,0.912,STRING
PALB2,MT-ND4L,9606.ENSP00000261584,9606.ENSP00000354728,0.912,STRING
CACNG6,CACNG8,9606.ENSP00000252729,9606.ENSP00000270458,0.912,STRING
AXIN1,AKT1,9606.ENSP00000262320,9606.ENSP00000451828,0.912,STRING
SMAD4,PTEN,9606.ENSP00000341551,9606.ENSP00000361021,0.912,STRING
ERCC4,FANCA,9606.ENSP00000310520,9606.ENSP00000373952,0.912,STRING
PPP3CA,PLCG2,9606.ENSP00000378323,9606.ENSP00000482457,0.912,STRING
AXIN1,TCF7L2,9606.ENSP00000262320,9606.ENSP00000486891,0.912,STRING
BCHE,ALB,9606.ENSP00000264381,9606.ENSP00000295897,0.912,STRING
MITF,PAX6,9606.ENSP00000391803,9606.ENSP00000492024,0.911,STRING
TLR9,BTK,9606.ENSP00000353874,9606.ENSP00000483570,0.911,STRING
INSR,PRKCB,9606.ENSP00000303830,9606.ENSP00000496129,0.911,STRING
PDE1B,PDE1A,9606.ENSP00000243052,9606.ENSP00000410309,0.911,STRING
PSMB9,ADRM1,9606.ENSP00000363993,9606.ENSP00000478877,0.911,STRING
IL2RG,RHOA,9606.ENSP00000363318,9606.ENSP00000400175,0.911,STRING
SDHD,NDUFS1,9606.ENSP00000364699,9606.ENSP00000392709,0.911,STRING
STAT3,HCK,9606.ENSP00000264657,9606.ENSP00000365012,0.911,STRING
IFNGR1,PIK3CD,9606.ENSP00000356713,9606.ENSP00000366563,0.911,STRING
IL4,GATA3,9606.ENSP00000231449,9606.ENSP00000368632,0.911,STRING
FGFR2,PLCG2,9606.ENSP00000410294,9606.ENSP00000482457,0.911,STRING
CALM3,SLC26A3,9606.ENSP00000291295,9606.ENSP00000345873,0.911,STRING
PDE1A,ENPP1,9606.ENSP00000410309,9606.ENSP00000498074,0.911,STRING
ESR2,CACNA1I,9606.ENSP00000343925,9606.ENSP00000385019,0.911,STRING
SMO,CSNK1E,9606.ENSP00000249373,9606.ENSP00000380044,0.911,STRING
GABBR2,KCNJ5,9606.ENSP00000259455,9606.ENSP00000433295,0.911,STRING
GSK3A,MAPT,9606.ENSP00000222330,9606.ENSP00000340820,0.911,STRING
HDAC1,GATA3,9606.ENSP00000362649,9606.ENSP00000368632,0.911,STRING
TLR2,CD40,9606.ENSP00000260010,9606.ENSP00000361359,0.911,STRING
GNAS,FPR1,9606.ENSP00000360141,9606.ENSP00000471493,0.911,STRING
CACNB2,CACNA1B,9606.ENSP00000320025,9606.ENSP00000360423,0.911,STRING
PGR,PIK3CD,9606.ENSP00000325120,9606.ENSP00000366563,0.911,STRING
ARID2,BCL11B,9606.ENSP00000335044,9606.ENSP00000349723,0.911,STRING
MAPK1,TBX3,9606.ENSP00000215832,9606.ENSP00000257566,0.911,STRING
INSR,KL,9606.ENSP00000303830,9606.ENSP00000369442,0.911,STRING
KCNJ2,EDNRA,9606.ENSP00000243457,9606.ENSP00000315011,0.911,STRING
RARB,RARG,9606.ENSP00000332296,9606.ENSP00000388510,0.911,STRING
FLT1,PDGFB,9606.ENSP00000282397,9606.ENSP00000330382,0.911,STRING
LCK,CTLA4,9606.ENSP00000477713,9606.ENSP00000497102,0.911,STRING
AKR1B1,AKR1C3,9606.ENSP00000285930,9606.ENSP00000369927,0.911,STRING
IL23R,STAT4,9606.ENSP00000321345,9606.ENSP00000351255,0.911,STRING
NDUFC2,NDUFAF4,9606.ENSP00000281031,9606.ENSP00000358272,0.911,STRING
IFNG,IL2RG,9606.ENSP00000229135,9606.ENSP00000363318,0.91,STRING
CHRNB4,CHRNB2,9606.ENSP00000261751,9606.ENSP00000357461,0.91,STRING
GABBR2,KCNJ11,9606.ENSP00000259455,9606.ENSP00000345708,0.91,STRING
EGFR,CDKN2A,9606.ENSP00000275493,9606.ENSP00000418915,0.91,STRING
KMT2D,PRKAA1,9606.ENSP00000301067,9606.ENSP00000346148,0.91,STRING
CACNA1C,PRNP,9606.ENSP00000266376,9606.ENSP00000399376,0.91,STRING
EGR2,MBP,9606.ENSP00000242480,9606.ENSP00000380958,0.91,STRING
NTRK2,ABL1,9606.ENSP00000277120,9606.ENSP00000361423,0.91,STRING
MSH2,ATR,9606.ENSP00000233146,9606.ENSP00000343741,0.91,STRING
FYN,CTLA4,9606.ENSP00000346671,9606.ENSP00000497102,0.91,STRING
SLC6A4,DRD2,9606.ENSP00000261707,9606.ENSP00000354859,0.91,STRING
IL2RA,RHOA,9606.ENSP00000369293,9606.ENSP00000400175,0.91,STRING
PDE8A,ENPP1,9606.ENSP00000378056,9606.ENSP00000498074,0.91,STRING
NKX2-5,SMARCA4,9606.ENSP00000327758,9606.ENSP00000343896,0.91,STRING
PTPN22,CD8A,9606.ENSP00000352833,9606.ENSP00000386559,0.91,STRING
PLCG2,IGF1R,9606.ENSP00000482457,9606.ENSP00000497069,0.91,STRING
MAPK14,NEFL,9606.ENSP00000229795,9606.ENSP00000482169,0.91,STRING
PDE1C,ENPP1,9606.ENSP00000379496,9606.ENSP00000498074,0.91,STRING
IL6R,PLCG2,9606.ENSP00000357470,9606.ENSP00000482457,0.91,STRING
CBL,CTNNB1,9606.ENSP00000264033,9606.ENSP00000495360,0.91,STRING
HMGCR,PCSK9,9606.ENSP00000287936,9606.ENSP00000303208,0.91,STRING
CALM3,GRIN2B,9606.ENSP00000291295,9606.ENSP00000477455,0.91,STRING
PDE4D,ENPP1,9606.ENSP00000345502,9606.ENSP00000498074,0.91,STRING
GABBR1,KCNJ5,9606.ENSP00000366233,9606.ENSP00000433295,0.91,STRING
F2,EDNRB,9606.ENSP00000308541,9606.ENSP00000366416,0.91,STRING
PRKCE,BRAF,9606.ENSP00000306124,9606.ENSP00000419060,0.91,STRING
CACNG3,CACNA1C,9606.ENSP00000005284,9606.ENSP00000266376,0.91,STRING
LEPR,PTPN11,9606.ENSP00000330393,9606.ENSP00000489597,0.91,STRING
ACHE,MAOB,9606.ENSP00000303211,9606.ENSP00000367309,0.91,STRING
IDO1,CTLA4,9606.ENSP00000430950,9606.ENSP00000497102,0.91,STRING
POLD3,POLG,9606.ENSP00000263681,9606.ENSP00000399851,0.91,STRING
CHRM3,CHRM1,9606.ENSP00000255380,9606.ENSP00000306490,0.91,STRING
CACNG6,CACNB3,9606.ENSP00000252729,9606.ENSP00000301050,0.909,STRING
FBN1,FBN2,9606.ENSP00000325527,9606.ENSP00000424571,0.909,STRING
FLT4,FGF9,9606.ENSP00000261937,9606.ENSP00000371790,0.909,STRING
EZH2,SMARCA4,9606.ENSP00000320147,9606.ENSP00000343896,0.909,STRING
GRIN1,CALM2,9606.ENSP00000360608,9606.ENSP00000499797,0.909,STRING
NOS3,PLCG2,9606.ENSP00000297494,9606.ENSP00000482457,0.909,STRING
PALB2,NDUFS5,9606.ENSP00000261584,9606.ENSP00000362058,0.909,STRING
INS,ABCC8,9606.ENSP00000380432,9606.ENSP00000494321,0.909,STRING
RARA,CEBPA,9606.ENSP00000254066,9606.ENSP00000427514,0.909,STRING
IL4,IL23R,9606.ENSP00000231449,9606.ENSP00000321345,0.909,STRING
SLC5A2,DPP4,9606.ENSP00000327943,9606.ENSP00000353731,0.909,STRING
SLC5A2,GLP1R,9606.ENSP00000327943,9606.ENSP00000362353,0.909,STRING
NOD2,IL23R,9606.ENSP00000300589,9606.ENSP00000321345,0.909,STRING
SCN3A,SCN4A,9606.ENSP00000283254,9606.ENSP00000396320,0.909,STRING
ADRA1D,ADRA1A,9606.ENSP00000368766,9606.ENSP00000369960,0.909,STRING
EPOR,PIK3R1,9606.ENSP00000222139,9606.ENSP00000428056,0.909,STRING
FOXP3,TNF,9606.ENSP00000365380,9606.ENSP00000398698,0.909,STRING
CACNA1S,HTR2A,9606.ENSP00000355192,9606.ENSP00000437737,0.909,STRING
FLT1,PIK3R1,9606.ENSP00000282397,9606.ENSP00000428056,0.909,STRING
IRAK1,IL33,9606.ENSP00000358997,9606.ENSP00000370842,0.909,STRING
HDAC1,FOXP3,9606.ENSP00000362649,9606.ENSP00000365380,0.909,STRING
PSMD3,PSMB8,9606.ENSP00000264639,9606.ENSP00000364016,0.909,STRING
BRAF,PRKCB,9606.ENSP00000419060,9606.ENSP00000496129,0.909,STRING
STAT3,SMAD3,9606.ENSP00000264657,9606.ENSP00000332973,0.909,STRING
SF3B1,SRSF2,9606.ENSP00000335321,9606.ENSP00000376276,0.909,STRING
CD4,CCR2,9606.ENSP00000011653,9606.ENSP00000292301,0.909,STRING
CD80,FOXP3,9606.ENSP00000264246,9606.ENSP00000365380,0.909,STRING
TP53,ABL1,9606.ENSP00000269305,9606.ENSP00000361423,0.909,STRING
MAPK3,ATP1B1,9606.ENSP00000263025,9606.ENSP00000356790,0.908,STRING
HTR2B,CACNA1D,9606.ENSP00000258400,9606.ENSP00000288139,0.908,STRING
PAX8,RXRG,9606.ENSP00000263334,9606.ENSP00000352900,0.908,STRING
GUCY1A1,ENPP1,9606.ENSP00000296518,9606.ENSP00000498074,0.908,STRING
GJA1,TUBA1B,9606.ENSP00000282561,9606.ENSP00000336799,0.908,STRING
CACNG3,CACNG6,9606.ENSP00000005284,9606.ENSP00000252729,0.908,STRING
PTEN,MYC,9606.ENSP00000361021,9606.ENSP00000478887,0.908,STRING
IFNAR1,IL10,9606.ENSP00000270139,9606.ENSP00000412237,0.908,STRING
ITK,CD3G,9606.ENSP00000398655,9606.ENSP00000431445,0.908,STRING
NOS3,CALM2,9606.ENSP00000297494,9606.ENSP00000499797,0.908,STRING
IL18,TLR4,9606.ENSP00000280357,9606.ENSP00000363089,0.908,STRING
NOS3,CAMK1D,9606.ENSP00000297494,9606.ENSP00000478874,0.908,STRING
PHEX,ENPP1,9606.ENSP00000368682,9606.ENSP00000498074,0.908,STRING
FLT1,PIK3CB,9606.ENSP00000282397,9606.ENSP00000501150,0.908,STRING
CD80,TNF,9606.ENSP00000264246,9606.ENSP00000398698,0.908,STRING
TP53,AURKB,9606.ENSP00000269305,9606.ENSP00000313950,0.908,STRING
NTRK1,PLCG2,9606.ENSP00000431418,9606.ENSP00000482457,0.908,STRING
PIK3CA,THRB,9606.ENSP00000263967,9606.ENSP00000379904,0.908,STRING
PIK3CA,FGFR2,9606.ENSP00000263967,9606.ENSP00000410294,0.908,STRING
CHRM1,CHRM2,9606.ENSP00000306490,9606.ENSP00000399745,0.908,STRING
EPAS1,CA9,9606.ENSP00000263734,9606.ENSP00000367608,0.908,STRING
IL4,IL33,9606.ENSP00000231449,9606.ENSP00000370842,0.908,STRING
CAV1,RAC1,9606.ENSP00000339191,9606.ENSP00000348461,0.908,STRING
NFKB1,TNFAIP3,9606.ENSP00000226574,9606.ENSP00000481570,0.908,STRING
SCNN1B,SCN1B,9606.ENSP00000345751,9606.ENSP00000396915,0.908,STRING
CHRND,CHRNB1,9606.ENSP00000258385,9606.ENSP00000304290,0.908,STRING
PDE3A,ENPP1,9606.ENSP00000351957,9606.ENSP00000498074,0.908,STRING
AR,BRCA1,9606.ENSP00000363822,9606.ENSP00000418960,0.908,STRING
HGF,FLT1,9606.ENSP00000222390,9606.ENSP00000282397,0.908,STRING
PTK2,PRKCB,9606.ENSP00000341189,9606.ENSP00000496129,0.908,STRING
FYN,NCAM1,9606.ENSP00000346671,9606.ENSP00000480132,0.908,STRING
RAF1,PRKCB,9606.ENSP00000401888,9606.ENSP00000496129,0.908,STRING
BMP4,ACVRL1,9606.ENSP00000245451,9606.ENSP00000373574,0.908,STRING
PDE4A,ENPP1,9606.ENSP00000370078,9606.ENSP00000498074,0.907,STRING
TNF,AKT1,9606.ENSP00000398698,9606.ENSP00000451828,0.907,STRING
NKX2-5,TNNT2,9606.ENSP00000327758,9606.ENSP00000499593,0.907,STRING
IFNG,STAT3,9606.ENSP00000229135,9606.ENSP00000264657,0.907,STRING
GRIN1,GRIA1,9606.ENSP00000360608,9606.ENSP00000428994,0.907,STRING
GUCY1B1,ENPP1,9606.ENSP00000426786,9606.ENSP00000498074,0.907,STRING
MSH6,NBN,9606.ENSP00000234420,9606.ENSP00000265433,0.907,STRING
STAT3,CSF3R,9606.ENSP00000264657,9606.ENSP00000362195,0.907,STRING
CYP27B1,FGF23,9606.ENSP00000228606,9606.ENSP00000237837,0.907,STRING
CD40LG,CD8A,9606.ENSP00000359663,9606.ENSP00000386559,0.907,STRING
BDNF,IGF1R,9606.ENSP00000414303,9606.ENSP00000497069,0.907,STRING
LYN,GRIA1,9606.ENSP00000428924,9606.ENSP00000428994,0.907,STRING
PAX5,PRDM1,9606.ENSP00000350844,9606.ENSP00000358092,0.907,STRING
TBX3,SOX2,9606.ENSP00000257566,9606.ENSP00000323588,0.907,STRING
KCNN2,PRKCB,9606.ENSP00000264773,9606.ENSP00000496129,0.907,STRING
BRIP1,FANCA,9606.ENSP00000259008,9606.ENSP00000373952,0.907,STRING
PDE8B,ENPP1,9606.ENSP00000264917,9606.ENSP00000498074,0.907,STRING
CAV1,TGFBR1,9606.ENSP00000339191,9606.ENSP00000447297,0.907,STRING
NPR1,ENPP1,9606.ENSP00000357669,9606.ENSP00000498074,0.907,STRING
ERBB2,HRAS,9606.ENSP00000269571,9606.ENSP00000407586,0.907,STRING
F2,EDNRA,9606.ENSP00000308541,9606.ENSP00000315011,0.907,STRING
PRKCQ,PRKCE,9606.ENSP00000263125,9606.ENSP00000306124,0.907,STRING
ADORA3,ADORA1,9606.ENSP00000241356,9606.ENSP00000356205,0.907,STRING
CACNG4,GRIA2,9606.ENSP00000262138,9606.ENSP00000296526,0.907,STRING
THRB,PIK3CB,9606.ENSP00000379904,9606.ENSP00000501150,0.907,STRING
ADRB3,ADRB1,9606.ENSP00000343782,9606.ENSP00000358301,0.907,STRING
ADA,ADORA2A,9606.ENSP00000361965,9606.ENSP00000480012,0.907,STRING
NTRK2,PLCG2,9606.ENSP00000277120,9606.ENSP00000482457,0.907,STRING
GRIA2,CACNG5,9606.ENSP00000296526,9606.ENSP00000436836,0.907,STRING
ABL1,EPHB6,9606.ENSP00000361423,9606.ENSP00000481994,0.907,STRING
SORT1,NTRK3,9606.ENSP00000256637,9606.ENSP00000354207,0.907,STRING
EP300,STAT5B,9606.ENSP00000263253,9606.ENSP00000293328,0.907,STRING
RBX1,POLE2,9606.ENSP00000216225,9606.ENSP00000216367,0.907,STRING
SCN1B,SCN11A,9606.ENSP00000396915,9606.ENSP00000499569,0.907,STRING
STAT3,AR,9606.ENSP00000264657,9606.ENSP00000363822,0.907,STRING
HDAC4,RANBP2,9606.ENSP00000264606,9606.ENSP00000283195,0.907,STRING
SMARCB1,MYC,9606.ENSP00000340883,9606.ENSP00000478887,0.906,STRING
STAT3,IFNAR1,9606.ENSP00000264657,9606.ENSP00000270139,0.906,STRING
TYK2,JAK3,9606.ENSP00000431885,9606.ENSP00000432511,0.906,STRING
STAT3,HDAC2,9606.ENSP00000264657,9606.ENSP00000430432,0.906,STRING
BCL2,BCL6,9606.ENSP00000381185,9606.ENSP00000384371,0.906,STRING
HIF1A,PTK6,9606.ENSP00000437955,9606.ENSP00000442460,0.906,STRING
SMAD4,BMPR1B,9606.ENSP00000341551,9606.ENSP00000401907,0.906,STRING
DPP4,INS,9606.ENSP00000353731,9606.ENSP00000380432,0.906,STRING
PAX8,RXRA,9606.ENSP00000263334,9606.ENSP00000419692,0.906,STRING
NPC1L1,ABCG5,9606.ENSP00000289547,9606.ENSP00000384513,0.906,STRING
APOA1,INS,9606.ENSP00000236850,9606.ENSP00000380432,0.906,STRING
SLC6A3,DRD1,9606.ENSP00000270349,9606.ENSP00000377353,0.906,STRING
NDUFA10,NDUFAF4,9606.ENSP00000252711,9606.ENSP00000358272,0.906,STRING
PPARG,ARID1B,9606.ENSP00000287820,9606.ENSP00000490491,0.906,STRING
HGF,FGFR2,9606.ENSP00000222390,9606.ENSP00000410294,0.906,STRING
PBRM1,SETD2,9606.ENSP00000386593,9606.ENSP00000386759,0.906,STRING
CACNG4,CACNG8,9606.ENSP00000262138,9606.ENSP00000270458,0.906,STRING
HDAC3,HDAC2,9606.ENSP00000302967,9606.ENSP00000430432,0.906,STRING
RBX1,LZTR1,9606.ENSP00000216225,9606.ENSP00000496779,0.906,STRING
GSK3B,PTEN,9606.ENSP00000324806,9606.ENSP00000361021,0.906,STRING
RBX1,POLE,9606.ENSP00000216225,9606.ENSP00000322570,0.906,STRING
AHR,ESR1,9606.ENSP00000242057,9606.ENSP00000405330,0.906,STRING
CACNA1B,PRNP,9606.ENSP00000360423,9606.ENSP00000399376,0.906,STRING
SCNN1G,SCN4A,9606.ENSP00000300061,9606.ENSP00000396320,0.906,STRING
INS,PAX6,9606.ENSP00000380432,9606.ENSP00000492024,0.906,STRING
CRP,MBL2,9606.ENSP00000255030,9606.ENSP00000363079,0.906,STRING
CRP,F2,9606.ENSP00000255030,9606.ENSP00000308541,0.906,STRING
F8,SERPINC1,9606.ENSP00000353393,9606.ENSP00000356671,0.906,STRING
PDGFRB,PGF,9606.ENSP00000261799,9606.ENSP00000451040,0.905,STRING
AQP2,SLC12A1,9606.ENSP00000199280,9606.ENSP00000495332,0.905,STRING
PSMB2,PSMB11,9606.ENSP00000362334,9606.ENSP00000386212,0.905,STRING
MAPK3,IL6,9606.ENSP00000263025,9606.ENSP00000385675,0.905,STRING
CALM3,ATP2B2,9606.ENSP00000291295,9606.ENSP00000353414,0.905,STRING
GRM1,GNAS,9606.ENSP00000282753,9606.ENSP00000360141,0.905,STRING
GRM1,GABBR1,9606.ENSP00000282753,9606.ENSP00000366233,0.905,STRING
EIF2AK4,CHUK,9606.ENSP00000263791,9606.ENSP00000359424,0.905,STRING
HTR2C,CACNA1F,9606.ENSP00000276198,9606.ENSP00000365441,0.905,STRING
TP53,AR,9606.ENSP00000269305,9606.ENSP00000363822,0.905,STRING
BARD1,BCOR,9606.ENSP00000260947,9606.ENSP00000367705,0.905,STRING
LYN,LCK,9606.ENSP00000428924,9606.ENSP00000477713,0.905,STRING
HTR2C,CACNA1S,9606.ENSP00000276198,9606.ENSP00000355192,0.905,STRING
NR3C1,NTRK2,9606.ENSP00000231509,9606.ENSP00000277120,0.905,STRING
CACNG3,CACNG4,9606.ENSP00000005284,9606.ENSP00000262138,0.905,STRING
RARA,RUNX1,9606.ENSP00000254066,9606.ENSP00000300305,0.905,STRING
STAT3,ERBB3,9606.ENSP00000264657,9606.ENSP00000267101,0.905,STRING
NTRK2,SH2B3,9606.ENSP00000277120,9606.ENSP00000345492,0.905,STRING
PSMB1,PSMB11,9606.ENSP00000262193,9606.ENSP00000386212,0.905,STRING
PDE3B,ENPP1,9606.ENSP00000282096,9606.ENSP00000498074,0.905,STRING
IL13,IL2RA,9606.ENSP00000304915,9606.ENSP00000369293,0.905,STRING
IL4,IL6R,9606.ENSP00000231449,9606.ENSP00000357470,0.905,STRING
SORT1,NTRK1,9606.ENSP00000256637,9606.ENSP00000431418,0.905,STRING
AXIN1,TP53,9606.ENSP00000262320,9606.ENSP00000269305,0.905,STRING
ADH1B,AWAT2,9606.ENSP00000306606,9606.ENSP00000421172,0.905,STRING
TACR1,GNAS,9606.ENSP00000303522,9606.ENSP00000360141,0.905,STRING
CACNB2,SCN5A,9606.ENSP00000320025,9606.ENSP00000328968,0.905,STRING
NDUFAF4,NDUFA6,9606.ENSP00000358272,9606.ENSP00000482543,0.905,STRING
CACNA1D,PRNP,9606.ENSP00000288139,9606.ENSP00000399376,0.905,STRING
MAPK1,ATP1B1,9606.ENSP00000215832,9606.ENSP00000356790,0.905,STRING
CFTR,PRKAG2,9606.ENSP00000003084,9606.ENSP00000287878,0.905,STRING
CHRM1,CHRM5,9606.ENSP00000306490,9606.ENSP00000372750,0.905,STRING
PLG,DPP4,9606.ENSP00000308938,9606.ENSP00000353731,0.904,STRING
CEBPA,MYC,9606.ENSP00000427514,9606.ENSP00000478887,0.904,STRING
WFS1,ATP1B1,9606.ENSP00000226760,9606.ENSP00000356790,0.904,STRING
PLK4,TOP2A,9606.ENSP00000270861,9606.ENSP00000411532,0.904,STRING
GJA1,TUBA3E,9606.ENSP00000282561,9606.ENSP00000318197,0.904,STRING
ERBB2,NRAS,9606.ENSP00000269571,9606.ENSP00000358548,0.904,STRING
HCK,SOS1,9606.ENSP00000365012,9606.ENSP00000384675,0.904,STRING
COL1A2,MMP9,9606.ENSP00000297268,9606.ENSP00000361405,0.904,STRING
CCND1,ERBB2,9606.ENSP00000227507,9606.ENSP00000269571,0.904,STRING
ACE2,FURIN,9606.ENSP00000389326,9606.ENSP00000483552,0.904,STRING
FBLN1,HSPG2,9606.ENSP00000331544,9606.ENSP00000363827,0.904,STRING
KRAS,AKT1,9606.ENSP00000256078,9606.ENSP00000451828,0.904,STRING
GRIA2,LYN,9606.ENSP00000296526,9606.ENSP00000428924,0.904,STRING
PSMD11,PSMB10,9606.ENSP00000261712,9606.ENSP00000351314,0.904,STRING
SMAD2,ZEB1,9606.ENSP00000262160,9606.ENSP00000354487,0.904,STRING
EP300,ATM,9606.ENSP00000263253,9606.ENSP00000278616,0.904,STRING
EPOR,LYN,9606.ENSP00000222139,9606.ENSP00000428924,0.904,STRING
PDGFRB,FGF10,9606.ENSP00000261799,9606.ENSP00000264664,0.904,STRING
PSMD4,PSMB11,9606.ENSP00000357876,9606.ENSP00000386212,0.904,STRING
CREBBP,CDKN1A,9606.ENSP00000262367,9606.ENSP00000384849,0.904,STRING
CDH1,RPS27A,9606.ENSP00000261769,9606.ENSP00000272317,0.904,STRING
RHOA,AKT1,9606.ENSP00000400175,9606.ENSP00000451828,0.904,STRING
IL2RB,RHOA,9606.ENSP00000216223,9606.ENSP00000400175,0.904,STRING
POLE3,POLG,9606.ENSP00000363286,9606.ENSP00000399851,0.904,STRING
PMS2,MUTYH,9606.ENSP00000265849,9606.ENSP00000500891,0.904,STRING
BCOR,BRCA1,9606.ENSP00000367705,9606.ENSP00000418960,0.904,STRING
GABBR1,CASR,9606.ENSP00000366233,9606.ENSP00000420194,0.904,STRING
NDUFA4,NDUFA4L2,9606.ENSP00000339720,9606.ENSP00000377411,0.904,STRING
SRC,TNF,9606.ENSP00000362680,9606.ENSP00000398698,0.904,STRING
SRC,ITGB2,9606.ENSP00000362680,9606.ENSP00000380948,0.904,STRING
ESR1,HDAC2,9606.ENSP00000405330,9606.ENSP00000430432,0.903,STRING
EGFR,RHOA,9606.ENSP00000275493,9606.ENSP00000400175,0.903,STRING
EGFR,EPHA2,9606.ENSP00000275493,9606.ENSP00000351209,0.903,STRING
SLC26A3,CALM1,9606.ENSP00000345873,9606.ENSP00000499717,0.903,STRING
CDH1,AKT1,9606.ENSP00000261769,9606.ENSP00000451828,0.903,STRING
TGFB1,IL17A,9606.ENSP00000221930,9606.ENSP00000497968,0.903,STRING
GLP1R,INS,9606.ENSP00000362353,9606.ENSP00000380432,0.903,STRING
ATP1B2,MAPK3,9606.ENSP00000250111,9606.ENSP00000263025,0.903,STRING
KRAS,CSF2RB,9606.ENSP00000256078,9606.ENSP00000384053,0.903,STRING
SLC26A3,CALM2,9606.ENSP00000345873,9606.ENSP00000499797,0.903,STRING
CD8A,CXCR4,9606.ENSP00000386559,9606.ENSP00000386884,0.903,STRING
PSMD11,PSMB8,9606.ENSP00000261712,9606.ENSP00000364016,0.903,STRING
STAT3,SOX2,9606.ENSP00000264657,9606.ENSP00000323588,0.903,STRING
STAT3,BCL6,9606.ENSP00000264657,9606.ENSP00000384371,0.903,STRING
HDAC1,CDKN1A,9606.ENSP00000362649,9606.ENSP00000384849,0.903,STRING
MAPK1,ATP1B2,9606.ENSP00000215832,9606.ENSP00000250111,0.903,STRING
RET,SDHD,9606.ENSP00000347942,9606.ENSP00000364699,0.903,STRING
CHRNA4,JAK2,9606.ENSP00000359285,9606.ENSP00000371067,0.903,STRING
APC,TBL1XR1,9606.ENSP00000257430,9606.ENSP00000405574,0.903,STRING
IL2,CD80,9606.ENSP00000226730,9606.ENSP00000264246,0.903,STRING
SCNN1G,SCN1B,9606.ENSP00000300061,9606.ENSP00000396915,0.903,STRING
APC,LRP5,9606.ENSP00000257430,9606.ENSP00000294304,0.903,STRING
CD86,FOXP3,9606.ENSP00000332049,9606.ENSP00000365380,0.903,STRING
IKZF1,RUNX3,9606.ENSP00000331614,9606.ENSP00000382800,0.903,STRING
TP53,PSMC5,9606.ENSP00000269305,9606.ENSP00000310572,0.903,STRING
GUCY1A2,ENPP1,9606.ENSP00000282249,9606.ENSP00000498074,0.903,STRING
COL4A5,COL4A3,9606.ENSP00000331902,9606.ENSP00000379823,0.903,STRING
VWF,ANGPT2,9606.ENSP00000261405,9606.ENSP00000314897,0.903,STRING
NF1,BRAF,9606.ENSP00000351015,9606.ENSP00000419060,0.903,STRING
APOB,NPC1L1,9606.ENSP00000233242,9606.ENSP00000289547,0.903,STRING
TERT,AKT1,9606.ENSP00000309572,9606.ENSP00000451828,0.903,STRING
GJA1,TUBA1C,9606.ENSP00000282561,9606.ENSP00000443475,0.903,STRING
LEPR,IL6,9606.ENSP00000330393,9606.ENSP00000385675,0.902,STRING
MAPK1,ATP1B3,9606.ENSP00000215832,9606.ENSP00000286371,0.902,STRING
LYN,GRIA3,9606.ENSP00000428924,9606.ENSP00000481554,0.902,STRING
MAPK3,ATP1B3,9606.ENSP00000263025,9606.ENSP00000286371,0.902,STRING
COL4A5,COL4A4,9606.ENSP00000331902,9606.ENSP00000379866,0.902,STRING
PTPN11,CTNNB1,9606.ENSP00000489597,9606.ENSP00000495360,0.902,STRING
SLC47A1,SLC22A2,9606.ENSP00000270570,9606.ENSP00000355920,0.902,STRING
ANK1,TRPV1,9606.ENSP00000265709,9606.ENSP00000459962,0.902,STRING
PRKCE,PLA2G6,9606.ENSP00000306124,9606.ENSP00000333142,0.902,STRING
ATP1A4,ATP1A1,9606.ENSP00000357060,9606.ENSP00000445306,0.902,STRING
HTR2B,CACNA1S,9606.ENSP00000258400,9606.ENSP00000355192,0.902,STRING
EP300,KDM6A,9606.ENSP00000263253,9606.ENSP00000367203,0.902,STRING
EP300,CEBPA,9606.ENSP00000263253,9606.ENSP00000427514,0.902,STRING
CD4,TLR4,9606.ENSP00000011653,9606.ENSP00000363089,0.902,STRING
CCND1,NOTCH1,9606.ENSP00000227507,9606.ENSP00000498587,0.902,STRING
CACNA1F,PRKCB,9606.ENSP00000365441,9606.ENSP00000496129,0.902,STRING
CACNA1F,PRNP,9606.ENSP00000365441,9606.ENSP00000399376,0.902,STRING
CACNG6,CACNA1F,9606.ENSP00000252729,9606.ENSP00000365441,0.902,STRING
CACNA1S,PRKCB,9606.ENSP00000355192,9606.ENSP00000496129,0.902,STRING
CD274,IDO1,9606.ENSP00000370989,9606.ENSP00000430950,0.902,STRING
TP53,TERT,9606.ENSP00000269305,9606.ENSP00000309572,0.902,STRING
APOA1,FGA,9606.ENSP00000236850,9606.ENSP00000498441,0.902,STRING
PAX8,RXRB,9606.ENSP00000263334,9606.ENSP00000363817,0.902,STRING
IL4R,TYK2,9606.ENSP00000379111,9606.ENSP00000431885,0.902,STRING
FDX1,MT-ND3,9606.ENSP00000260270,9606.ENSP00000355206,0.902,STRING
SLC2A1,HIF1A,9606.ENSP00000416293,9606.ENSP00000437955,0.902,STRING
CHRNA3,JAK2,9606.ENSP00000315602,9606.ENSP00000371067,0.902,STRING
CDKN2C,CDKN1A,9606.ENSP00000262662,9606.ENSP00000384849,0.902,STRING
APP,ALB,9606.ENSP00000284981,9606.ENSP00000295897,0.901,STRING
GCK,HNF1A,9606.ENSP00000223366,9606.ENSP00000438804,0.901,STRING
CDH1,SLC6A3,9606.ENSP00000261769,9606.ENSP00000270349,0.901,STRING
CD40,IL10,9606.ENSP00000361359,9606.ENSP00000412237,0.901,STRING
CSF2RB,HRAS,9606.ENSP00000384053,9606.ENSP00000407586,0.901,STRING
PIK3CA,THRA,9606.ENSP00000263967,9606.ENSP00000264637,0.901,STRING
GABBR2,GABRA1,9606.ENSP00000259455,9606.ENSP00000393097,0.901,STRING
NDUFA7,NDUFAF3,9606.ENSP00000301457,9606.ENSP00000323076,0.901,STRING
CALM3,GRIN2A,9606.ENSP00000291295,9606.ENSP00000332549,0.901,STRING
MAPK3,FXYD2,9606.ENSP00000263025,9606.ENSP00000292079,0.901,STRING
SMARCB1,KMT2A,9606.ENSP00000340883,9606.ENSP00000436786,0.901,STRING
MAPK1,FXYD2,9606.ENSP00000215832,9606.ENSP00000292079,0.901,STRING
PRDM1,HDAC2,9606.ENSP00000358092,9606.ENSP00000430432,0.901,STRING
NBN,BRCA2,9606.ENSP00000265433,9606.ENSP00000369497,0.901,STRING
IL2,IL23R,9606.ENSP00000226730,9606.ENSP00000321345,0.901,STRING
CACNG6,CACNA1C,9606.ENSP00000252729,9606.ENSP00000266376,0.901,STRING
CACNG6,CACNA2D4,9606.ENSP00000252729,9606.ENSP00000372169,0.901,STRING
CACNG6,CACNA1D,9606.ENSP00000252729,9606.ENSP00000288139,0.901,STRING
F8,PROS1,9606.ENSP00000353393,9606.ENSP00000377783,0.901,STRING
RUNX2,SPP1,9606.ENSP00000360493,9606.ENSP00000378517,0.901,STRING
NRAS,CSF2RB,9606.ENSP00000358548,9606.ENSP00000384053,0.901,STRING
PIK3CA,CTNNB1,9606.ENSP00000263967,9606.ENSP00000495360,0.901,STRING
GRIA2,GRIN1,9606.ENSP00000296526,9606.ENSP00000360608,0.901,STRING
EBP,KCNH6,9606.ENSP00000417052,9606.ENSP00000463533,0.901,STRING
STAT5B,EZH2,9606.ENSP00000293328,9606.ENSP00000320147,0.901,STRING
PSMC1,RB1,9606.ENSP00000261303,9606.ENSP00000267163,0.901,STRING
THRA,PIK3CB,9606.ENSP00000264637,9606.ENSP00000501150,0.9,STRING
THRA,PIK3CD,9606.ENSP00000264637,9606.ENSP00000366563,0.9,STRING
DCC,PLCG2,9606.ENSP00000389140,9606.ENSP00000482457,0.9,STRING
CCND1,HDAC3,9606.ENSP00000227507,9606.ENSP00000302967,0.9,STRING
CACNA1S,PRNP,9606.ENSP00000355192,9606.ENSP00000399376,0.9,STRING
SOS1,BRAF,9606.ENSP00000384675,9606.ENSP00000419060,0.9,STRING
CYP11B1,MC2R,9606.ENSP00000292427,9606.ENSP00000333821,0.9,STRING
CNTNAP1,KCNA2,9606.ENSP00000264638,9606.ENSP00000487785,0.9,STRING
IL2,IL6R,9606.ENSP00000226730,9606.ENSP00000357470,0.9,STRING
PARP1,HDAC1,9606.ENSP00000355759,9606.ENSP00000362649,0.9,STRING
IL7R,JAK2,9606.ENSP00000306157,9606.ENSP00000371067,0.9,STRING
PIK3CD,THRB,9606.ENSP00000366563,9606.ENSP00000379904,0.9,STRING
CACNG8,CACNB1,9606.ENSP00000270458,9606.ENSP00000377840,0.9,STRING
CHRNB2,JAK2,9606.ENSP00000357461,9606.ENSP00000371067,0.9,STRING
CHRNB4,JAK2,9606.ENSP00000261751,9606.ENSP00000371067,0.9,STRING
STAT5B,SRC,9606.ENSP00000293328,9606.ENSP00000362680,0.9,STRING
FLT3,NRAS,9606.ENSP00000241453,9606.ENSP00000358548,0.9,STRING
PLA2G6,PRKCB,9606.ENSP00000333142,9606.ENSP00000496129,0.9,STRING
FDX1,NDUFS2,9606.ENSP00000260270,9606.ENSP00000356972,0.9,STRING
CSF2RB,JAK1,9606.ENSP00000384053,9606.ENSP00000499900,0.9,STRING
CACNG1,CACNB3,9606.ENSP00000226021,9606.ENSP00000301050,0.9,STRING
HTR2B,CACNA1F,9606.ENSP00000258400,9606.ENSP00000365441,0.9,STRING
PALB2,FANCA,9606.ENSP00000261584,9606.ENSP00000373952,0.9,STRING
CACNA1F,HTR2A,9606.ENSP00000365441,9606.ENSP00000437737,0.9,STRING
GABRG1,GABRB1,9606.ENSP00000295452,9606.ENSP00000295454,0.9,STRING
MYC,NOTCH1,9606.ENSP00000478887,9606.ENSP00000498587,0.899,STRING
EPOR,TYK2,9606.ENSP00000222139,9606.ENSP00000431885,0.899,STRING
IFNG,MYD88,9606.ENSP00000229135,9606.ENSP00000498321,0.899,STRING
IFNG,CD274,9606.ENSP00000229135,9606.ENSP00000370989,0.899,STRING
CD19,PLCG2,9606.ENSP00000313419,9606.ENSP00000482457,0.899,STRING
KRAS,CALM1,9606.ENSP00000256078,9606.ENSP00000499717,0.899,STRING
CYP11B2,AGT,9606.ENSP00000325822,9606.ENSP00000355627,0.899,STRING
CD4,GATA3,9606.ENSP00000011653,9606.ENSP00000368632,0.899,STRING
GCK,KCNJ11,9606.ENSP00000223366,9606.ENSP00000345708,0.899,STRING
IL1B,IL17F,9606.ENSP00000263341,9606.ENSP00000337432,0.899,STRING
CSF3R,IL6,9606.ENSP00000362195,9606.ENSP00000385675,0.899,STRING
NDUFAF3,NDUFAB1,9606.ENSP00000323076,9606.ENSP00000458770,0.899,STRING
IRAK1,TNF,9606.ENSP00000358997,9606.ENSP00000398698,0.899,STRING
NCOR1,DNMT1,9606.ENSP00000268712,9606.ENSP00000352516,0.899,STRING
NOD2,TLR4,9606.ENSP00000300589,9606.ENSP00000363089,0.899,STRING
PKD2,PDE4C,9606.ENSP00000237596,9606.ENSP00000469696,0.899,STRING
FOXA2,HNF1A,9606.ENSP00000400341,9606.ENSP00000438804,0.899,STRING
IL2,PRF1,9606.ENSP00000226730,9606.ENSP00000398568,0.899,STRING
TP53,EZH2,9606.ENSP00000269305,9606.ENSP00000320147,0.899,STRING
ASXL1,IDH1,9606.ENSP00000364839,9606.ENSP00000390265,0.899,STRING
RUNX3,TCF7L2,9606.ENSP00000382800,9606.ENSP00000486891,0.899,STRING
EGFR,IL10,9606.ENSP00000275493,9606.ENSP00000412237,0.899,STRING
NFKB1,CD40,9606.ENSP00000226574,9606.ENSP00000361359,0.898,STRING
ABCC9,ABCC8,9606.ENSP00000261200,9606.ENSP00000494321,0.898,STRING
INS,PPARA,9606.ENSP00000380432,9606.ENSP00000385523,0.898,STRING
RAC1,WAS,9606.ENSP00000348461,9606.ENSP00000365891,0.898,STRING
FGB,LPA,9606.ENSP00000306099,9606.ENSP00000321334,0.898,STRING
NCOR1,SPEN,9606.ENSP00000268712,9606.ENSP00000364912,0.898,STRING
FOXP3,GATA3,9606.ENSP00000365380,9606.ENSP00000368632,0.898,STRING
MSH2,PALB2,9606.ENSP00000233146,9606.ENSP00000261584,0.898,STRING
GRIA4,GRIN2A,9606.ENSP00000282499,9606.ENSP00000332549,0.898,STRING
HGF,TEK,9606.ENSP00000222390,9606.ENSP00000369375,0.898,STRING
RET,PIK3R1,9606.ENSP00000347942,9606.ENSP00000428056,0.898,STRING
CCR5,JAK2,9606.ENSP00000292303,9606.ENSP00000371067,0.898,STRING
CAV1,RHOA,9606.ENSP00000339191,9606.ENSP00000400175,0.898,STRING
IL10,MYD88,9606.ENSP00000412237,9606.ENSP00000498321,0.898,STRING
NDUFB9,NDUFAF4,9606.ENSP00000276689,9606.ENSP00000358272,0.898,STRING
TNFRSF8,TNFSF4,9606.ENSP00000263932,9606.ENSP00000281834,0.897,STRING
NTRK2,GRIN2B,9606.ENSP00000277120,9606.ENSP00000477455,0.897,STRING
BCL2,ESR1,9606.ENSP00000381185,9606.ENSP00000405330,0.897,STRING
CACNG1,CACNB2,9606.ENSP00000226021,9606.ENSP00000320025,0.897,STRING
ATM,ATRX,9606.ENSP00000278616,9606.ENSP00000362441,0.897,STRING
CALM3,CACNA1F,9606.ENSP00000291295,9606.ENSP00000365441,0.897,STRING
RUNX1,RUNX2,9606.ENSP00000300305,9606.ENSP00000360493,0.897,STRING
HMGB1,TLR7,9606.ENSP00000345347,9606.ENSP00000370034,0.897,STRING
MAPT,SRC,9606.ENSP00000340820,9606.ENSP00000362680,0.897,STRING
NDUFAF3,NDUFB3,9606.ENSP00000323076,9606.ENSP00000407336,0.897,STRING
DNMT1,ZEB1,9606.ENSP00000352516,9606.ENSP00000354487,0.897,STRING
PSMB6,PSMB11,9606.ENSP00000270586,9606.ENSP00000386212,0.897,STRING
FOXP2,FOXP1,9606.ENSP00000386200,9606.ENSP00000484803,0.897,STRING
NPM1,ASXL1,9606.ENSP00000296930,9606.ENSP00000364839,0.897,STRING
ATM,PTEN,9606.ENSP00000278616,9606.ENSP00000361021,0.897,STRING
IL4,IL18,9606.ENSP00000231449,9606.ENSP00000280357,0.897,STRING
HTR4,GNAS,9606.ENSP00000353915,9606.ENSP00000360141,0.897,STRING
APP,GSK3B,9606.ENSP00000284981,9606.ENSP00000324806,0.897,STRING
STAT3,CTNNB1,9606.ENSP00000264657,9606.ENSP00000495360,0.897,STRING
RUNX1,IL2RA,9606.ENSP00000300305,9606.ENSP00000369293,0.896,STRING
CALM3,SCN8A,9606.ENSP00000291295,9606.ENSP00000346534,0.896,STRING
RPE65,MERTK,9606.ENSP00000262340,9606.ENSP00000295408,0.896,STRING
IFNG,IL6R,9606.ENSP00000229135,9606.ENSP00000357470,0.896,STRING
EP300,KMT2D,9606.ENSP00000263253,9606.ENSP00000301067,0.896,STRING
NR3C1,ESR1,9606.ENSP00000231509,9606.ENSP00000405330,0.896,STRING
APOB,HMGCR,9606.ENSP00000233242,9606.ENSP00000287936,0.896,STRING
ALK,MYC,9606.ENSP00000373700,9606.ENSP00000478887,0.896,STRING
BRCA2,POLD1,9606.ENSP00000369497,9606.ENSP00000472445,0.896,STRING
KCNJ2,SCN5A,9606.ENSP00000243457,9606.ENSP00000328968,0.896,STRING
IL1B,INS,9606.ENSP00000263341,9606.ENSP00000380432,0.896,STRING
NPM1,MYC,9606.ENSP00000296930,9606.ENSP00000478887,0.896,STRING
IL2,JAK2,9606.ENSP00000226730,9606.ENSP00000371067,0.896,STRING
FOXP3,IRF4,9606.ENSP00000365380,9606.ENSP00000370343,0.896,STRING
GSR,GRIA4,9606.ENSP00000221130,9606.ENSP00000282499,0.896,STRING
NDUFA10,NDUFAF3,9606.ENSP00000252711,9606.ENSP00000323076,0.896,STRING
CSF3R,TYK2,9606.ENSP00000362195,9606.ENSP00000431885,0.896,STRING
CACNA1E,CACNA2D3,9606.ENSP00000356545,9606.ENSP00000419101,0.896,STRING
HRAS,AKT1,9606.ENSP00000407586,9606.ENSP00000451828,0.896,STRING
TLR9,TNF,9606.ENSP00000353874,9606.ENSP00000398698,0.896,STRING
NFKB1,AKT1,9606.ENSP00000226574,9606.ENSP00000451828,0.896,STRING
AR,AKT1,9606.ENSP00000363822,9606.ENSP00000451828,0.895,STRING
CALM3,MYBPC3,9606.ENSP00000291295,9606.ENSP00000442795,0.895,STRING
TBK1,PTPN11,9606.ENSP00000329967,9606.ENSP00000489597,0.895,STRING
ACHE,HSPG2,9606.ENSP00000303211,9606.ENSP00000363827,0.895,STRING
NFKB1,RIPK1,9606.ENSP00000226574,9606.ENSP00000259808,0.895,STRING
RUNX1,KMT2A,9606.ENSP00000300305,9606.ENSP00000436786,0.895,STRING
CYP11A1,MC2R,9606.ENSP00000268053,9606.ENSP00000333821,0.895,STRING
NDUFAF4,NDUFB6,9606.ENSP00000358272,9606.ENSP00000369176,0.895,STRING
IL2RG,IL10,9606.ENSP00000363318,9606.ENSP00000412237,0.895,STRING
TGFB1,APP,9606.ENSP00000221930,9606.ENSP00000284981,0.895,STRING
BRCA1,SEM1,9606.ENSP00000418960,9606.ENSP00000481021,0.895,STRING
PTGER4,PTGS2,9606.ENSP00000302846,9606.ENSP00000356438,0.895,STRING
CFTR,SCNN1B,9606.ENSP00000003084,9606.ENSP00000345751,0.895,STRING
PSMA2,PSMB11,9606.ENSP00000223321,9606.ENSP00000386212,0.895,STRING
TLR9,IL6,9606.ENSP00000353874,9606.ENSP00000385675,0.895,STRING
ZEB1,HDAC2,9606.ENSP00000354487,9606.ENSP00000430432,0.894,STRING
CACNG2,GRIN1,9606.ENSP00000300105,9606.ENSP00000360608,0.894,STRING
PDGFRB,IL6,9606.ENSP00000261799,9606.ENSP00000385675,0.894,STRING
ADRB3,SRC,9606.ENSP00000343782,9606.ENSP00000362680,0.894,STRING
SMAD4,RUNX2,9606.ENSP00000341551,9606.ENSP00000360493,0.894,STRING
CDH1,GSK3B,9606.ENSP00000261769,9606.ENSP00000324806,0.894,STRING
PSMD7,SEM1,9606.ENSP00000219313,9606.ENSP00000481021,0.894,STRING
CLCN2,CACNA1H,9606.ENSP00000265593,9606.ENSP00000334198,0.894,STRING
TNFSF13B,TNF,9606.ENSP00000365048,9606.ENSP00000398698,0.894,STRING
ALDH5A1,IDH2,9606.ENSP00000314649,9606.ENSP00000331897,0.894,STRING
ABCG8,NPC1L1,9606.ENSP00000272286,9606.ENSP00000289547,0.894,STRING
MSH6,PALB2,9606.ENSP00000234420,9606.ENSP00000261584,0.894,STRING
COL18A1,HSPG2,9606.ENSP00000352798,9606.ENSP00000363827,0.894,STRING
TLR2,CXCR4,9606.ENSP00000260010,9606.ENSP00000386884,0.894,STRING
ACVR2A,SMAD4,9606.ENSP00000241416,9606.ENSP00000341551,0.894,STRING
PSMC1,PSMB10,9606.ENSP00000261303,9606.ENSP00000351314,0.894,STRING
IL4,CD80,9606.ENSP00000231449,9606.ENSP00000264246,0.894,STRING
RIPK1,MYD88,9606.ENSP00000259808,9606.ENSP00000498321,0.893,STRING
CACNG2,GRIN2B,9606.ENSP00000300105,9606.ENSP00000477455,0.893,STRING
STAT3,ALK,9606.ENSP00000264657,9606.ENSP00000373700,0.893,STRING
PLAT,MMP9,9606.ENSP00000220809,9606.ENSP00000361405,0.893,STRING
PMS2,POLE,9606.ENSP00000265849,9606.ENSP00000322570,0.893,STRING
IFNAR2,IFNGR2,9606.ENSP00000343957,9606.ENSP00000371425,0.893,STRING
SOX2,FOXP1,9606.ENSP00000323588,9606.ENSP00000484803,0.893,STRING
CBL,PTK2,9606.ENSP00000264033,9606.ENSP00000341189,0.893,STRING
AURKA,FBXW7,9606.ENSP00000216911,9606.ENSP00000474725,0.893,STRING
PDGFRB,FGF9,9606.ENSP00000261799,9606.ENSP00000371790,0.893,STRING
PDGFRB,ETV6,9606.ENSP00000261799,9606.ENSP00000379658,0.893,STRING
MKS1,RPGRIP1L,9606.ENSP00000376827,9606.ENSP00000493946,0.893,STRING
IFNG,RUNX1,9606.ENSP00000229135,9606.ENSP00000300305,0.893,STRING
AR,ERG,9606.ENSP00000363822,9606.ENSP00000414150,0.893,STRING
DRD4,MAOA,9606.ENSP00000176183,9606.ENSP00000340684,0.892,STRING
PTEN,AR,9606.ENSP00000361021,9606.ENSP00000363822,0.892,STRING
LEP,TNF,9606.ENSP00000312652,9606.ENSP00000398698,0.892,STRING
IL1RL1,IL1B,9606.ENSP00000233954,9606.ENSP00000263341,0.892,STRING
CDKN2A,BRAF,9606.ENSP00000418915,9606.ENSP00000419060,0.892,STRING
NDUFAF3,NDUFA12,9606.ENSP00000323076,9606.ENSP00000330737,0.892,STRING
BCL2,RAF1,9606.ENSP00000381185,9606.ENSP00000401888,0.892,STRING
CLCN2,GABRG2,9606.ENSP00000265593,9606.ENSP00000410732,0.892,STRING
MLH1,PALB2,9606.ENSP00000231790,9606.ENSP00000261584,0.892,STRING
IL4,IFNGR1,9606.ENSP00000231449,9606.ENSP00000356713,0.892,STRING
AURKA,RRM2,9606.ENSP00000216911,9606.ENSP00000353770,0.892,STRING
CD4,STAT3,9606.ENSP00000011653,9606.ENSP00000264657,0.892,STRING
EGFR,NGF,9606.ENSP00000275493,9606.ENSP00000358525,0.892,STRING
CDK4,SMAD3,9606.ENSP00000257904,9606.ENSP00000332973,0.892,STRING
KCNA1,CACNA1A,9606.ENSP00000371985,9606.ENSP00000489829,0.892,STRING
MLH1,NBN,9606.ENSP00000231790,9606.ENSP00000265433,0.891,STRING
PDGFRB,FYN,9606.ENSP00000261799,9606.ENSP00000346671,0.891,STRING
KCNH2,CACNA1C,9606.ENSP00000262186,9606.ENSP00000266376,0.891,STRING
EP300,DDB1,9606.ENSP00000263253,9606.ENSP00000301764,0.891,STRING
PPARD,RXRG,9606.ENSP00000310928,9606.ENSP00000352900,0.891,STRING
EP300,FOXP3,9606.ENSP00000263253,9606.ENSP00000365380,0.891,STRING
RUNX2,ALPL,9606.ENSP00000360493,9606.ENSP00000363973,0.891,STRING
ACE,NR3C2,9606.ENSP00000290866,9606.ENSP00000350815,0.891,STRING
PRPH2,ABCA4,9606.ENSP00000230381,9606.ENSP00000359245,0.891,STRING
CD40,IL6,9606.ENSP00000361359,9606.ENSP00000385675,0.891,STRING
STAT3,FYN,9606.ENSP00000264657,9606.ENSP00000346671,0.891,STRING
PIK3CA,RET,9606.ENSP00000263967,9606.ENSP00000347942,0.891,STRING
CHRNA5,CHRNB2,9606.ENSP00000299565,9606.ENSP00000357461,0.891,STRING
IL6R,JAK3,9606.ENSP00000357470,9606.ENSP00000432511,0.891,STRING
CRP,INS,9606.ENSP00000255030,9606.ENSP00000380432,0.891,STRING
IFNG,TLR9,9606.ENSP00000229135,9606.ENSP00000353874,0.891,STRING
CACNB2,CACNB4,9606.ENSP00000320025,9606.ENSP00000438949,0.891,STRING
CACNB3,CACNA1H,9606.ENSP00000301050,9606.ENSP00000334198,0.891,STRING
ATRX,BRCA2,9606.ENSP00000362441,9606.ENSP00000369497,0.891,STRING
IL2RB,IL7R,9606.ENSP00000216223,9606.ENSP00000306157,0.891,STRING
HDAC11,HDAC6,9606.ENSP00000295757,9606.ENSP00000365804,0.891,STRING
ALDH5A1,IDH1,9606.ENSP00000314649,9606.ENSP00000390265,0.891,STRING
SMAD4,ACVRL1,9606.ENSP00000341551,9606.ENSP00000373574,0.891,STRING
CHEK2,RAD51D,9606.ENSP00000372023,9606.ENSP00000466399,0.89,STRING
KDM6A,SETD2,9606.ENSP00000367203,9606.ENSP00000386759,0.89,STRING
HTR3D,HTR3E,9606.ENSP00000371929,9606.ENSP00000406050,0.89,STRING
STAT3,MMP9,9606.ENSP00000264657,9606.ENSP00000361405,0.89,STRING
CBL,PIK3CB,9606.ENSP00000264033,9606.ENSP00000501150,0.89,STRING
DES,TTN,9606.ENSP00000363071,9606.ENSP00000467141,0.89,STRING
MSH6,CHEK2,9606.ENSP00000234420,9606.ENSP00000372023,0.89,STRING
IL1B,IL33,9606.ENSP00000263341,9606.ENSP00000370842,0.89,STRING
SLC6A3,MAOA,9606.ENSP00000270349,9606.ENSP00000340684,0.89,STRING
POLD1,MUTYH,9606.ENSP00000472445,9606.ENSP00000500891,0.89,STRING
PALB2,RAD51B,9606.ENSP00000261584,9606.ENSP00000419881,0.89,STRING
IFNG,GATA3,9606.ENSP00000229135,9606.ENSP00000368632,0.89,STRING
CDKN2B,CDKN1A,9606.ENSP00000276925,9606.ENSP00000384849,0.89,STRING
IL1B,CD40LG,9606.ENSP00000263341,9606.ENSP00000359663,0.89,STRING
EGFR,TNF,9606.ENSP00000275493,9606.ENSP00000398698,0.89,STRING
GABBR2,GABRA2,9606.ENSP00000259455,9606.ENSP00000427603,0.89,STRING
ATM,STK11,9606.ENSP00000278616,9606.ENSP00000324856,0.89,STRING
BACH2,NCOR1,9606.ENSP00000257749,9606.ENSP00000268712,0.89,STRING
TGFB1,FURIN,9606.ENSP00000221930,9606.ENSP00000483552,0.89,STRING
CACNB3,CACNA2D3,9606.ENSP00000301050,9606.ENSP00000419101,0.89,STRING
AXL,PIK3R1,9606.ENSP00000301178,9606.ENSP00000428056,0.89,STRING
APOA1,LPL,9606.ENSP00000236850,9606.ENSP00000497642,0.89,STRING
BDNF,HTR2A,9606.ENSP00000414303,9606.ENSP00000437737,0.89,STRING
TSC2,PTEN,9606.ENSP00000219476,9606.ENSP00000361021,0.889,STRING
STAT3,HDAC3,9606.ENSP00000264657,9606.ENSP00000302967,0.889,STRING
RXRG,PPARA,9606.ENSP00000352900,9606.ENSP00000385523,0.889,STRING
EGFR,APP,9606.ENSP00000275493,9606.ENSP00000284981,0.889,STRING
RARA,CREBBP,9606.ENSP00000254066,9606.ENSP00000262367,0.889,STRING
NDUFB8,NDUFAF4,9606.ENSP00000299166,9606.ENSP00000358272,0.889,STRING
TUBB4B,TUBB2A,9606.ENSP00000341289,9606.ENSP00000369703,0.889,STRING
LRRK2,CTNNB1,9606.ENSP00000298910,9606.ENSP00000495360,0.889,STRING
TLR1,IL6,9606.ENSP00000354932,9606.ENSP00000385675,0.889,STRING
IL5,JAK2,9606.ENSP00000231454,9606.ENSP00000371067,0.889,STRING
ASXL1,SRSF2,9606.ENSP00000364839,9606.ENSP00000376276,0.889,STRING
FGF10,NTRK1,9606.ENSP00000264664,9606.ENSP00000431418,0.889,STRING
FLT3,PTPN11,9606.ENSP00000241453,9606.ENSP00000489597,0.889,STRING
XPO1,CTNNB1,9606.ENSP00000384863,9606.ENSP00000495360,0.889,STRING
CD8A,NCAM1,9606.ENSP00000386559,9606.ENSP00000480132,0.889,STRING
NF2,CTNNB1,9606.ENSP00000344666,9606.ENSP00000495360,0.889,STRING
CD40LG,TLR4,9606.ENSP00000359663,9606.ENSP00000363089,0.889,STRING
PLG,COL18A1,9606.ENSP00000308938,9606.ENSP00000352798,0.889,STRING
TLR7,IL6,9606.ENSP00000370034,9606.ENSP00000385675,0.888,STRING
NDUFB4,NDUFAF4,9606.ENSP00000184266,9606.ENSP00000358272,0.888,STRING
FDX1,MT-ND4,9606.ENSP00000260270,9606.ENSP00000354961,0.888,STRING
SH2B3,ASXL1,9606.ENSP00000345492,9606.ENSP00000364839,0.888,STRING
BCL6,HDAC9,9606.ENSP00000384371,9606.ENSP00000408617,0.888,STRING
PTGS1,MT-ND4,9606.ENSP00000354612,9606.ENSP00000354961,0.888,STRING
ANK1,CALM3,9606.ENSP00000265709,9606.ENSP00000291295,0.888,STRING
TGFB1,IFNG,9606.ENSP00000221930,9606.ENSP00000229135,0.888,STRING
ATRX,IDH1,9606.ENSP00000362441,9606.ENSP00000390265,0.888,STRING
SMAD3,NKX2-1,9606.ENSP00000332973,9606.ENSP00000346879,0.888,STRING
PDE5A,GUCY1B1,9606.ENSP00000347046,9606.ENSP00000426786,0.888,STRING
SMAD4,PARP1,9606.ENSP00000341551,9606.ENSP00000355759,0.888,STRING
CFTR,SLC26A3,9606.ENSP00000003084,9606.ENSP00000345873,0.888,STRING
RB1,MYC,9606.ENSP00000267163,9606.ENSP00000478887,0.888,STRING
DHODH,DHFR,9606.ENSP00000219240,9606.ENSP00000396308,0.888,STRING
WT1,EWSR1,9606.ENSP00000368370,9606.ENSP00000400142,0.888,STRING
HDAC1,GATA1,9606.ENSP00000362649,9606.ENSP00000365858,0.888,STRING
DDB1,HDAC1,9606.ENSP00000301764,9606.ENSP00000362649,0.888,STRING
EPAS1,SLC2A1,9606.ENSP00000263734,9606.ENSP00000416293,0.888,STRING
CDK7,TP53,9606.ENSP00000256443,9606.ENSP00000269305,0.888,STRING
CACNA2D3,CACNB4,9606.ENSP00000419101,9606.ENSP00000438949,0.888,STRING
RIPK1,NLRP3,9606.ENSP00000259808,9606.ENSP00000337383,0.888,STRING
EP300,PAX6,9606.ENSP00000263253,9606.ENSP00000492024,0.888,STRING
PSMB11,PSMA1,9606.ENSP00000386212,9606.ENSP00000414359,0.888,STRING
IL13,TSLP,9606.ENSP00000304915,9606.ENSP00000339804,0.887,STRING
RAD51C,CHEK2,9606.ENSP00000336701,9606.ENSP00000372023,0.887,STRING
MPO,ALB,9606.ENSP00000225275,9606.ENSP00000295897,0.887,STRING
PIK3CA,CBL,9606.ENSP00000263967,9606.ENSP00000264033,0.887,STRING
TP53,BRAF,9606.ENSP00000269305,9606.ENSP00000419060,0.887,STRING
ADAM17,ACE2,9606.ENSP00000309968,9606.ENSP00000389326,0.887,STRING
HGF,FGF10,9606.ENSP00000222390,9606.ENSP00000264664,0.887,STRING
PPARD,PPARA,9606.ENSP00000310928,9606.ENSP00000385523,0.887,STRING
CD4,ITK,9606.ENSP00000011653,9606.ENSP00000398655,0.887,STRING
AKT1,NOTCH1,9606.ENSP00000451828,9606.ENSP00000498587,0.887,STRING
STAT5B,CDKN1A,9606.ENSP00000293328,9606.ENSP00000384849,0.887,STRING
NDUFA9,SDHD,9606.ENSP00000266544,9606.ENSP00000364699,0.887,STRING
PIK3CA,FLT1,9606.ENSP00000263967,9606.ENSP00000282397,0.887,STRING
TGFA,IGF1R,9606.ENSP00000404131,9606.ENSP00000497069,0.887,STRING
C3,APP,9606.ENSP00000245907,9606.ENSP00000284981,0.887,STRING
CD19,BTK,9606.ENSP00000313419,9606.ENSP00000483570,0.887,STRING
STAT3,RET,9606.ENSP00000264657,9606.ENSP00000347942,0.887,STRING
GRM1,ESR1,9606.ENSP00000282753,9606.ENSP00000405330,0.887,STRING
EP300,HDAC4,9606.ENSP00000263253,9606.ENSP00000264606,0.887,STRING
FOXA1,PGR,9606.ENSP00000250448,9606.ENSP00000325120,0.887,STRING
SCN5A,RYR2,9606.ENSP00000328968,9606.ENSP00000355533,0.887,STRING
FGF9,NTRK1,9606.ENSP00000371790,9606.ENSP00000431418,0.887,STRING
CREBBP,BDNF,9606.ENSP00000262367,9606.ENSP00000414303,0.886,STRING
APP,NOTCH1,9606.ENSP00000284981,9606.ENSP00000498587,0.886,STRING
CFTR,SCNN1G,9606.ENSP00000003084,9606.ENSP00000300061,0.886,STRING
CACNA1F,CACNB1,9606.ENSP00000365441,9606.ENSP00000377840,0.886,STRING
FGG,SERPINA1,9606.ENSP00000336829,9606.ENSP00000416066,0.886,STRING
SRC,INS,9606.ENSP00000362680,9606.ENSP00000380432,0.886,STRING
SLC6A4,SLC18A2,9606.ENSP00000261707,9606.ENSP00000496339,0.886,STRING
LEPR,INS,9606.ENSP00000330393,9606.ENSP00000380432,0.886,STRING
BARD1,ESR1,9606.ENSP00000260947,9606.ENSP00000405330,0.886,STRING
FLNC,ITGB3,9606.ENSP00000327145,9606.ENSP00000452786,0.886,STRING
ERBB2,MYC,9606.ENSP00000269571,9606.ENSP00000478887,0.886,STRING
GRIA4,GRIN1,9606.ENSP00000282499,9606.ENSP00000360608,0.886,STRING
ENG,PGF,9606.ENSP00000362299,9606.ENSP00000451040,0.886,STRING
CRP,IL1B,9606.ENSP00000255030,9606.ENSP00000263341,0.886,STRING
HDAC7,HDAC1,9606.ENSP00000080059,9606.ENSP00000362649,0.886,STRING
CACNG1,CACNA1A,9606.ENSP00000226021,9606.ENSP00000489829,0.886,STRING
CYP51A1,FDPS,9606.ENSP00000003100,9606.ENSP00000349078,0.886,STRING
ABCB1,CYP3A4,9606.ENSP00000478255,9606.ENSP00000498939,0.886,STRING
HGF,FLT4,9606.ENSP00000222390,9606.ENSP00000261937,0.886,STRING
CALM3,TTN,9606.ENSP00000291295,9606.ENSP00000467141,0.886,STRING
PMS2,ATM,9606.ENSP00000265849,9606.ENSP00000278616,0.886,STRING
GRIN2A,GRIA3,9606.ENSP00000332549,9606.ENSP00000481554,0.886,STRING
SLC5A2,INS,9606.ENSP00000327943,9606.ENSP00000380432,0.885,STRING
CACNA1B,CACNB4,9606.ENSP00000360423,9606.ENSP00000438949,0.885,STRING
BMP4,FGF10,9606.ENSP00000245451,9606.ENSP00000264664,0.885,STRING
MECP2,GRIN2B,9606.ENSP00000395535,9606.ENSP00000477455,0.885,STRING
STAT3,INS,9606.ENSP00000264657,9606.ENSP00000380432,0.885,STRING
APC,CSNK1E,9606.ENSP00000257430,9606.ENSP00000380044,0.885,STRING
KCND3,SCN1B,9606.ENSP00000319591,9606.ENSP00000396915,0.885,STRING
HCK,PIK3CB,9606.ENSP00000365012,9606.ENSP00000501150,0.885,STRING
GRIA2,GRIN2B,9606.ENSP00000296526,9606.ENSP00000477455,0.885,STRING
TSLP,IL2RG,9606.ENSP00000339804,9606.ENSP00000363318,0.885,STRING
IFNAR2,IL10,9606.ENSP00000343957,9606.ENSP00000412237,0.885,STRING
EP300,RUNX2,9606.ENSP00000263253,9606.ENSP00000360493,0.885,STRING
BCL2,TNF,9606.ENSP00000381185,9606.ENSP00000398698,0.885,STRING
SFN,BRAF,9606.ENSP00000340989,9606.ENSP00000419060,0.885,STRING
PTGS1,MT-ND4L,9606.ENSP00000354612,9606.ENSP00000354728,0.885,STRING
CACNG7,CACNB1,9606.ENSP00000375647,9606.ENSP00000377840,0.885,STRING
ALB,SERPINA6,9606.ENSP00000295897,9606.ENSP00000342850,0.885,STRING
KRAS,CTNNB1,9606.ENSP00000256078,9606.ENSP00000495360,0.885,STRING
CSK,FYN,9606.ENSP00000220003,9606.ENSP00000346671,0.885,STRING
LEP,GHR,9606.ENSP00000312652,9606.ENSP00000483403,0.885,STRING
CASP8,TLR4,9606.ENSP00000351273,9606.ENSP00000363089,0.885,STRING
SLC47A2,SLC22A2,9606.ENSP00000326671,9606.ENSP00000355920,0.885,STRING
CDH1,FGFR1,9606.ENSP00000261769,9606.ENSP00000393312,0.885,STRING
TBX5,SMARCA4,9606.ENSP00000309913,9606.ENSP00000343896,0.885,STRING
PSMB10,ADRM1,9606.ENSP00000351314,9606.ENSP00000478877,0.884,STRING
CD4,IL2RG,9606.ENSP00000011653,9606.ENSP00000363318,0.884,STRING
MAPT,PRNP,9606.ENSP00000340820,9606.ENSP00000399376,0.884,STRING
CDKAL1,TCF7L2,9606.ENSP00000274695,9606.ENSP00000486891,0.884,STRING
AR,ETV1,9606.ENSP00000363822,9606.ENSP00000405327,0.884,STRING
TP53,SRC,9606.ENSP00000269305,9606.ENSP00000362680,0.884,STRING
KMT2C,EP300,9606.ENSP00000262189,9606.ENSP00000263253,0.884,STRING
STAT3,NTRK1,9606.ENSP00000264657,9606.ENSP00000431418,0.884,STRING
PTEN,FBXW7,9606.ENSP00000361021,9606.ENSP00000474725,0.884,STRING
EWSR1,ETV1,9606.ENSP00000400142,9606.ENSP00000405327,0.884,STRING
NTRK2,FYN,9606.ENSP00000277120,9606.ENSP00000346671,0.884,STRING
IFNG,PSMB8,9606.ENSP00000229135,9606.ENSP00000364016,0.884,STRING
SNAP25,CACNA1B,9606.ENSP00000254976,9606.ENSP00000360423,0.884,STRING
PTGS1,MT-ND3,9606.ENSP00000354612,9606.ENSP00000355206,0.884,STRING
KRAS,RET,9606.ENSP00000256078,9606.ENSP00000347942,0.884,STRING
EGFR,SFN,9606.ENSP00000275493,9606.ENSP00000340989,0.884,STRING
EPHA3,EPHA5,9606.ENSP00000337451,9606.ENSP00000480763,0.884,STRING
COL1A2,ITGB3,9606.ENSP00000297268,9606.ENSP00000452786,0.884,STRING
KCNQ2,SPTBN4,9606.ENSP00000352035,9606.ENSP00000469242,0.884,STRING
CD38,CD8A,9606.ENSP00000226279,9606.ENSP00000386559,0.884,STRING
GABBR2,GABRB1,9606.ENSP00000259455,9606.ENSP00000295454,0.884,STRING
TEK,PTPN11,9606.ENSP00000369375,9606.ENSP00000489597,0.884,STRING
TP53,SOX2,9606.ENSP00000269305,9606.ENSP00000323588,0.883,STRING
CARD11,TNFAIP3,9606.ENSP00000380150,9606.ENSP00000481570,0.883,STRING
RARA,EP300,9606.ENSP00000254066,9606.ENSP00000263253,0.883,STRING
PGR,CYP19A1,9606.ENSP00000325120,9606.ENSP00000379683,0.883,STRING
TP53,PPM1D,9606.ENSP00000269305,9606.ENSP00000306682,0.883,STRING
HDAC1,TBL1XR1,9606.ENSP00000362649,9606.ENSP00000405574,0.883,STRING
COL1A2,COL2A1,9606.ENSP00000297268,9606.ENSP00000369889,0.883,STRING
PPARG,MECP2,9606.ENSP00000287820,9606.ENSP00000395535,0.883,STRING
RARA,CTNNB1,9606.ENSP00000254066,9606.ENSP00000495360,0.883,STRING
NCOR1,RXRB,9606.ENSP00000268712,9606.ENSP00000363817,0.883,STRING
MMP7,MMP9,9606.ENSP00000260227,9606.ENSP00000361405,0.883,STRING
SHBG,INS,9606.ENSP00000369816,9606.ENSP00000380432,0.883,STRING
TUBB4A,TUBB4B,9606.ENSP00000264071,9606.ENSP00000341289,0.883,STRING
SORT1,APP,9606.ENSP00000256637,9606.ENSP00000284981,0.883,STRING
GRIA2,CACNG7,9606.ENSP00000296526,9606.ENSP00000375647,0.883,STRING
KCNH2,KCNH6,9606.ENSP00000262186,9606.ENSP00000463533,0.883,STRING
CD4,NCAM1,9606.ENSP00000011653,9606.ENSP00000480132,0.883,STRING
STAT3,GATA3,9606.ENSP00000264657,9606.ENSP00000368632,0.883,STRING
PTGS1,MT-ND5,9606.ENSP00000354612,9606.ENSP00000354813,0.883,STRING
TLR2,CXCL8,9606.ENSP00000260010,9606.ENSP00000306512,0.883,STRING
HDAC1,TET2,9606.ENSP00000362649,9606.ENSP00000442788,0.882,STRING
RHOA,CTNNB1,9606.ENSP00000400175,9606.ENSP00000495360,0.882,STRING
PARP1,HDAC2,9606.ENSP00000355759,9606.ENSP00000430432,0.882,STRING
FDX1,MT-ND1,9606.ENSP00000260270,9606.ENSP00000354687,0.882,STRING
SHH,FGF9,9606.ENSP00000297261,9606.ENSP00000371790,0.882,STRING
SLC6A3,MAOB,9606.ENSP00000270349,9606.ENSP00000367309,0.882,STRING
MYC,TCF7L2,9606.ENSP00000478887,9606.ENSP00000486891,0.882,STRING
TGFB1,FBN1,9606.ENSP00000221930,9606.ENSP00000325527,0.882,STRING
SMAD3,CEBPA,9606.ENSP00000332973,9606.ENSP00000427514,0.882,STRING
HGF,AKT1,9606.ENSP00000222390,9606.ENSP00000451828,0.882,STRING
IFNG,IL17F,9606.ENSP00000229135,9606.ENSP00000337432,0.882,STRING
ALK,TGFBR1,9606.ENSP00000373700,9606.ENSP00000447297,0.882,STRING
TP53,CUL4A,9606.ENSP00000269305,9606.ENSP00000364589,0.882,STRING
MET,SOS1,9606.ENSP00000317272,9606.ENSP00000384675,0.882,STRING
RRM1,TOP2A,9606.ENSP00000300738,9606.ENSP00000411532,0.882,STRING
SYK,PIK3CG,9606.ENSP00000364898,9606.ENSP00000419260,0.882,STRING
IL13,GATA3,9606.ENSP00000304915,9606.ENSP00000368632,0.882,STRING
MSH6,POLA1,9606.ENSP00000234420,9606.ENSP00000368358,0.882,STRING
MTOR,INS,9606.ENSP00000354558,9606.ENSP00000380432,0.882,STRING
PHEX,KL,9606.ENSP00000368682,9606.ENSP00000369442,0.882,STRING
EGFR,NTRK2,9606.ENSP00000275493,9606.ENSP00000277120,0.882,STRING
RIPK2,MAP3K7,9606.ENSP00000220751,9606.ENSP00000358335,0.882,STRING
CACNA1E,CACNB1,9606.ENSP00000356545,9606.ENSP00000377840,0.882,STRING
PTGS1,MT-ND2,9606.ENSP00000354612,9606.ENSP00000355046,0.882,STRING
NOS3,TIE1,9606.ENSP00000297494,9606.ENSP00000361554,0.882,STRING
LMX1B,PAX2,9606.ENSP00000347684,9606.ENSP00000359319,0.882,STRING
TBK1,TNFAIP3,9606.ENSP00000329967,9606.ENSP00000481570,0.881,STRING
STAT3,CDK6,9606.ENSP00000264657,9606.ENSP00000265734,0.881,STRING
PTGS1,MT-ND6,9606.ENSP00000354612,9606.ENSP00000354665,0.881,STRING
U2AF1,ASXL1,9606.ENSP00000291552,9606.ENSP00000364839,0.881,STRING
NFKB1,MAPK3,9606.ENSP00000226574,9606.ENSP00000263025,0.881,STRING
PGR,ERBB4,9606.ENSP00000325120,9606.ENSP00000342235,0.881,STRING
LRP5,RNF43,9606.ENSP00000294304,9606.ENSP00000463069,0.881,STRING
MC4R,LEPR,9606.ENSP00000299766,9606.ENSP00000330393,0.881,STRING
RUNX2,AR,9606.ENSP00000360493,9606.ENSP00000363822,0.881,STRING
SLC2A9,ABCG2,9606.ENSP00000264784,9606.ENSP00000498246,0.881,STRING
FGF10,MET,9606.ENSP00000264664,9606.ENSP00000317272,0.881,STRING
ASXL1,JAK2,9606.ENSP00000364839,9606.ENSP00000371067,0.881,STRING
MMP9,IL10,9606.ENSP00000361405,9606.ENSP00000412237,0.881,STRING
EP300,PARP1,9606.ENSP00000263253,9606.ENSP00000355759,0.881,STRING
MYO5A,GRIA1,9606.ENSP00000382177,9606.ENSP00000428994,0.881,STRING
FOXA1,HDAC9,9606.ENSP00000250448,9606.ENSP00000408617,0.881,STRING
HTR3A,HTR2A,9606.ENSP00000347754,9606.ENSP00000437737,0.881,STRING
VHL,EP300,9606.ENSP00000256474,9606.ENSP00000263253,0.881,STRING
CCR5,TNF,9606.ENSP00000292303,9606.ENSP00000398698,0.88,STRING
PDGFRA,FGF10,9606.ENSP00000257290,9606.ENSP00000264664,0.88,STRING
FLNC,CAV1,9606.ENSP00000327145,9606.ENSP00000339191,0.88,STRING
ASXL1,SETBP1,9606.ENSP00000364839,9606.ENSP00000497406,0.88,STRING
PSMA4,PSMB11,9606.ENSP00000044462,9606.ENSP00000386212,0.88,STRING
SRC,TLR4,9606.ENSP00000362680,9606.ENSP00000363089,0.88,STRING
CBL,STAT3,9606.ENSP00000264033,9606.ENSP00000264657,0.88,STRING
KRAS,STK11,9606.ENSP00000256078,9606.ENSP00000324856,0.88,STRING
TNFSF13B,TNFSF11,9606.ENSP00000365048,9606.ENSP00000381775,0.88,STRING
CXCL8,MMP9,9606.ENSP00000306512,9606.ENSP00000361405,0.88,STRING
FDX1,NDUFS3,9606.ENSP00000260270,9606.ENSP00000263774,0.88,STRING
TP53,PSMD4,9606.ENSP00000269305,9606.ENSP00000357876,0.88,STRING
TLR7,TNF,9606.ENSP00000370034,9606.ENSP00000398698,0.88,STRING
IFNG,PSMB9,9606.ENSP00000229135,9606.ENSP00000363993,0.88,STRING
CTLA4,IL17A,9606.ENSP00000497102,9606.ENSP00000497968,0.88,STRING
ERCC2,BRCA1,9606.ENSP00000375809,9606.ENSP00000418960,0.88,STRING
ATP4A,HRH2,9606.ENSP00000262623,9606.ENSP00000366506,0.88,STRING
NDUFAF4,NDUFC1,9606.ENSP00000358272,9606.ENSP00000441126,0.88,STRING
PTEN,IGF1R,9606.ENSP00000361021,9606.ENSP00000497069,0.88,STRING
PTGS1,MT-ND1,9606.ENSP00000354612,9606.ENSP00000354687,0.88,STRING
FOXA2,HIF1A,9606.ENSP00000400341,9606.ENSP00000437955,0.88,STRING
PLAT,FGA,9606.ENSP00000220809,9606.ENSP00000498441,0.88,STRING
TP53,NF1,9606.ENSP00000269305,9606.ENSP00000351015,0.88,STRING
CACNG2,GRIN2A,9606.ENSP00000300105,9606.ENSP00000332549,0.88,STRING
ITGA2B,MPL,9606.ENSP00000262407,9606.ENSP00000361548,0.88,STRING
CACNA1C,SCN1B,9606.ENSP00000266376,9606.ENSP00000396915,0.88,STRING
CD19,CD40,9606.ENSP00000313419,9606.ENSP00000361359,0.88,STRING
GHR,JAK1,9606.ENSP00000483403,9606.ENSP00000499900,0.88,STRING
CHUK,MYC,9606.ENSP00000359424,9606.ENSP00000478887,0.879,STRING
JAK2,CSF2RA,9606.ENSP00000371067,9606.ENSP00000394227,0.879,STRING
IL2,CD86,9606.ENSP00000226730,9606.ENSP00000332049,0.879,STRING
STAT5B,PGR,9606.ENSP00000293328,9606.ENSP00000325120,0.879,STRING
FOXP3,IDO1,9606.ENSP00000365380,9606.ENSP00000430950,0.879,STRING
MLH1,POLE,9606.ENSP00000231790,9606.ENSP00000322570,0.879,STRING
MAPT,HDAC6,9606.ENSP00000340820,9606.ENSP00000365804,0.879,STRING
HCK,WAS,9606.ENSP00000365012,9606.ENSP00000365891,0.879,STRING
SYK,MYD88,9606.ENSP00000364898,9606.ENSP00000498321,0.879,STRING
CCR2,IL6,9606.ENSP00000292301,9606.ENSP00000385675,0.879,STRING
GABBR1,GABRG2,9606.ENSP00000366233,9606.ENSP00000410732,0.879,STRING
IL2RA,JAK2,9606.ENSP00000369293,9606.ENSP00000371067,0.879,STRING
TP53,INS,9606.ENSP00000269305,9606.ENSP00000380432,0.879,STRING
RUNX2,HDAC1,9606.ENSP00000360493,9606.ENSP00000362649,0.879,STRING
PTK2,AKT1,9606.ENSP00000341189,9606.ENSP00000451828,0.879,STRING
IL4,CD19,9606.ENSP00000231449,9606.ENSP00000313419,0.879,STRING
RXRB,NR1H4,9606.ENSP00000363817,9606.ENSP00000447149,0.878,STRING
BARD1,AURKB,9606.ENSP00000260947,9606.ENSP00000313950,0.878,STRING
GRIA4,GRIN3A,9606.ENSP00000282499,9606.ENSP00000355155,0.878,STRING
ABL1,CDKN1A,9606.ENSP00000361423,9606.ENSP00000384849,0.878,STRING
CRP,IL10,9606.ENSP00000255030,9606.ENSP00000412237,0.878,STRING
BLK,CD19,9606.ENSP00000259089,9606.ENSP00000313419,0.878,STRING
VWF,FGB,9606.ENSP00000261405,9606.ENSP00000306099,0.878,STRING
PLG,FGG,9606.ENSP00000308938,9606.ENSP00000336829,0.878,STRING
SLC10A1,NR1H4,9606.ENSP00000216540,9606.ENSP00000447149,0.878,STRING
IFNG,TYK2,9606.ENSP00000229135,9606.ENSP00000431885,0.878,STRING
MMP7,MMP1,9606.ENSP00000260227,9606.ENSP00000322788,0.878,STRING
APOB,TTR,9606.ENSP00000233242,9606.ENSP00000237014,0.878,STRING
NFKB1,NR3C1,9606.ENSP00000226574,9606.ENSP00000231509,0.878,STRING
ALB,FGB,9606.ENSP00000295897,9606.ENSP00000306099,0.878,STRING
LRRK2,GSK3B,9606.ENSP00000298910,9606.ENSP00000324806,0.878,STRING
CRP,ACE,9606.ENSP00000255030,9606.ENSP00000290866,0.878,STRING
PRKAG2,MYBPC3,9606.ENSP00000287878,9606.ENSP00000442795,0.878,STRING
RB1,AR,9606.ENSP00000267163,9606.ENSP00000363822,0.878,STRING
ACVR2A,ENG,9606.ENSP00000241416,9606.ENSP00000362299,0.878,STRING
RUNX1,SMAD3,9606.ENSP00000300305,9606.ENSP00000332973,0.878,STRING
CCR2,IL10,9606.ENSP00000292301,9606.ENSP00000412237,0.878,STRING
CCR5,IL10,9606.ENSP00000292303,9606.ENSP00000412237,0.878,STRING
SSTR2,DRD2,9606.ENSP00000350198,9606.ENSP00000354859,0.878,STRING
CD40,TNFSF11,9606.ENSP00000361359,9606.ENSP00000381775,0.878,STRING
EZH2,ARID1A,9606.ENSP00000320147,9606.ENSP00000320485,0.877,STRING
TP53,FAS,9606.ENSP00000269305,9606.ENSP00000498466,0.877,STRING
EGFR,BDNF,9606.ENSP00000275493,9606.ENSP00000414303,0.877,STRING
CSF1R,HCK,9606.ENSP00000286301,9606.ENSP00000365012,0.877,STRING
NCOR1,ERBB4,9606.ENSP00000268712,9606.ENSP00000342235,0.877,STRING
EPHA2,PTPN11,9606.ENSP00000351209,9606.ENSP00000489597,0.877,STRING
EPOR,GATA1,9606.ENSP00000222139,9606.ENSP00000365858,0.877,STRING
TSLP,IL4R,9606.ENSP00000339804,9606.ENSP00000379111,0.877,STRING
ABCA1,PPARA,9606.ENSP00000363868,9606.ENSP00000385523,0.877,STRING
PTEN,BRCA2,9606.ENSP00000361021,9606.ENSP00000369497,0.877,STRING
SRC,MYD88,9606.ENSP00000362680,9606.ENSP00000498321,0.877,STRING
EGFR,NOTCH1,9606.ENSP00000275493,9606.ENSP00000498587,0.877,STRING
SMAD4,TGFB2,9606.ENSP00000341551,9606.ENSP00000355896,0.877,STRING
CD274,IL10,9606.ENSP00000370989,9606.ENSP00000412237,0.877,STRING
APC,LRP6,9606.ENSP00000257430,9606.ENSP00000261349,0.877,STRING
NOD2,MAP3K7,9606.ENSP00000300589,9606.ENSP00000358335,0.877,STRING
NFKB1,IL10,9606.ENSP00000226574,9606.ENSP00000412237,0.877,STRING
CACNA1G,CACNA2D2,9606.ENSP00000352011,9606.ENSP00000418081,0.877,STRING
GRIN1,GRIA3,9606.ENSP00000360608,9606.ENSP00000481554,0.877,STRING
CHRNA5,CHRNA4,9606.ENSP00000299565,9606.ENSP00000359285,0.877,STRING
EP300,MITF,9606.ENSP00000263253,9606.ENSP00000391803,0.877,STRING
FGF10,FLT1,9606.ENSP00000264664,9606.ENSP00000282397,0.877,STRING
COL1A1,VWF,9606.ENSP00000225964,9606.ENSP00000261405,0.877,STRING
FLT4,PDGFB,9606.ENSP00000261937,9606.ENSP00000330382,0.877,STRING
GHSR,GH1,9606.ENSP00000241256,9606.ENSP00000312673,0.876,STRING
IFNG,EGFR,9606.ENSP00000229135,9606.ENSP00000275493,0.876,STRING
SRC,TNFSF11,9606.ENSP00000362680,9606.ENSP00000381775,0.876,STRING
FYN,BTK,9606.ENSP00000346671,9606.ENSP00000483570,0.876,STRING
IL2RA,TNF,9606.ENSP00000369293,9606.ENSP00000398698,0.876,STRING
SRC,HCK,9606.ENSP00000362680,9606.ENSP00000365012,0.876,STRING
NR1I2,CYP3A7,9606.ENSP00000336528,9606.ENSP00000337450,0.876,STRING
SRC,LCK,9606.ENSP00000362680,9606.ENSP00000477713,0.876,STRING
PALB2,NDUFB1,9606.ENSP00000261584,9606.ENSP00000483888,0.876,STRING
CCND1,HIF1A,9606.ENSP00000227507,9606.ENSP00000437955,0.876,STRING
KIT,PDGFB,9606.ENSP00000288135,9606.ENSP00000330382,0.876,STRING
CD79A,BCL6,9606.ENSP00000221972,9606.ENSP00000384371,0.876,STRING
FOXA1,PBX1,9606.ENSP00000250448,9606.ENSP00000405890,0.876,STRING
IL5,GATA3,9606.ENSP00000231454,9606.ENSP00000368632,0.876,STRING
GRIN2A,MECP2,9606.ENSP00000332549,9606.ENSP00000395535,0.876,STRING
KDR,NGF,9606.ENSP00000263923,9606.ENSP00000358525,0.876,STRING
NLRP3,BTK,9606.ENSP00000337383,9606.ENSP00000483570,0.876,STRING
RB1,CDKN1A,9606.ENSP00000267163,9606.ENSP00000384849,0.876,STRING
ABCG5,NR1H4,9606.ENSP00000384513,9606.ENSP00000447149,0.876,STRING
CRP,ACE2,9606.ENSP00000255030,9606.ENSP00000389326,0.876,STRING
CD40LG,IL10,9606.ENSP00000359663,9606.ENSP00000412237,0.876,STRING
CACNA1D,CACNA2D3,9606.ENSP00000288139,9606.ENSP00000419101,0.876,STRING
APOE,ACE,9606.ENSP00000252486,9606.ENSP00000290866,0.876,STRING
HDAC3,RUNX2,9606.ENSP00000302967,9606.ENSP00000360493,0.876,STRING
CLCN2,GABRA1,9606.ENSP00000265593,9606.ENSP00000393097,0.876,STRING
NF1,BRCA1,9606.ENSP00000351015,9606.ENSP00000418960,0.876,STRING
MLH1,BRAF,9606.ENSP00000231790,9606.ENSP00000419060,0.876,STRING
TP53,NRAS,9606.ENSP00000269305,9606.ENSP00000358548,0.876,STRING
EBF1,CEBPA,9606.ENSP00000322898,9606.ENSP00000427514,0.876,STRING
RUNX2,TNFSF11,9606.ENSP00000360493,9606.ENSP00000381775,0.876,STRING
SMAD2,HNF4A,9606.ENSP00000262160,9606.ENSP00000312987,0.875,STRING
SNAP25,CACNA1A,9606.ENSP00000254976,9606.ENSP00000489829,0.875,STRING
EGFR,MYC,9606.ENSP00000275493,9606.ENSP00000478887,0.875,STRING
NFKB1,INS,9606.ENSP00000226574,9606.ENSP00000380432,0.875,STRING
KIT,SH2B3,9606.ENSP00000288135,9606.ENSP00000345492,0.875,STRING
ATM,PARP1,9606.ENSP00000278616,9606.ENSP00000355759,0.875,STRING
SMAD3,CHUK,9606.ENSP00000332973,9606.ENSP00000359424,0.875,STRING
CCND1,SRC,9606.ENSP00000227507,9606.ENSP00000362680,0.875,STRING
IL4,CTLA4,9606.ENSP00000231449,9606.ENSP00000497102,0.875,STRING
STAT3,CEBPA,9606.ENSP00000264657,9606.ENSP00000427514,0.875,STRING
TP53,SMAD4,9606.ENSP00000269305,9606.ENSP00000341551,0.875,STRING
CD4,IL2RB,9606.ENSP00000011653,9606.ENSP00000216223,0.875,STRING
EPOR,PTPN11,9606.ENSP00000222139,9606.ENSP00000489597,0.875,STRING
NFKB1,NCOR1,9606.ENSP00000226574,9606.ENSP00000268712,0.875,STRING
GRIA4,CACNG7,9606.ENSP00000282499,9606.ENSP00000375647,0.875,STRING
EZH2,TET2,9606.ENSP00000320147,9606.ENSP00000442788,0.875,STRING
CD4,IDO1,9606.ENSP00000011653,9606.ENSP00000430950,0.875,STRING
RUNX1,ASXL1,9606.ENSP00000300305,9606.ENSP00000364839,0.875,STRING
MMP8,ELANE,9606.ENSP00000236826,9606.ENSP00000466090,0.875,STRING
PPARG,ANGPTL4,9606.ENSP00000287820,9606.ENSP00000301455,0.875,STRING
CACNG1,CACNA1B,9606.ENSP00000226021,9606.ENSP00000360423,0.875,STRING
PSMB7,PSMB11,9606.ENSP00000259457,9606.ENSP00000386212,0.875,STRING
PDGFRB,ERBB2,9606.ENSP00000261799,9606.ENSP00000269571,0.874,STRING
IL17F,IL10,9606.ENSP00000337432,9606.ENSP00000412237,0.874,STRING
KCNJ11,INS,9606.ENSP00000345708,9606.ENSP00000380432,0.874,STRING
DNMT1,TET2,9606.ENSP00000352516,9606.ENSP00000442788,0.874,STRING
CACNA1B,CACNA2D3,9606.ENSP00000360423,9606.ENSP00000419101,0.874,STRING
NLRP3,TLR4,9606.ENSP00000337383,9606.ENSP00000363089,0.874,STRING
TP53,MTOR,9606.ENSP00000269305,9606.ENSP00000354558,0.874,STRING
RARA,HDAC1,9606.ENSP00000254066,9606.ENSP00000362649,0.874,STRING
FGF10,IGF1R,9606.ENSP00000264664,9606.ENSP00000497069,0.874,STRING
KRAS,LYN,9606.ENSP00000256078,9606.ENSP00000428924,0.874,STRING
EPAS1,SOX2,9606.ENSP00000263734,9606.ENSP00000323588,0.874,STRING
ACE,DPP4,9606.ENSP00000290866,9606.ENSP00000353731,0.874,STRING
PALB2,NDUFA9,9606.ENSP00000261584,9606.ENSP00000266544,0.874,STRING
SMARCA4,AR,9606.ENSP00000343896,9606.ENSP00000363822,0.874,STRING
FLT1,FGF9,9606.ENSP00000282397,9606.ENSP00000371790,0.874,STRING
NF1,PTEN,9606.ENSP00000351015,9606.ENSP00000361021,0.874,STRING
KRAS,PDE6D,9606.ENSP00000256078,9606.ENSP00000287600,0.874,STRING
CRP,CXCL8,9606.ENSP00000255030,9606.ENSP00000306512,0.874,STRING
MSH6,FANCD2,9606.ENSP00000234420,9606.ENSP00000287647,0.874,STRING
C3,F2,9606.ENSP00000245907,9606.ENSP00000308541,0.874,STRING
IL2RB,LCK,9606.ENSP00000216223,9606.ENSP00000477713,0.874,STRING
JAK2,CXCR4,9606.ENSP00000371067,9606.ENSP00000386884,0.874,STRING
GABBR1,GABRA1,9606.ENSP00000366233,9606.ENSP00000393097,0.873,STRING
ERBB2,BRCA2,9606.ENSP00000269571,9606.ENSP00000369497,0.873,STRING
CACNG2,CACNA1B,9606.ENSP00000300105,9606.ENSP00000360423,0.873,STRING
TBK1,AKT1,9606.ENSP00000329967,9606.ENSP00000451828,0.873,STRING
KRAS,ARID1A,9606.ENSP00000256078,9606.ENSP00000320485,0.873,STRING
TBX3,NKX2-5,9606.ENSP00000257566,9606.ENSP00000327758,0.873,STRING
CREBBP,HDAC3,9606.ENSP00000262367,9606.ENSP00000302967,0.873,STRING
CACNG7,GRIA1,9606.ENSP00000375647,9606.ENSP00000428994,0.873,STRING
IL1B,MMP1,9606.ENSP00000263341,9606.ENSP00000322788,0.873,STRING
TNF,CTLA4,9606.ENSP00000398698,9606.ENSP00000497102,0.873,STRING
EGFR,FYN,9606.ENSP00000275493,9606.ENSP00000346671,0.873,STRING
CASP8,PARP1,9606.ENSP00000351273,9606.ENSP00000355759,0.873,STRING
SMAD4,NF1,9606.ENSP00000341551,9606.ENSP00000351015,0.873,STRING
TGFB1,FKBP1A,9606.ENSP00000221930,9606.ENSP00000383003,0.873,STRING
CSF3R,PTPN11,9606.ENSP00000362195,9606.ENSP00000489597,0.873,STRING
GSK3B,RUNX2,9606.ENSP00000324806,9606.ENSP00000360493,0.873,STRING
ADRB2,AGTR1,9606.ENSP00000305372,9606.ENSP00000398832,0.873,STRING
MAPK3,CTNNB1,9606.ENSP00000263025,9606.ENSP00000495360,0.873,STRING
IL1B,EGFR,9606.ENSP00000263341,9606.ENSP00000275493,0.873,STRING
NDUFB4,NDUFAF3,9606.ENSP00000184266,9606.ENSP00000323076,0.873,STRING
GJA1,SCN5A,9606.ENSP00000282561,9606.ENSP00000328968,0.873,STRING
PPARG,FOXP3,9606.ENSP00000287820,9606.ENSP00000365380,0.873,STRING
PPARG,RUNX2,9606.ENSP00000287820,9606.ENSP00000360493,0.873,STRING
LPA,APOC1,9606.ENSP00000321334,9606.ENSP00000465356,0.873,STRING
PDGFB,TEK,9606.ENSP00000330382,9606.ENSP00000369375,0.873,STRING
TNFSF4,CD40,9606.ENSP00000281834,9606.ENSP00000361359,0.873,STRING
HCK,LCK,9606.ENSP00000365012,9606.ENSP00000477713,0.873,STRING
RORA,CSNK1E,9606.ENSP00000261523,9606.ENSP00000380044,0.873,STRING
MPO,IL6,9606.ENSP00000225275,9606.ENSP00000385675,0.872,STRING
NRAS,PTEN,9606.ENSP00000358548,9606.ENSP00000361021,0.872,STRING
CDKAL1,FTO,9606.ENSP00000274695,9606.ENSP00000418823,0.872,STRING
HTR2B,SLC6A4,9606.ENSP00000258400,9606.ENSP00000261707,0.872,STRING
MTOR,IGF1R,9606.ENSP00000354558,9606.ENSP00000497069,0.872,STRING
IL6,AKT1,9606.ENSP00000385675,9606.ENSP00000451828,0.872,STRING
NDUFAF3,NDUFV3,9606.ENSP00000323076,9606.ENSP00000346196,0.872,STRING
RBX1,FBXO11,9606.ENSP00000216225,9606.ENSP00000384823,0.872,STRING
APP,GRIN2B,9606.ENSP00000284981,9606.ENSP00000477455,0.872,STRING
SDHD,NDUFA5,9606.ENSP00000364699,9606.ENSP00000417142,0.872,STRING
MET,PIK3R1,9606.ENSP00000317272,9606.ENSP00000428056,0.872,STRING
IL4,TSLP,9606.ENSP00000231449,9606.ENSP00000339804,0.872,STRING
LIPC,LPA,9606.ENSP00000299022,9606.ENSP00000321334,0.872,STRING
IFNAR1,IL6,9606.ENSP00000270139,9606.ENSP00000385675,0.872,STRING
PSMD4,BAP1,9606.ENSP00000357876,9606.ENSP00000417132,0.872,STRING
PSMA6,PSMB11,9606.ENSP00000261479,9606.ENSP00000386212,0.872,STRING
SRC,HIF1A,9606.ENSP00000362680,9606.ENSP00000437955,0.872,STRING
IL13,IL7R,9606.ENSP00000304915,9606.ENSP00000306157,0.872,STRING
MAPT,AKT1,9606.ENSP00000340820,9606.ENSP00000451828,0.872,STRING
KRAS,MYC,9606.ENSP00000256078,9606.ENSP00000478887,0.872,STRING
BAP1,ADRM1,9606.ENSP00000417132,9606.ENSP00000478877,0.872,STRING
PSMA3,CDKN1A,9606.ENSP00000216455,9606.ENSP00000384849,0.871,STRING
CYP11B2,AGTR1,9606.ENSP00000325822,9606.ENSP00000398832,0.871,STRING
SRC,EPHB2,9606.ENSP00000362680,9606.ENSP00000383053,0.871,STRING
MTNR1A,FAT1,9606.ENSP00000302811,9606.ENSP00000406229,0.871,STRING
INS,HNF1A,9606.ENSP00000380432,9606.ENSP00000438804,0.871,STRING
IDH2,TET2,9606.ENSP00000331897,9606.ENSP00000442788,0.871,STRING
GBA,ATP13A2,9606.ENSP00000314508,9606.ENSP00000327214,0.871,STRING
GABRB1,GABBR1,9606.ENSP00000295454,9606.ENSP00000366233,0.871,STRING
TGFA,NTRK1,9606.ENSP00000404131,9606.ENSP00000431418,0.871,STRING
VWF,ALB,9606.ENSP00000261405,9606.ENSP00000295897,0.871,STRING
PSMC5,PSMB10,9606.ENSP00000310572,9606.ENSP00000351314,0.871,STRING
ATM,MYC,9606.ENSP00000278616,9606.ENSP00000478887,0.871,STRING
IL2RA,CTLA4,9606.ENSP00000369293,9606.ENSP00000497102,0.871,STRING
RUNX1,ABL1,9606.ENSP00000300305,9606.ENSP00000361423,0.871,STRING
IL7R,FOXP3,9606.ENSP00000306157,9606.ENSP00000365380,0.871,STRING
FOXA1,GATA4,9606.ENSP00000250448,9606.ENSP00000435712,0.871,STRING
MMP9,PLAU,9606.ENSP00000361405,9606.ENSP00000361850,0.871,STRING
CHUK,CD40,9606.ENSP00000359424,9606.ENSP00000361359,0.871,STRING
RET,PTPN11,9606.ENSP00000347942,9606.ENSP00000489597,0.871,STRING
IL2RB,STAT3,9606.ENSP00000216223,9606.ENSP00000264657,0.871,STRING
HRAS,MYC,9606.ENSP00000407586,9606.ENSP00000478887,0.871,STRING
CACNA1C,CACNA2D3,9606.ENSP00000266376,9606.ENSP00000419101,0.871,STRING
AR,HIF1A,9606.ENSP00000363822,9606.ENSP00000437955,0.871,STRING
MAPK3,STAT3,9606.ENSP00000263025,9606.ENSP00000264657,0.87,STRING
DSG3,DST,9606.ENSP00000257189,9606.ENSP00000307959,0.87,STRING
CD4,TGFB1,9606.ENSP00000011653,9606.ENSP00000221930,0.87,STRING
CCND1,BCL6,9606.ENSP00000227507,9606.ENSP00000384371,0.87,STRING
SHH,CTNNB1,9606.ENSP00000297261,9606.ENSP00000495360,0.87,STRING
ALB,TNF,9606.ENSP00000295897,9606.ENSP00000398698,0.87,STRING
BRD4,KMT2A,9606.ENSP00000263377,9606.ENSP00000436786,0.87,STRING
GABRB1,GABRG2,9606.ENSP00000295454,9606.ENSP00000410732,0.87,STRING
BRD4,TOP2A,9606.ENSP00000263377,9606.ENSP00000411532,0.87,STRING
EGFR,CD274,9606.ENSP00000275493,9606.ENSP00000370989,0.87,STRING
CXCL8,IL1R1,9606.ENSP00000306512,9606.ENSP00000386380,0.87,STRING
GJA1,CTNNB1,9606.ENSP00000282561,9606.ENSP00000495360,0.87,STRING
IL5,IL7R,9606.ENSP00000231454,9606.ENSP00000306157,0.87,STRING
NFKB1,APP,9606.ENSP00000226574,9606.ENSP00000284981,0.87,STRING
TP53,PRDM1,9606.ENSP00000269305,9606.ENSP00000358092,0.87,STRING
NDUFAF3,NDUFB6,9606.ENSP00000323076,9606.ENSP00000369176,0.87,STRING
SOX2,PBX1,9606.ENSP00000323588,9606.ENSP00000405890,0.87,STRING
ALPL,ENPP1,9606.ENSP00000363973,9606.ENSP00000498074,0.87,STRING
TGFB1,STAT3,9606.ENSP00000221930,9606.ENSP00000264657,0.87,STRING
NDUFV3,NDUFAF4,9606.ENSP00000346196,9606.ENSP00000358272,0.87,STRING
CREBBP,KMT2D,9606.ENSP00000262367,9606.ENSP00000301067,0.87,STRING
NRAS,LZTR1,9606.ENSP00000358548,9606.ENSP00000496779,0.87,STRING
IRAK1,SOCS1,9606.ENSP00000358997,9606.ENSP00000496577,0.87,STRING
NR3C1,EGFR,9606.ENSP00000231509,9606.ENSP00000275493,0.87,STRING
CD4,IL17F,9606.ENSP00000011653,9606.ENSP00000337432,0.87,STRING
IL18,IL33,9606.ENSP00000280357,9606.ENSP00000370842,0.869,STRING
GCK,MTNR1B,9606.ENSP00000223366,9606.ENSP00000257068,0.869,STRING
RUNX1,TET2,9606.ENSP00000300305,9606.ENSP00000442788,0.869,STRING
CACNG1,RYR1,9606.ENSP00000226021,9606.ENSP00000352608,0.869,STRING
IL4,TLR4,9606.ENSP00000231449,9606.ENSP00000363089,0.869,STRING
KDM6A,KMT2A,9606.ENSP00000367203,9606.ENSP00000436786,0.869,STRING
RXRG,NR1H4,9606.ENSP00000352900,9606.ENSP00000447149,0.869,STRING
CXCL8,ANGPT2,9606.ENSP00000306512,9606.ENSP00000314897,0.869,STRING
HMGB1,ELANE,9606.ENSP00000345347,9606.ENSP00000466090,0.869,STRING
PSMA8,ADRM1,9606.ENSP00000311121,9606.ENSP00000478877,0.869,STRING
CACNB3,CACNA2D2,9606.ENSP00000301050,9606.ENSP00000418081,0.869,STRING
STAT3,MMP1,9606.ENSP00000264657,9606.ENSP00000322788,0.869,STRING
PSMB11,ADRM1,9606.ENSP00000386212,9606.ENSP00000478877,0.869,STRING
IL1B,IL2RA,9606.ENSP00000263341,9606.ENSP00000369293,0.869,STRING
EP300,BCL2,9606.ENSP00000263253,9606.ENSP00000381185,0.869,STRING
GRIN1,NEFL,9606.ENSP00000360608,9606.ENSP00000482169,0.869,STRING
IL13,JAK1,9606.ENSP00000304915,9606.ENSP00000499900,0.869,STRING
NLRP3,TNF,9606.ENSP00000337383,9606.ENSP00000398698,0.869,STRING
PTEN,INS,9606.ENSP00000361021,9606.ENSP00000380432,0.869,STRING
TNIK,CTNNB1,9606.ENSP00000399511,9606.ENSP00000495360,0.869,STRING
SMAD3,PARP1,9606.ENSP00000332973,9606.ENSP00000355759,0.869,STRING
CACNG3,GRIA4,9606.ENSP00000005284,9606.ENSP00000282499,0.869,STRING
CD40LG,IL2RA,9606.ENSP00000359663,9606.ENSP00000369293,0.868,STRING
MLH1,KRAS,9606.ENSP00000231790,9606.ENSP00000256078,0.868,STRING
SLC6A4,MAOB,9606.ENSP00000261707,9606.ENSP00000367309,0.868,STRING
PSMA7,HIF1A,9606.ENSP00000359910,9606.ENSP00000437955,0.868,STRING
ERBB2,PTEN,9606.ENSP00000269571,9606.ENSP00000361021,0.868,STRING
RET,NRAS,9606.ENSP00000347942,9606.ENSP00000358548,0.868,STRING
IRAK1,IRF5,9606.ENSP00000358997,9606.ENSP00000418037,0.868,STRING
TLR9,IL10,9606.ENSP00000353874,9606.ENSP00000412237,0.868,STRING
RPE65,ABCA4,9606.ENSP00000262340,9606.ENSP00000359245,0.868,STRING
GABRG1,GABRG2,9606.ENSP00000295452,9606.ENSP00000410732,0.868,STRING
TGFB1,AKT1,9606.ENSP00000221930,9606.ENSP00000451828,0.868,STRING
PALB2,MT-ND6,9606.ENSP00000261584,9606.ENSP00000354665,0.868,STRING
STAT3,IL17F,9606.ENSP00000264657,9606.ENSP00000337432,0.868,STRING
EGFR,TNK2,9606.ENSP00000275493,9606.ENSP00000371341,0.868,STRING
CALM3,NGF,9606.ENSP00000291295,9606.ENSP00000358525,0.868,STRING
BCL2,IL6,9606.ENSP00000381185,9606.ENSP00000385675,0.868,STRING
FOXA2,GATA4,9606.ENSP00000400341,9606.ENSP00000435712,0.868,STRING
ALB,AGT,9606.ENSP00000295897,9606.ENSP00000355627,0.868,STRING
IL5,TSLP,9606.ENSP00000231454,9606.ENSP00000339804,0.868,STRING
PSMD2,PSMB10,9606.ENSP00000310129,9606.ENSP00000351314,0.868,STRING
WT1,TET2,9606.ENSP00000368370,9606.ENSP00000442788,0.868,STRING
SYK,ITGB3,9606.ENSP00000364898,9606.ENSP00000452786,0.868,STRING
CD4,TLR9,9606.ENSP00000011653,9606.ENSP00000353874,0.868,STRING
TP53,HNF4A,9606.ENSP00000269305,9606.ENSP00000312987,0.868,STRING
CSF2RB,PTPN11,9606.ENSP00000384053,9606.ENSP00000489597,0.867,STRING
ACE,CYP11B2,9606.ENSP00000290866,9606.ENSP00000325822,0.867,STRING
STAT3,NGF,9606.ENSP00000264657,9606.ENSP00000358525,0.867,STRING
IL1B,CCR2,9606.ENSP00000263341,9606.ENSP00000292301,0.867,STRING
ANK1,TRPM8,9606.ENSP00000265709,9606.ENSP00000323926,0.867,STRING
TP53,HMGA2,9606.ENSP00000269305,9606.ENSP00000437621,0.867,STRING
TLR2,IL1R1,9606.ENSP00000260010,9606.ENSP00000386380,0.867,STRING
IL12B,IFNGR1,9606.ENSP00000231228,9606.ENSP00000356713,0.867,STRING
CACNG4,GRIA4,9606.ENSP00000262138,9606.ENSP00000282499,0.867,STRING
FOXA1,SHH,9606.ENSP00000250448,9606.ENSP00000297261,0.867,STRING
SMAD3,BRCA1,9606.ENSP00000332973,9606.ENSP00000418960,0.867,STRING
CACNA1D,CACNG2,9606.ENSP00000288139,9606.ENSP00000300105,0.867,STRING
EZH2,AKT1,9606.ENSP00000320147,9606.ENSP00000451828,0.867,STRING
PSMB10,PSMD13,9606.ENSP00000351314,9606.ENSP00000396937,0.867,STRING
COL1A1,COL2A1,9606.ENSP00000225964,9606.ENSP00000369889,0.867,STRING
CACNG2,CACNB3,9606.ENSP00000300105,9606.ENSP00000301050,0.867,STRING
RORA,HIF1A,9606.ENSP00000261523,9606.ENSP00000437955,0.867,STRING
HGF,SRC,9606.ENSP00000222390,9606.ENSP00000362680,0.867,STRING
IFNG,TLR7,9606.ENSP00000229135,9606.ENSP00000370034,0.867,STRING
PSMD11,PSMA8,9606.ENSP00000261712,9606.ENSP00000311121,0.867,STRING
CACNG3,GRIA1,9606.ENSP00000005284,9606.ENSP00000428994,0.867,STRING
GSK3B,SRC,9606.ENSP00000324806,9606.ENSP00000362680,0.867,STRING
PCSK9,PCSK5,9606.ENSP00000303208,9606.ENSP00000446280,0.867,STRING
SOX2,GATA4,9606.ENSP00000323588,9606.ENSP00000435712,0.867,STRING
TLR4,IL17A,9606.ENSP00000363089,9606.ENSP00000497968,0.867,STRING
GABRA1,GABRQ,9606.ENSP00000393097,9606.ENSP00000469332,0.867,STRING
APOB,INS,9606.ENSP00000233242,9606.ENSP00000380432,0.867,STRING
SORT1,PCSK9,9606.ENSP00000256637,9606.ENSP00000303208,0.866,STRING
AGT,TLR4,9606.ENSP00000355627,9606.ENSP00000363089,0.866,STRING
CSF1R,PDGFB,9606.ENSP00000286301,9606.ENSP00000330382,0.866,STRING
HMGCR,ABCA1,9606.ENSP00000287936,9606.ENSP00000363868,0.866,STRING
CDKN2A,AKT1,9606.ENSP00000418915,9606.ENSP00000451828,0.866,STRING
PTGS1,TBXAS1,9606.ENSP00000354612,9606.ENSP00000389414,0.866,STRING
IFNG,ALB,9606.ENSP00000229135,9606.ENSP00000295897,0.866,STRING
IL4,IFNAR2,9606.ENSP00000231449,9606.ENSP00000343957,0.866,STRING
SLC22A1,SLC28A1,9606.ENSP00000355930,9606.ENSP00000378074,0.866,STRING
DDB1,NF2,9606.ENSP00000301764,9606.ENSP00000344666,0.866,STRING
VWF,FGA,9606.ENSP00000261405,9606.ENSP00000498441,0.866,STRING
AHR,CYP1A2,9606.ENSP00000242057,9606.ENSP00000342007,0.866,STRING
APOC1,LPL,9606.ENSP00000465356,9606.ENSP00000497642,0.866,STRING
AXIN1,CAV1,9606.ENSP00000262320,9606.ENSP00000339191,0.866,STRING
TP53,MAP3K1,9606.ENSP00000269305,9606.ENSP00000382423,0.866,STRING
IL1B,NOD2,9606.ENSP00000263341,9606.ENSP00000300589,0.866,STRING
GABBR1,GABRD,9606.ENSP00000366233,9606.ENSP00000367848,0.866,STRING
RARA,EZH2,9606.ENSP00000254066,9606.ENSP00000320147,0.866,STRING
MET,FGF9,9606.ENSP00000317272,9606.ENSP00000371790,0.865,STRING
ATM,RAD51B,9606.ENSP00000278616,9606.ENSP00000419881,0.865,STRING
SLC4A1,SPTA1,9606.ENSP00000262418,9606.ENSP00000495214,0.865,STRING
TGFB3,SMAD2,9606.ENSP00000238682,9606.ENSP00000262160,0.865,STRING
FANCD2,CHEK2,9606.ENSP00000287647,9606.ENSP00000372023,0.865,STRING
CDK4,PTEN,9606.ENSP00000257904,9606.ENSP00000361021,0.865,STRING
PDGFRA,FGF9,9606.ENSP00000257290,9606.ENSP00000371790,0.865,STRING
IL5,CD8A,9606.ENSP00000231454,9606.ENSP00000386559,0.865,STRING
PDGFRB,TGFA,9606.ENSP00000261799,9606.ENSP00000404131,0.865,STRING
FLT3,KRAS,9606.ENSP00000241453,9606.ENSP00000256078,0.865,STRING
HGF,FGF9,9606.ENSP00000222390,9606.ENSP00000371790,0.865,STRING
TGFB3,SMAD3,9606.ENSP00000238682,9606.ENSP00000332973,0.865,STRING
HRAS,CTNNB1,9606.ENSP00000407586,9606.ENSP00000495360,0.865,STRING
IL1B,TLR7,9606.ENSP00000263341,9606.ENSP00000370034,0.865,STRING
NDUFB7,NDUFAF4,9606.ENSP00000215565,9606.ENSP00000358272,0.865,STRING
CACNA1D,RYR1,9606.ENSP00000288139,9606.ENSP00000352608,0.865,STRING
CYP11A1,LHCGR,9606.ENSP00000268053,9606.ENSP00000294954,0.865,STRING
RAC1,AKT1,9606.ENSP00000348461,9606.ENSP00000451828,0.865,STRING
TP53,TNF,9606.ENSP00000269305,9606.ENSP00000398698,0.865,STRING
TGFB1,FOXP3,9606.ENSP00000221930,9606.ENSP00000365380,0.865,STRING
CD40,FAS,9606.ENSP00000361359,9606.ENSP00000498466,0.865,STRING
KCNA5,KCNH2,9606.ENSP00000252321,9606.ENSP00000262186,0.865,STRING
COL1A1,PDGFB,9606.ENSP00000225964,9606.ENSP00000330382,0.864,STRING
MAPK3,MBP,9606.ENSP00000263025,9606.ENSP00000380958,0.864,STRING
ERBB3,INS,9606.ENSP00000267101,9606.ENSP00000380432,0.864,STRING
NFKB1,MAPK14,9606.ENSP00000226574,9606.ENSP00000229795,0.864,STRING
LRP6,LRRK2,9606.ENSP00000261349,9606.ENSP00000298910,0.864,STRING
GRIN2D,GRIA4,9606.ENSP00000263269,9606.ENSP00000282499,0.864,STRING
PDGFRA,ANGPT2,9606.ENSP00000257290,9606.ENSP00000314897,0.864,STRING
PROS1,VKORC1,9606.ENSP00000377783,9606.ENSP00000378426,0.864,STRING
PTPN22,CTLA4,9606.ENSP00000352833,9606.ENSP00000497102,0.864,STRING
SCN9A,GABRG2,9606.ENSP00000386306,9606.ENSP00000410732,0.864,STRING
NCOR1,HDAC11,9606.ENSP00000268712,9606.ENSP00000295757,0.864,STRING
NDUFAF3,MT-ND4,9606.ENSP00000323076,9606.ENSP00000354961,0.864,STRING
CCND1,BRAF,9606.ENSP00000227507,9606.ENSP00000419060,0.864,STRING
HCN4,NKX2-5,9606.ENSP00000261917,9606.ENSP00000327758,0.864,STRING
GRIA4,CACNG5,9606.ENSP00000282499,9606.ENSP00000436836,0.864,STRING
FGR,WAS,9606.ENSP00000363117,9606.ENSP00000365891,0.864,STRING
SRC,CXCR4,9606.ENSP00000362680,9606.ENSP00000386884,0.864,STRING
IL1B,AKT1,9606.ENSP00000263341,9606.ENSP00000451828,0.864,STRING
APP,SRC,9606.ENSP00000284981,9606.ENSP00000362680,0.864,STRING
IL1RL1,IL13,9606.ENSP00000233954,9606.ENSP00000304915,0.864,STRING
FGFR1,BDNF,9606.ENSP00000393312,9606.ENSP00000414303,0.864,STRING
TNFRSF1A,EGFR,9606.ENSP00000162749,9606.ENSP00000275493,0.864,STRING
EGFR,AR,9606.ENSP00000275493,9606.ENSP00000363822,0.864,STRING
PIM1,SERPINA1,9606.ENSP00000362608,9606.ENSP00000416066,0.863,STRING
IL2,IFNGR1,9606.ENSP00000226730,9606.ENSP00000356713,0.863,STRING
ETV6,ABL2,9606.ENSP00000379658,9606.ENSP00000427562,0.863,STRING
VWF,FGG,9606.ENSP00000261405,9606.ENSP00000336829,0.863,STRING
CACNA1G,CACNA1E,9606.ENSP00000352011,9606.ENSP00000356545,0.863,STRING
STAT4,IRF5,9606.ENSP00000351255,9606.ENSP00000418037,0.863,STRING
AGT,INS,9606.ENSP00000355627,9606.ENSP00000380432,0.863,STRING
IL7R,CD3E,9606.ENSP00000306157,9606.ENSP00000354566,0.863,STRING
IFNG,NCAM1,9606.ENSP00000229135,9606.ENSP00000480132,0.863,STRING
EPHB1,EPHB6,9606.ENSP00000381097,9606.ENSP00000481994,0.863,STRING
IL1B,CD86,9606.ENSP00000263341,9606.ENSP00000332049,0.863,STRING
ZEB1,CTNNB1,9606.ENSP00000354487,9606.ENSP00000495360,0.863,STRING
BRAF,PTPN11,9606.ENSP00000419060,9606.ENSP00000489597,0.862,STRING
CSF1R,ITGB2,9606.ENSP00000286301,9606.ENSP00000380948,0.862,STRING
CD38,CD86,9606.ENSP00000226279,9606.ENSP00000332049,0.862,STRING
APOE,ERBB4,9606.ENSP00000252486,9606.ENSP00000342235,0.862,STRING
ALB,ACE2,9606.ENSP00000295897,9606.ENSP00000389326,0.862,STRING
NR3C1,HDAC2,9606.ENSP00000231509,9606.ENSP00000430432,0.862,STRING
KRAS,ROS1,9606.ENSP00000256078,9606.ENSP00000357494,0.862,STRING
KRAS,BCL2,9606.ENSP00000256078,9606.ENSP00000381185,0.862,STRING
MAP2K3,AKT1,9606.ENSP00000345083,9606.ENSP00000451828,0.862,STRING
SLC6A3,DDC,9606.ENSP00000270349,9606.ENSP00000403644,0.862,STRING
MMP13,COL2A1,9606.ENSP00000260302,9606.ENSP00000369889,0.862,STRING
MAPK14,MKNK2,9606.ENSP00000229795,9606.ENSP00000250896,0.862,STRING
RUNX2,ERG,9606.ENSP00000360493,9606.ENSP00000414150,0.862,STRING
KRAS,ERBB4,9606.ENSP00000256078,9606.ENSP00000342235,0.862,STRING
IFNAR1,STAT4,9606.ENSP00000270139,9606.ENSP00000351255,0.862,STRING
CD86,IL6,9606.ENSP00000332049,9606.ENSP00000385675,0.862,STRING
FDX1,CYP11B2,9606.ENSP00000260270,9606.ENSP00000325822,0.862,STRING
DDB1,ERCC2,9606.ENSP00000301764,9606.ENSP00000375809,0.862,STRING
HNF4A,FOXA2,9606.ENSP00000312987,9606.ENSP00000400341,0.862,STRING
CCND1,BRCA2,9606.ENSP00000227507,9606.ENSP00000369497,0.861,STRING
PBX1,FOXP1,9606.ENSP00000405890,9606.ENSP00000484803,0.861,STRING
HRAS,LZTR1,9606.ENSP00000407586,9606.ENSP00000496779,0.861,STRING
FGF23,ENPP1,9606.ENSP00000237837,9606.ENSP00000498074,0.861,STRING
MT-ND5,NDUFAF4,9606.ENSP00000354813,9606.ENSP00000358272,0.861,STRING
CACNA1S,CACNA2D2,9606.ENSP00000355192,9606.ENSP00000418081,0.861,STRING
HTR1A,MAOA,9606.ENSP00000316244,9606.ENSP00000340684,0.861,STRING
MEN1,ATRX,9606.ENSP00000337088,9606.ENSP00000362441,0.861,STRING
CD4,CXCL8,9606.ENSP00000011653,9606.ENSP00000306512,0.861,STRING
PSMD1,PSMB10,9606.ENSP00000309474,9606.ENSP00000351314,0.861,STRING
EGFR,ABL1,9606.ENSP00000275493,9606.ENSP00000361423,0.861,STRING
CACNA1H,CACNB4,9606.ENSP00000334198,9606.ENSP00000438949,0.861,STRING
FLT3,ASXL1,9606.ENSP00000241453,9606.ENSP00000364839,0.861,STRING
CDK4,SFN,9606.ENSP00000257904,9606.ENSP00000340989,0.861,STRING
RB1,EZH2,9606.ENSP00000267163,9606.ENSP00000320147,0.861,STRING
TTR,FOXA2,9606.ENSP00000237014,9606.ENSP00000400341,0.861,STRING
PARP1,EWSR1,9606.ENSP00000355759,9606.ENSP00000400142,0.861,STRING
STAT4,IL6,9606.ENSP00000351255,9606.ENSP00000385675,0.861,STRING
APOB,ABCA1,9606.ENSP00000233242,9606.ENSP00000363868,0.861,STRING
DSP,CTNNB1,9606.ENSP00000369129,9606.ENSP00000495360,0.861,STRING
NDUFAF4,NDUFB2,9606.ENSP00000358272,9606.ENSP00000419087,0.861,STRING
MAP3K1,RHOA,9606.ENSP00000382423,9606.ENSP00000400175,0.861,STRING
NFKB1,CARD11,9606.ENSP00000226574,9606.ENSP00000380150,0.861,STRING
SLC26A3,MBP,9606.ENSP00000345873,9606.ENSP00000380958,0.861,STRING
APP,NEFL,9606.ENSP00000284981,9606.ENSP00000482169,0.861,STRING
CBL,ERBB4,9606.ENSP00000264033,9606.ENSP00000342235,0.861,STRING
WAS,LCK,9606.ENSP00000365891,9606.ENSP00000477713,0.861,STRING
RIPK2,NLRP3,9606.ENSP00000220751,9606.ENSP00000337383,0.861,STRING
NDUFAF3,NDUFC1,9606.ENSP00000323076,9606.ENSP00000441126,0.86,STRING
LPA,FGA,9606.ENSP00000321334,9606.ENSP00000498441,0.86,STRING
SOX2,CHD7,9606.ENSP00000323588,9606.ENSP00000392028,0.86,STRING
MPO,IL1B,9606.ENSP00000225275,9606.ENSP00000263341,0.86,STRING
SLC47A1,SLC22A1,9606.ENSP00000270570,9606.ENSP00000355930,0.86,STRING
VWF,SERPINC1,9606.ENSP00000261405,9606.ENSP00000356671,0.86,STRING
RUNX1,PBX1,9606.ENSP00000300305,9606.ENSP00000405890,0.86,STRING
DHODH,CPS1,9606.ENSP00000219240,9606.ENSP00000402608,0.86,STRING
TP53,CDKN2B,9606.ENSP00000269305,9606.ENSP00000276925,0.86,STRING
SMAD4,ACVR1,9606.ENSP00000341551,9606.ENSP00000405004,0.86,STRING
MAPK3,IL1B,9606.ENSP00000263025,9606.ENSP00000263341,0.86,STRING
KIT,TGFA,9606.ENSP00000288135,9606.ENSP00000404131,0.86,STRING
TLR1,ITGB2,9606.ENSP00000354932,9606.ENSP00000380948,0.86,STRING
NLRP3,IL6,9606.ENSP00000337383,9606.ENSP00000385675,0.86,STRING
PDGFRA,BDNF,9606.ENSP00000257290,9606.ENSP00000414303,0.86,STRING
HGF,IL6,9606.ENSP00000222390,9606.ENSP00000385675,0.86,STRING
SRC,BCL2,9606.ENSP00000362680,9606.ENSP00000381185,0.86,STRING
CXCL8,AGT,9606.ENSP00000306512,9606.ENSP00000355627,0.86,STRING
ITGA2B,COL2A1,9606.ENSP00000262407,9606.ENSP00000369889,0.86,STRING
GPD2,NDUFS8,9606.ENSP00000308610,9606.ENSP00000315774,0.86,STRING
EGFR,LYN,9606.ENSP00000275493,9606.ENSP00000428924,0.859,STRING
TGFB1,RUNX3,9606.ENSP00000221930,9606.ENSP00000382800,0.859,STRING
EGFR,ANGPT2,9606.ENSP00000275493,9606.ENSP00000314897,0.859,STRING
IL2RB,IL6,9606.ENSP00000216223,9606.ENSP00000385675,0.859,STRING
TGFBR1,CTNNB1,9606.ENSP00000447297,9606.ENSP00000495360,0.859,STRING
FGF9,IGF1R,9606.ENSP00000371790,9606.ENSP00000497069,0.859,STRING
CDH1,NF2,9606.ENSP00000261769,9606.ENSP00000344666,0.859,STRING
NDUFA7,NDUFAF4,9606.ENSP00000301457,9606.ENSP00000358272,0.859,STRING
CD4,ITGAL,9606.ENSP00000011653,9606.ENSP00000349252,0.859,STRING
PIK3CA,STAT3,9606.ENSP00000263967,9606.ENSP00000264657,0.859,STRING
SMARCA4,ESR1,9606.ENSP00000343896,9606.ENSP00000405330,0.859,STRING
RET,SRC,9606.ENSP00000347942,9606.ENSP00000362680,0.859,STRING
CDKN1B,CDKN2B,9606.ENSP00000228872,9606.ENSP00000276925,0.859,STRING
KCNQ3,SCN2A,9606.ENSP00000373648,9606.ENSP00000490107,0.859,STRING
ZPR1,APOA5,9606.ENSP00000227322,9606.ENSP00000445002,0.859,STRING
EP300,CDKN2A,9606.ENSP00000263253,9606.ENSP00000418915,0.859,STRING
EGFR,CALM3,9606.ENSP00000275493,9606.ENSP00000291295,0.859,STRING
STAT5B,LEPR,9606.ENSP00000293328,9606.ENSP00000330393,0.859,STRING
FDX1,CYP11B1,9606.ENSP00000260270,9606.ENSP00000292427,0.859,STRING
SMAD4,AR,9606.ENSP00000341551,9606.ENSP00000363822,0.859,STRING
IL2RG,CD8A,9606.ENSP00000363318,9606.ENSP00000386559,0.859,STRING
C3,SERPINA1,9606.ENSP00000245907,9606.ENSP00000416066,0.859,STRING
CD4,PTK2,9606.ENSP00000011653,9606.ENSP00000341189,0.859,STRING
MLH1,RAD51D,9606.ENSP00000231790,9606.ENSP00000466399,0.859,STRING
PDE5A,NPR1,9606.ENSP00000347046,9606.ENSP00000357669,0.859,STRING
STAT3,NFKBIZ,9606.ENSP00000264657,9606.ENSP00000325663,0.859,STRING
CACNG7,GRIA3,9606.ENSP00000375647,9606.ENSP00000481554,0.858,STRING
SMAD4,ZNF423,9606.ENSP00000341551,9606.ENSP00000455426,0.858,STRING
ABCG8,NR1H4,9606.ENSP00000272286,9606.ENSP00000447149,0.858,STRING
FGF10,KIT,9606.ENSP00000264664,9606.ENSP00000288135,0.858,STRING
ATRX,BRCA1,9606.ENSP00000362441,9606.ENSP00000418960,0.858,STRING
RB1,BRCA1,9606.ENSP00000267163,9606.ENSP00000418960,0.858,STRING
MC2R,CYP17A1,9606.ENSP00000333821,9606.ENSP00000358903,0.858,STRING
RUNX1,SRSF2,9606.ENSP00000300305,9606.ENSP00000376276,0.858,STRING
MAPK1,CDKN1B,9606.ENSP00000215832,9606.ENSP00000228872,0.858,STRING
IL23A,IL6,9606.ENSP00000228534,9606.ENSP00000385675,0.858,STRING
SCNN1A,SLC12A3,9606.ENSP00000353292,9606.ENSP00000402152,0.858,STRING
CSF1R,PTPN11,9606.ENSP00000286301,9606.ENSP00000489597,0.858,STRING
PSMC2,SEM1,9606.ENSP00000391211,9606.ENSP00000481021,0.858,STRING
NBN,FANCD2,9606.ENSP00000265433,9606.ENSP00000287647,0.858,STRING
IFNG,CD19,9606.ENSP00000229135,9606.ENSP00000313419,0.858,STRING
TNFRSF8,TNF,9606.ENSP00000263932,9606.ENSP00000398698,0.858,STRING
IL1B,PPARG,9606.ENSP00000263341,9606.ENSP00000287820,0.858,STRING
STAT3,PGR,9606.ENSP00000264657,9606.ENSP00000325120,0.858,STRING
CD4,NFKB1,9606.ENSP00000011653,9606.ENSP00000226574,0.858,STRING
CALM3,SRC,9606.ENSP00000291295,9606.ENSP00000362680,0.858,STRING
MAPK1,MAP3K1,9606.ENSP00000215832,9606.ENSP00000382423,0.858,STRING
MECOM,SMAD3,9606.ENSP00000264674,9606.ENSP00000332973,0.858,STRING
GRID2,GRIA2,9606.ENSP00000282020,9606.ENSP00000296526,0.858,STRING
PIK3R1,CTNNB1,9606.ENSP00000428056,9606.ENSP00000495360,0.858,STRING
CYP2C19,ABCB1,9606.ENSP00000360372,9606.ENSP00000478255,0.858,STRING
SCNN1G,NR3C2,9606.ENSP00000300061,9606.ENSP00000350815,0.858,STRING
APP,BDNF,9606.ENSP00000284981,9606.ENSP00000414303,0.858,STRING
KMT2C,TP53,9606.ENSP00000262189,9606.ENSP00000269305,0.858,STRING
DMD,TTN,9606.ENSP00000354923,9606.ENSP00000467141,0.857,STRING
STAT3,CXCL8,9606.ENSP00000264657,9606.ENSP00000306512,0.857,STRING
TSC2,STK11,9606.ENSP00000219476,9606.ENSP00000324856,0.857,STRING
CDKAL1,KCNJ11,9606.ENSP00000274695,9606.ENSP00000345708,0.857,STRING
MTOR,PIK3CG,9606.ENSP00000354558,9606.ENSP00000419260,0.857,STRING
PPARG,HDAC1,9606.ENSP00000287820,9606.ENSP00000362649,0.857,STRING
NFE2L2,NOTCH1,9606.ENSP00000380252,9606.ENSP00000498587,0.857,STRING
HCK,PIK3R1,9606.ENSP00000365012,9606.ENSP00000428056,0.857,STRING
TBK1,TLR9,9606.ENSP00000329967,9606.ENSP00000353874,0.857,STRING
NTRK1,ADORA2A,9606.ENSP00000431418,9606.ENSP00000480012,0.857,STRING
PSMD3,PSMB10,9606.ENSP00000264639,9606.ENSP00000351314,0.857,STRING
CD40,CD274,9606.ENSP00000361359,9606.ENSP00000370989,0.857,STRING
IL10,IDO1,9606.ENSP00000412237,9606.ENSP00000430950,0.857,STRING
PIK3CA,FBXW7,9606.ENSP00000263967,9606.ENSP00000474725,0.857,STRING
CD3G,HMBS,9606.ENSP00000431445,9606.ENSP00000498786,0.857,STRING
TNFRSF1A,TNFSF13B,9606.ENSP00000162749,9606.ENSP00000365048,0.857,STRING
CD80,IDO1,9606.ENSP00000264246,9606.ENSP00000430950,0.857,STRING
PTPN22,JAK1,9606.ENSP00000352833,9606.ENSP00000499900,0.857,STRING
TTN,TNNT2,9606.ENSP00000467141,9606.ENSP00000499593,0.857,STRING
AR,FOXA2,9606.ENSP00000363822,9606.ENSP00000400341,0.857,STRING
GSK3B,FBXW7,9606.ENSP00000324806,9606.ENSP00000474725,0.856,STRING
BARD1,RAD51B,9606.ENSP00000260947,9606.ENSP00000419881,0.856,STRING
IL2,NCAM1,9606.ENSP00000226730,9606.ENSP00000480132,0.856,STRING
CD40LG,CTLA4,9606.ENSP00000359663,9606.ENSP00000497102,0.856,STRING
PAX2,WT1,9606.ENSP00000359319,9606.ENSP00000368370,0.856,STRING
MET,IL6,9606.ENSP00000317272,9606.ENSP00000385675,0.856,STRING
RAC1,SRC,9606.ENSP00000348461,9606.ENSP00000362680,0.856,STRING
CDH1,ERBB3,9606.ENSP00000261769,9606.ENSP00000267101,0.856,STRING
PARP1,CDKN1A,9606.ENSP00000355759,9606.ENSP00000384849,0.856,STRING
CACNB2,CACNA1H,9606.ENSP00000320025,9606.ENSP00000334198,0.856,STRING
KDR,ENG,9606.ENSP00000263923,9606.ENSP00000362299,0.856,STRING
CACNG1,CACNA1E,9606.ENSP00000226021,9606.ENSP00000356545,0.856,STRING
IL4,JAK2,9606.ENSP00000231449,9606.ENSP00000371067,0.856,STRING
NPM1,BRCA2,9606.ENSP00000296930,9606.ENSP00000369497,0.856,STRING
FLNC,DMD,9606.ENSP00000327145,9606.ENSP00000354923,0.856,STRING
CACNA1D,CACNA1H,9606.ENSP00000288139,9606.ENSP00000334198,0.856,STRING
APP,NTRK1,9606.ENSP00000284981,9606.ENSP00000431418,0.856,STRING
AGT,TNF,9606.ENSP00000355627,9606.ENSP00000398698,0.856,STRING
CD40,IL17A,9606.ENSP00000361359,9606.ENSP00000497968,0.856,STRING
CACNA1C,FKBP1A,9606.ENSP00000266376,9606.ENSP00000383003,0.856,STRING
COL1A1,DDR2,9606.ENSP00000225964,9606.ENSP00000356899,0.856,STRING
HMGCR,PPARA,9606.ENSP00000287936,9606.ENSP00000385523,0.856,STRING
CYP1B1,FOXC1,9606.ENSP00000478561,9606.ENSP00000493906,0.856,STRING
LHCGR,CYP17A1,9606.ENSP00000294954,9606.ENSP00000358903,0.856,STRING
RAD51D,POLD1,9606.ENSP00000466399,9606.ENSP00000472445,0.856,STRING
HGF,PDGFRB,9606.ENSP00000222390,9606.ENSP00000261799,0.855,STRING
EP300,ARID1A,9606.ENSP00000263253,9606.ENSP00000320485,0.855,STRING
TYK2,GHR,9606.ENSP00000431885,9606.ENSP00000483403,0.855,STRING
FGF10,TEK,9606.ENSP00000264664,9606.ENSP00000369375,0.855,STRING
KCNH2,KCND3,9606.ENSP00000262186,9606.ENSP00000319591,0.855,STRING
CREBBP,PAX6,9606.ENSP00000262367,9606.ENSP00000492024,0.855,STRING
FAAH,TRPV1,9606.ENSP00000243167,9606.ENSP00000459962,0.855,STRING
MLH1,CDKN2A,9606.ENSP00000231790,9606.ENSP00000418915,0.855,STRING
CCND1,PTEN,9606.ENSP00000227507,9606.ENSP00000361021,0.855,STRING
TLR7,IFIH1,9606.ENSP00000370034,9606.ENSP00000497271,0.855,STRING
F2,ELANE,9606.ENSP00000308541,9606.ENSP00000466090,0.855,STRING
CDKN1B,MYC,9606.ENSP00000228872,9606.ENSP00000478887,0.855,STRING
ANGPT2,FGFR1,9606.ENSP00000314897,9606.ENSP00000393312,0.855,STRING
CCND1,RUNX3,9606.ENSP00000227507,9606.ENSP00000382800,0.855,STRING
GABRB3,GABRA3,9606.ENSP00000308725,9606.ENSP00000359337,0.855,STRING
KIT,FGF9,9606.ENSP00000288135,9606.ENSP00000371790,0.855,STRING
FYN,HRAS,9606.ENSP00000346671,9606.ENSP00000407586,0.855,STRING
MAPK3,PTGS2,9606.ENSP00000263025,9606.ENSP00000356438,0.855,STRING
SCN5A,CACNA2D1,9606.ENSP00000328968,9606.ENSP00000349320,0.855,STRING
NCOR1,SMAD4,9606.ENSP00000268712,9606.ENSP00000341551,0.855,STRING
IL1B,CD80,9606.ENSP00000263341,9606.ENSP00000264246,0.855,STRING
NOD2,IFIH1,9606.ENSP00000300589,9606.ENSP00000497271,0.855,STRING
IL4,IFNAR1,9606.ENSP00000231449,9606.ENSP00000270139,0.855,STRING
GHSR,MC3R,9606.ENSP00000241256,9606.ENSP00000243911,0.855,STRING
NOD2,TNFAIP3,9606.ENSP00000300589,9606.ENSP00000481570,0.854,STRING
CD3D,FYN,9606.ENSP00000300692,9606.ENSP00000346671,0.854,STRING
IL2,CD274,9606.ENSP00000226730,9606.ENSP00000370989,0.854,STRING
IL1B,LEP,9606.ENSP00000263341,9606.ENSP00000312652,0.854,STRING
NPM1,RUNX1,9606.ENSP00000296930,9606.ENSP00000300305,0.854,STRING
ARID1A,H3-3A,9606.ENSP00000320485,9606.ENSP00000355780,0.854,STRING
TGFBR2,SRC,9606.ENSP00000351905,9606.ENSP00000362680,0.854,STRING
IL1B,TNFSF11,9606.ENSP00000263341,9606.ENSP00000381775,0.854,STRING
GABRA1,GABRA2,9606.ENSP00000393097,9606.ENSP00000427603,0.854,STRING
ERBB3,AKT1,9606.ENSP00000267101,9606.ENSP00000451828,0.854,STRING
NOD2,MYD88,9606.ENSP00000300589,9606.ENSP00000498321,0.854,STRING
SMARCB1,HDAC2,9606.ENSP00000340883,9606.ENSP00000430432,0.854,STRING
PGR,FGFR2,9606.ENSP00000325120,9606.ENSP00000410294,0.854,STRING
MED12,CTNNB1,9606.ENSP00000363193,9606.ENSP00000495360,0.854,STRING
FGFR3,FGFR1,9606.ENSP00000339824,9606.ENSP00000393312,0.854,STRING
MMP1,IL6,9606.ENSP00000322788,9606.ENSP00000385675,0.854,STRING
IL13,CD8A,9606.ENSP00000304915,9606.ENSP00000386559,0.854,STRING
CACNA1F,CACNA2D2,9606.ENSP00000365441,9606.ENSP00000418081,0.854,STRING
PPARG,HIF1A,9606.ENSP00000287820,9606.ENSP00000437955,0.854,STRING
CREBBP,AKT1,9606.ENSP00000262367,9606.ENSP00000451828,0.854,STRING
FGFR1,FGFR2,9606.ENSP00000393312,9606.ENSP00000410294,0.853,STRING
GRIA4,GRIN2B,9606.ENSP00000282499,9606.ENSP00000477455,0.853,STRING
LIPC,APOC1,9606.ENSP00000299022,9606.ENSP00000465356,0.853,STRING
CACNB3,CACNA1A,9606.ENSP00000301050,9606.ENSP00000489829,0.853,STRING
KRAS,NOTCH1,9606.ENSP00000256078,9606.ENSP00000498587,0.853,STRING
TP53,IGF1R,9606.ENSP00000269305,9606.ENSP00000497069,0.853,STRING
TP53,PIK3R1,9606.ENSP00000269305,9606.ENSP00000428056,0.853,STRING
FLT4,PIK3R1,9606.ENSP00000261937,9606.ENSP00000428056,0.853,STRING
SLC10A1,EGFR,9606.ENSP00000216540,9606.ENSP00000275493,0.853,STRING
NGF,TRPV1,9606.ENSP00000358525,9606.ENSP00000459962,0.853,STRING
BACH2,IRF4,9606.ENSP00000257749,9606.ENSP00000370343,0.853,STRING
GATA3,IRF4,9606.ENSP00000368632,9606.ENSP00000370343,0.853,STRING
CBL,IGF1R,9606.ENSP00000264033,9606.ENSP00000497069,0.853,STRING
CDH1,TP53,9606.ENSP00000261769,9606.ENSP00000269305,0.853,STRING
CASP8,SRC,9606.ENSP00000351273,9606.ENSP00000362680,0.853,STRING
POLE,RAD51D,9606.ENSP00000322570,9606.ENSP00000466399,0.853,STRING
INS,LPL,9606.ENSP00000380432,9606.ENSP00000497642,0.853,STRING
NCOR1,TP53,9606.ENSP00000268712,9606.ENSP00000269305,0.853,STRING
ERBB2,INSR,9606.ENSP00000269571,9606.ENSP00000303830,0.853,STRING
CACNA1G,CACNA1B,9606.ENSP00000352011,9606.ENSP00000360423,0.853,STRING
SMARCA4,GATA4,9606.ENSP00000343896,9606.ENSP00000435712,0.853,STRING
SCN5A,SCN10A,9606.ENSP00000328968,9606.ENSP00000390600,0.853,STRING
KCNJ2,CACNA1C,9606.ENSP00000243457,9606.ENSP00000266376,0.853,STRING
CNTNAP1,KCNA1,9606.ENSP00000264638,9606.ENSP00000371985,0.853,STRING
MSH2,MYC,9606.ENSP00000233146,9606.ENSP00000478887,0.853,STRING
CDKN1B,CDK7,9606.ENSP00000228872,9606.ENSP00000256443,0.853,STRING
MMP2,COL1A2,9606.ENSP00000219070,9606.ENSP00000297268,0.853,STRING
APOE,AGT,9606.ENSP00000252486,9606.ENSP00000355627,0.853,STRING
JAK3,LCK,9606.ENSP00000432511,9606.ENSP00000477713,0.852,STRING
PKHD1,HNF1B,9606.ENSP00000360158,9606.ENSP00000480291,0.852,STRING
IL33,IL17A,9606.ENSP00000370842,9606.ENSP00000497968,0.852,STRING
CHUK,TLR4,9606.ENSP00000359424,9606.ENSP00000363089,0.852,STRING
EGFR,CALM1,9606.ENSP00000275493,9606.ENSP00000499717,0.852,STRING
NRAS,JAK2,9606.ENSP00000358548,9606.ENSP00000371067,0.852,STRING
ERCC4,BRCA2,9606.ENSP00000310520,9606.ENSP00000369497,0.852,STRING
CACNG6,CACNB2,9606.ENSP00000252729,9606.ENSP00000320025,0.852,STRING
NR3C1,HIF1A,9606.ENSP00000231509,9606.ENSP00000437955,0.852,STRING
NOD2,TNF,9606.ENSP00000300589,9606.ENSP00000398698,0.852,STRING
CDH1,SMAD2,9606.ENSP00000261769,9606.ENSP00000262160,0.852,STRING
FLT3,TET2,9606.ENSP00000241453,9606.ENSP00000442788,0.852,STRING
CACNG3,GRIA3,9606.ENSP00000005284,9606.ENSP00000481554,0.852,STRING
KIT,PIK3CG,9606.ENSP00000288135,9606.ENSP00000419260,0.852,STRING
CACNA1D,CACNA1G,9606.ENSP00000288139,9606.ENSP00000352011,0.852,STRING
TGFB1,IL4,9606.ENSP00000221930,9606.ENSP00000231449,0.852,STRING
CACNG2,GRIN3A,9606.ENSP00000300105,9606.ENSP00000355155,0.852,STRING
HGF,KRAS,9606.ENSP00000222390,9606.ENSP00000256078,0.852,STRING
CCND1,JAK2,9606.ENSP00000227507,9606.ENSP00000371067,0.852,STRING
FLT3,CBL,9606.ENSP00000241453,9606.ENSP00000264033,0.852,STRING
CD3D,PDCD1,9606.ENSP00000300692,9606.ENSP00000335062,0.852,STRING
NF1,PTPN11,9606.ENSP00000351015,9606.ENSP00000489597,0.852,STRING
TCF4,TCF7L2,9606.ENSP00000381382,9606.ENSP00000486891,0.852,STRING
GABBR2,GABRE,9606.ENSP00000259455,9606.ENSP00000359353,0.852,STRING
EPHA2,EPHA6,9606.ENSP00000351209,9606.ENSP00000374323,0.852,STRING
MMP1,PLAU,9606.ENSP00000322788,9606.ENSP00000361850,0.852,STRING
FOXA1,HNF1A,9606.ENSP00000250448,9606.ENSP00000438804,0.852,STRING
CCND1,CDH1,9606.ENSP00000227507,9606.ENSP00000261769,0.851,STRING
IL2,EGFR,9606.ENSP00000226730,9606.ENSP00000275493,0.851,STRING
ZEB1,HIF1A,9606.ENSP00000354487,9606.ENSP00000437955,0.851,STRING
GABRA3,GABRA5,9606.ENSP00000359337,9606.ENSP00000382953,0.851,STRING
BRD4,PSIP1,9606.ENSP00000263377,9606.ENSP00000370114,0.851,STRING
EP300,HDAC11,9606.ENSP00000263253,9606.ENSP00000295757,0.851,STRING
KDR,MET,9606.ENSP00000263923,9606.ENSP00000317272,0.851,STRING
FLT1,CXCL8,9606.ENSP00000282397,9606.ENSP00000306512,0.851,STRING
FLT3,DNMT3A,9606.ENSP00000241453,9606.ENSP00000264709,0.851,STRING
PDGFRB,ANGPT2,9606.ENSP00000261799,9606.ENSP00000314897,0.851,STRING
MLLT10,KMT2A,9606.ENSP00000307411,9606.ENSP00000436786,0.851,STRING
PKHD1,UMOD,9606.ENSP00000360158,9606.ENSP00000379438,0.851,STRING
CBL,BTK,9606.ENSP00000264033,9606.ENSP00000483570,0.851,STRING
SMAD4,CDKN2A,9606.ENSP00000341551,9606.ENSP00000418915,0.851,STRING
EPHA2,EPHB2,9606.ENSP00000351209,9606.ENSP00000383053,0.851,STRING
BCL11B,PBRM1,9606.ENSP00000349723,9606.ENSP00000386593,0.851,STRING
THRA,HDAC3,9606.ENSP00000264637,9606.ENSP00000302967,0.851,STRING
HNF4A,HNF1B,9606.ENSP00000312987,9606.ENSP00000480291,0.851,STRING
SYK,JAK2,9606.ENSP00000364898,9606.ENSP00000371067,0.851,STRING
CSF1R,PGF,9606.ENSP00000286301,9606.ENSP00000451040,0.851,STRING
NDUFS4,SDHD,9606.ENSP00000296684,9606.ENSP00000364699,0.85,STRING
EGFR,ANGPT1,9606.ENSP00000275493,9606.ENSP00000428340,0.85,STRING
SCN8A,KCNA1,9606.ENSP00000346534,9606.ENSP00000371985,0.85,STRING
CYP2C9,NR1I2,9606.ENSP00000260682,9606.ENSP00000336528,0.85,STRING
IL1B,UMOD,9606.ENSP00000263341,9606.ENSP00000379438,0.85,STRING
GUCY1A1,PDE5A,9606.ENSP00000296518,9606.ENSP00000347046,0.85,STRING
REN,SCNN1G,9606.ENSP00000272190,9606.ENSP00000300061,0.85,STRING
GHR,IGF1R,9606.ENSP00000483403,9606.ENSP00000497069,0.85,STRING
FYN,SOS1,9606.ENSP00000346671,9606.ENSP00000384675,0.85,STRING
NKX2-5,KDM6A,9606.ENSP00000327758,9606.ENSP00000367203,0.85,STRING
KDR,INS,9606.ENSP00000263923,9606.ENSP00000380432,0.85,STRING
APOB,CRP,9606.ENSP00000233242,9606.ENSP00000255030,0.85,STRING
MET,TGFA,9606.ENSP00000317272,9606.ENSP00000404131,0.85,STRING
TLR9,CD8A,9606.ENSP00000353874,9606.ENSP00000386559,0.85,STRING
EP300,TP63,9606.ENSP00000263253,9606.ENSP00000264731,0.85,STRING
APP,NGF,9606.ENSP00000284981,9606.ENSP00000358525,0.85,STRING
PRF1,CTLA4,9606.ENSP00000398568,9606.ENSP00000497102,0.85,STRING
TGFB1,CEBPA,9606.ENSP00000221930,9606.ENSP00000427514,0.85,STRING
IL2,PDCD1,9606.ENSP00000226730,9606.ENSP00000335062,0.85,STRING
KRAS,JAK2,9606.ENSP00000256078,9606.ENSP00000371067,0.85,STRING
SPP1,PGF,9606.ENSP00000378517,9606.ENSP00000451040,0.85,STRING
CD4,MYD88,9606.ENSP00000011653,9606.ENSP00000498321,0.85,STRING
BRD4,EZH2,9606.ENSP00000263377,9606.ENSP00000320147,0.85,STRING
IFNG,CSF3R,9606.ENSP00000229135,9606.ENSP00000362195,0.85,STRING
MET,PDGFB,9606.ENSP00000317272,9606.ENSP00000330382,0.849,STRING
KCNH2,FLT1,9606.ENSP00000262186,9606.ENSP00000282397,0.849,STRING
POLE,BRCA2,9606.ENSP00000322570,9606.ENSP00000369497,0.849,STRING
GRM1,GRIA1,9606.ENSP00000282753,9606.ENSP00000428994,0.849,STRING
TLR2,NLRP3,9606.ENSP00000260010,9606.ENSP00000337383,0.849,STRING
ERBB2,BCL2,9606.ENSP00000269571,9606.ENSP00000381185,0.849,STRING
ERBB2,NGF,9606.ENSP00000269571,9606.ENSP00000358525,0.849,STRING
CA9,SLC2A1,9606.ENSP00000367608,9606.ENSP00000416293,0.849,STRING
CREBBP,ARID1A,9606.ENSP00000262367,9606.ENSP00000320485,0.849,STRING
TRAF3IP2,IL17A,9606.ENSP00000345984,9606.ENSP00000497968,0.849,STRING
CDK12,BRCA1,9606.ENSP00000398880,9606.ENSP00000418960,0.849,STRING
INS,SLC2A1,9606.ENSP00000380432,9606.ENSP00000416293,0.849,STRING
NFE2L2,IDH1,9606.ENSP00000380252,9606.ENSP00000390265,0.849,STRING
AMER1,WT1,9606.ENSP00000364003,9606.ENSP00000368370,0.849,STRING
NCOR1,RUNX1,9606.ENSP00000268712,9606.ENSP00000300305,0.849,STRING
ACE,INS,9606.ENSP00000290866,9606.ENSP00000380432,0.849,STRING
TP53,PGR,9606.ENSP00000269305,9606.ENSP00000325120,0.849,STRING
LRRK2,TUBA1A,9606.ENSP00000298910,9606.ENSP00000439020,0.849,STRING
PSMD2,SEM1,9606.ENSP00000310129,9606.ENSP00000481021,0.849,STRING
COL4A1,ITGB3,9606.ENSP00000364979,9606.ENSP00000452786,0.849,STRING
IL5,IL2RG,9606.ENSP00000231454,9606.ENSP00000363318,0.849,STRING
ITGAL,CD8A,9606.ENSP00000349252,9606.ENSP00000386559,0.849,STRING
RUNX2,FLI1,9606.ENSP00000360493,9606.ENSP00000433488,0.849,STRING
CACNA1H,CACNA1F,9606.ENSP00000334198,9606.ENSP00000365441,0.849,STRING
TEK,FGF9,9606.ENSP00000369375,9606.ENSP00000371790,0.849,STRING
FBN1,HSPG2,9606.ENSP00000325527,9606.ENSP00000363827,0.849,STRING
CD4,IL18,9606.ENSP00000011653,9606.ENSP00000280357,0.849,STRING
MSH2,RAD51C,9606.ENSP00000233146,9606.ENSP00000336701,0.848,STRING
CFTR,HDAC6,9606.ENSP00000003084,9606.ENSP00000365804,0.848,STRING
MAPK14,IL6,9606.ENSP00000229795,9606.ENSP00000385675,0.848,STRING
CRP,B2M,9606.ENSP00000255030,9606.ENSP00000497910,0.848,STRING
SCN5A,SCN4A,9606.ENSP00000328968,9606.ENSP00000396320,0.848,STRING
RARA,PPARG,9606.ENSP00000254066,9606.ENSP00000287820,0.848,STRING
TNFRSF1A,NFKB1,9606.ENSP00000162749,9606.ENSP00000226574,0.848,STRING
GABBR1,GABRA5,9606.ENSP00000366233,9606.ENSP00000382953,0.848,STRING
KCNMA1,CACNA1D,9606.ENSP00000286628,9606.ENSP00000288139,0.848,STRING
APP,GRIN2A,9606.ENSP00000284981,9606.ENSP00000332549,0.848,STRING
FGFR1,ANGPT1,9606.ENSP00000393312,9606.ENSP00000428340,0.848,STRING
VWF,KDR,9606.ENSP00000261405,9606.ENSP00000263923,0.848,STRING
IL13,IFNGR1,9606.ENSP00000304915,9606.ENSP00000356713,0.848,STRING
NDUFAF3,NDUFB2,9606.ENSP00000323076,9606.ENSP00000419087,0.848,STRING
MLH1,ERCC4,9606.ENSP00000231790,9606.ENSP00000310520,0.848,STRING
TBX5,KDM6A,9606.ENSP00000309913,9606.ENSP00000367203,0.848,STRING
CCND1,GATA3,9606.ENSP00000227507,9606.ENSP00000368632,0.848,STRING
LRRK2,ATP13A2,9606.ENSP00000298910,9606.ENSP00000327214,0.848,STRING
RB1,HDAC3,9606.ENSP00000267163,9606.ENSP00000302967,0.848,STRING
IL2,RUNX1,9606.ENSP00000226730,9606.ENSP00000300305,0.848,STRING
RPS27A,RHOA,9606.ENSP00000272317,9606.ENSP00000400175,0.848,STRING
PDGFRA,PGF,9606.ENSP00000257290,9606.ENSP00000451040,0.848,STRING
SMARCA4,KDM6A,9606.ENSP00000343896,9606.ENSP00000367203,0.848,STRING
EGFR,RAF1,9606.ENSP00000275493,9606.ENSP00000401888,0.848,STRING
CD80,IL6,9606.ENSP00000264246,9606.ENSP00000385675,0.847,STRING
STK11,SMAD4,9606.ENSP00000324856,9606.ENSP00000341551,0.847,STRING
IL2,CD40,9606.ENSP00000226730,9606.ENSP00000361359,0.847,STRING
EGFR,NF1,9606.ENSP00000275493,9606.ENSP00000351015,0.847,STRING
ERBB2,MET,9606.ENSP00000269571,9606.ENSP00000317272,0.847,STRING
TNFRSF8,CD40LG,9606.ENSP00000263932,9606.ENSP00000359663,0.847,STRING
TLR4,CD8A,9606.ENSP00000363089,9606.ENSP00000386559,0.847,STRING
RET,EDNRB,9606.ENSP00000347942,9606.ENSP00000366416,0.847,STRING
MITF,MC1R,9606.ENSP00000391803,9606.ENSP00000451605,0.847,STRING
TLR2,IL18,9606.ENSP00000260010,9606.ENSP00000280357,0.847,STRING
ALB,IL10,9606.ENSP00000295897,9606.ENSP00000412237,0.847,STRING
TLR9,CD40LG,9606.ENSP00000353874,9606.ENSP00000359663,0.847,STRING
MMP2,IL6,9606.ENSP00000219070,9606.ENSP00000385675,0.847,STRING
CSF1R,ANGPT1,9606.ENSP00000286301,9606.ENSP00000428340,0.847,STRING
CACNG2,CACNB1,9606.ENSP00000300105,9606.ENSP00000377840,0.847,STRING
CARD9,MYD88,9606.ENSP00000360797,9606.ENSP00000498321,0.847,STRING
EPHA4,FGFR1,9606.ENSP00000281821,9606.ENSP00000393312,0.847,STRING
ATM,CDKN2A,9606.ENSP00000278616,9606.ENSP00000418915,0.847,STRING
STAT3,FGFR2,9606.ENSP00000264657,9606.ENSP00000410294,0.847,STRING
EPOR,IL2,9606.ENSP00000222139,9606.ENSP00000226730,0.846,STRING
REN,SLC12A3,9606.ENSP00000272190,9606.ENSP00000402152,0.846,STRING
F2,AGT,9606.ENSP00000308541,9606.ENSP00000355627,0.846,STRING
F8,F5,9606.ENSP00000353393,9606.ENSP00000356771,0.846,STRING
IL4,TYK2,9606.ENSP00000231449,9606.ENSP00000431885,0.846,STRING
CD3D,IL7R,9606.ENSP00000300692,9606.ENSP00000306157,0.846,STRING
MSH6,RAD51D,9606.ENSP00000234420,9606.ENSP00000466399,0.846,STRING
NGF,IGF1R,9606.ENSP00000358525,9606.ENSP00000497069,0.846,STRING
CACNA1C,CACNA1G,9606.ENSP00000266376,9606.ENSP00000352011,0.846,STRING
IL6,BDNF,9606.ENSP00000385675,9606.ENSP00000414303,0.846,STRING
IFNG,MAPK3,9606.ENSP00000229135,9606.ENSP00000263025,0.846,STRING
RUNX3,CDKN1A,9606.ENSP00000382800,9606.ENSP00000384849,0.846,STRING
STAT3,TLR4,9606.ENSP00000264657,9606.ENSP00000363089,0.846,STRING
MMP2,AKT1,9606.ENSP00000219070,9606.ENSP00000451828,0.846,STRING
CD3E,CD52,9606.ENSP00000354566,9606.ENSP00000363330,0.846,STRING
PARP1,ERCC2,9606.ENSP00000355759,9606.ENSP00000375809,0.846,STRING
APOE,IL1B,9606.ENSP00000252486,9606.ENSP00000263341,0.846,STRING
RPE65,PDE6B,9606.ENSP00000262340,9606.ENSP00000420295,0.846,STRING
MAPK1,CDKN2A,9606.ENSP00000215832,9606.ENSP00000418915,0.846,STRING
MAPK1,BDNF,9606.ENSP00000215832,9606.ENSP00000414303,0.845,STRING
IKZF1,ABL1,9606.ENSP00000331614,9606.ENSP00000361423,0.845,STRING
TLR9,CD40,9606.ENSP00000353874,9606.ENSP00000361359,0.845,STRING
GRIN3B,CACNG2,9606.ENSP00000234389,9606.ENSP00000300105,0.845,STRING
IL13,JAK2,9606.ENSP00000304915,9606.ENSP00000371067,0.845,STRING
GRIA2,GRIN3A,9606.ENSP00000296526,9606.ENSP00000355155,0.845,STRING
IL5,IL17F,9606.ENSP00000231454,9606.ENSP00000337432,0.845,STRING
ERBB4,NRAS,9606.ENSP00000342235,9606.ENSP00000358548,0.845,STRING
TP53,SETD2,9606.ENSP00000269305,9606.ENSP00000386759,0.845,STRING
TP53,IDH1,9606.ENSP00000269305,9606.ENSP00000390265,0.845,STRING
SCN1A,KCNQ3,9606.ENSP00000303540,9606.ENSP00000373648,0.845,STRING
ANK1,SCN5A,9606.ENSP00000265709,9606.ENSP00000328968,0.845,STRING
SOX2,ZEB1,9606.ENSP00000323588,9606.ENSP00000354487,0.845,STRING
TUBB3,TUBB2A,9606.ENSP00000320295,9606.ENSP00000369703,0.845,STRING
CA3,CA4,9606.ENSP00000285381,9606.ENSP00000300900,0.845,STRING
TGFB1,COL2A1,9606.ENSP00000221930,9606.ENSP00000369889,0.845,STRING
RYR2,CALM1,9606.ENSP00000355533,9606.ENSP00000499717,0.844,STRING
EGFR,NF2,9606.ENSP00000275493,9606.ENSP00000344666,0.844,STRING
RUNX2,HIF1A,9606.ENSP00000360493,9606.ENSP00000437955,0.844,STRING
IL1B,BDNF,9606.ENSP00000263341,9606.ENSP00000414303,0.844,STRING
CXCL8,CD8A,9606.ENSP00000306512,9606.ENSP00000386559,0.844,STRING
RPS27A,MYC,9606.ENSP00000272317,9606.ENSP00000478887,0.844,STRING
CHRNA1,CHRNA3,9606.ENSP00000261007,9606.ENSP00000315602,0.844,STRING
PSMB10,PSMC3,9606.ENSP00000351314,9606.ENSP00000481029,0.844,STRING
GATA2,GATA3,9606.ENSP00000345681,9606.ENSP00000368632,0.844,STRING
CACNG4,CACNG5,9606.ENSP00000262138,9606.ENSP00000436836,0.844,STRING
GATA3,HDAC2,9606.ENSP00000368632,9606.ENSP00000430432,0.844,STRING
PIK3CA,MAP2K1,9606.ENSP00000263967,9606.ENSP00000302486,0.844,STRING
PIK3CA,STK11,9606.ENSP00000263967,9606.ENSP00000324856,0.844,STRING
RUNX1,CTLA4,9606.ENSP00000300305,9606.ENSP00000497102,0.844,STRING
HNF4A,HIF1A,9606.ENSP00000312987,9606.ENSP00000437955,0.844,STRING
MMP9,CXCR4,9606.ENSP00000361405,9606.ENSP00000386884,0.844,STRING
ATP13A2,PLA2G6,9606.ENSP00000327214,9606.ENSP00000333142,0.844,STRING
APOE,MTHFR,9606.ENSP00000252486,9606.ENSP00000365770,0.843,STRING
ANGPTL4,PPARA,9606.ENSP00000301455,9606.ENSP00000385523,0.843,STRING
MTHFR,DHFR,9606.ENSP00000365770,9606.ENSP00000396308,0.843,STRING
MAP2K2,PTPN11,9606.ENSP00000262948,9606.ENSP00000489597,0.843,STRING
CBL,PLCG2,9606.ENSP00000264033,9606.ENSP00000482457,0.843,STRING
EGFR,PPARG,9606.ENSP00000275493,9606.ENSP00000287820,0.843,STRING
AXL,SOCS1,9606.ENSP00000301178,9606.ENSP00000496577,0.843,STRING
CACNG4,GRIA1,9606.ENSP00000262138,9606.ENSP00000428994,0.843,STRING
IL1B,FOXP3,9606.ENSP00000263341,9606.ENSP00000365380,0.843,STRING
MMP2,SPP1,9606.ENSP00000219070,9606.ENSP00000378517,0.843,STRING
STAT3,IL13,9606.ENSP00000264657,9606.ENSP00000304915,0.843,STRING
TLR4,IL33,9606.ENSP00000363089,9606.ENSP00000370842,0.843,STRING
GJA1,NKX2-5,9606.ENSP00000282561,9606.ENSP00000327758,0.843,STRING
EGR2,SMARCA4,9606.ENSP00000242480,9606.ENSP00000343896,0.843,STRING
TP53,TOP2A,9606.ENSP00000269305,9606.ENSP00000411532,0.843,STRING
RB1,CDKN2A,9606.ENSP00000267163,9606.ENSP00000418915,0.843,STRING
RBM20,MYBPC3,9606.ENSP00000358532,9606.ENSP00000442795,0.843,STRING
KDM6A,DDX3X,9606.ENSP00000367203,9606.ENSP00000494040,0.843,STRING
PALB2,STK11,9606.ENSP00000261584,9606.ENSP00000324856,0.843,STRING
CACNA1H,CACNA1S,9606.ENSP00000334198,9606.ENSP00000355192,0.843,STRING
FOXP3,FOXP2,9606.ENSP00000365380,9606.ENSP00000386200,0.843,STRING
CDKN1A,ESR1,9606.ENSP00000384849,9606.ENSP00000405330,0.842,STRING
IL13,IL17F,9606.ENSP00000304915,9606.ENSP00000337432,0.842,STRING
NFKB1,PTGS2,9606.ENSP00000226574,9606.ENSP00000356438,0.842,STRING
IL1B,TLR1,9606.ENSP00000263341,9606.ENSP00000354932,0.842,STRING
NF2,AKT1,9606.ENSP00000344666,9606.ENSP00000451828,0.842,STRING
HCK,JAK2,9606.ENSP00000365012,9606.ENSP00000371067,0.842,STRING
MYO5A,NEFL,9606.ENSP00000382177,9606.ENSP00000482169,0.842,STRING
CDH1,HDAC2,9606.ENSP00000261769,9606.ENSP00000430432,0.842,STRING
CSF3R,CSF2RA,9606.ENSP00000362195,9606.ENSP00000394227,0.842,STRING
KIT,IL7R,9606.ENSP00000288135,9606.ENSP00000306157,0.842,STRING
RET,HRAS,9606.ENSP00000347942,9606.ENSP00000407586,0.842,STRING
SRC,BRAF,9606.ENSP00000362680,9606.ENSP00000419060,0.842,STRING
NR1I2,ABCB1,9606.ENSP00000336528,9606.ENSP00000478255,0.842,STRING
CYP11B2,MC2R,9606.ENSP00000325822,9606.ENSP00000333821,0.841,STRING
INS,ESR1,9606.ENSP00000380432,9606.ENSP00000405330,0.841,STRING
KIT,BDNF,9606.ENSP00000288135,9606.ENSP00000414303,0.841,STRING
KIT,ANGPT1,9606.ENSP00000288135,9606.ENSP00000428340,0.841,STRING
NDUFAF3,MT-ND5,9606.ENSP00000323076,9606.ENSP00000354813,0.841,STRING
GSK3B,AR,9606.ENSP00000324806,9606.ENSP00000363822,0.841,STRING
CD86,TLR4,9606.ENSP00000332049,9606.ENSP00000363089,0.841,STRING
CD8A,FAS,9606.ENSP00000386559,9606.ENSP00000498466,0.841,STRING
MPO,ITGB2,9606.ENSP00000225275,9606.ENSP00000380948,0.841,STRING
YES1,PTPN11,9606.ENSP00000462468,9606.ENSP00000489597,0.841,STRING
CCND1,EGFR,9606.ENSP00000227507,9606.ENSP00000275493,0.841,STRING
PTEN,IDH1,9606.ENSP00000361021,9606.ENSP00000390265,0.841,STRING
SRSF2,TET2,9606.ENSP00000376276,9606.ENSP00000442788,0.841,STRING
JAZF1,TRRAP,9606.ENSP00000283928,9606.ENSP00000352925,0.841,STRING
TGFB1,CDH1,9606.ENSP00000221930,9606.ENSP00000261769,0.841,STRING
APP,HSPG2,9606.ENSP00000284981,9606.ENSP00000363827,0.841,STRING
HGF,PDGFRA,9606.ENSP00000222390,9606.ENSP00000257290,0.841,STRING
SOX2,FOXA2,9606.ENSP00000323588,9606.ENSP00000400341,0.841,STRING
NOD2,TLR1,9606.ENSP00000300589,9606.ENSP00000354932,0.841,STRING
FLI1,PPT1,9606.ENSP00000433488,9606.ENSP00000493153,0.841,STRING
DRD3,BDNF,9606.ENSP00000373169,9606.ENSP00000414303,0.841,STRING
IL6R,CSF3R,9606.ENSP00000357470,9606.ENSP00000362195,0.84,STRING
ANGPT2,PGF,9606.ENSP00000314897,9606.ENSP00000451040,0.84,STRING
KCNA1,SCN2A,9606.ENSP00000371985,9606.ENSP00000490107,0.84,STRING
TSC2,CDKN1B,9606.ENSP00000219476,9606.ENSP00000228872,0.84,STRING
MMP13,HSPG2,9606.ENSP00000260302,9606.ENSP00000363827,0.84,STRING
TNK2,WWOX,9606.ENSP00000371341,9606.ENSP00000457230,0.84,STRING
COL1A1,MMP9,9606.ENSP00000225964,9606.ENSP00000361405,0.84,STRING
STAT4,PTPN22,9606.ENSP00000351255,9606.ENSP00000352833,0.84,STRING
GJA1,DSP,9606.ENSP00000282561,9606.ENSP00000369129,0.84,STRING
SLC6A3,DRD5,9606.ENSP00000270349,9606.ENSP00000306129,0.84,STRING
GRIN3B,GRIA1,9606.ENSP00000234389,9606.ENSP00000428994,0.84,STRING
CD4,FAS,9606.ENSP00000011653,9606.ENSP00000498466,0.84,STRING
CCR2,CD8A,9606.ENSP00000292301,9606.ENSP00000386559,0.84,STRING
AURKB,RRM2,9606.ENSP00000313950,9606.ENSP00000353770,0.84,STRING
PTGER4,SRC,9606.ENSP00000302846,9606.ENSP00000362680,0.84,STRING
RAC1,SOS1,9606.ENSP00000348461,9606.ENSP00000384675,0.84,STRING
SLC6A2,SLC5A2,9606.ENSP00000219833,9606.ENSP00000327943,0.84,STRING
NOTCH2,GSK3B,9606.ENSP00000256646,9606.ENSP00000324806,0.84,STRING
GRIN2A,HTR3A,9606.ENSP00000332549,9606.ENSP00000347754,0.84,STRING
SMAD3,ESR1,9606.ENSP00000332973,9606.ENSP00000405330,0.84,STRING
IL7R,TYK2,9606.ENSP00000306157,9606.ENSP00000431885,0.84,STRING
RAD51C,ATR,9606.ENSP00000336701,9606.ENSP00000343741,0.84,STRING
CSK,CBL,9606.ENSP00000220003,9606.ENSP00000264033,0.839,STRING
CD4,AKT1,9606.ENSP00000011653,9606.ENSP00000451828,0.839,STRING
TP53,SOCS1,9606.ENSP00000269305,9606.ENSP00000496577,0.839,STRING
BRIP1,RAD51D,9606.ENSP00000259008,9606.ENSP00000466399,0.839,STRING
PAX8,SMAD3,9606.ENSP00000263334,9606.ENSP00000332973,0.839,STRING
THRA,MED12,9606.ENSP00000264637,9606.ENSP00000363193,0.839,STRING
HTR1B,HTR2A,9606.ENSP00000358963,9606.ENSP00000437737,0.839,STRING
CD19,FOXP3,9606.ENSP00000313419,9606.ENSP00000365380,0.839,STRING
RET,NF1,9606.ENSP00000347942,9606.ENSP00000351015,0.839,STRING
EGFR,BCL2,9606.ENSP00000275493,9606.ENSP00000381185,0.839,STRING
ACVR2A,ALK,9606.ENSP00000241416,9606.ENSP00000373700,0.839,STRING
PPAT,IMPDH2,9606.ENSP00000264220,9606.ENSP00000321584,0.839,STRING
KCNJ11,TCF7L2,9606.ENSP00000345708,9606.ENSP00000486891,0.839,STRING
SH2B3,TET2,9606.ENSP00000345492,9606.ENSP00000442788,0.839,STRING
MAPK14,TNF,9606.ENSP00000229795,9606.ENSP00000398698,0.839,STRING
MAPK1,CASP8,9606.ENSP00000215832,9606.ENSP00000351273,0.839,STRING
EGFR,LEP,9606.ENSP00000275493,9606.ENSP00000312652,0.839,STRING
TNNI3,TTN,9606.ENSP00000341838,9606.ENSP00000467141,0.839,STRING
STAT3,CD8A,9606.ENSP00000264657,9606.ENSP00000386559,0.839,STRING
CFH,MBL2,9606.ENSP00000356399,9606.ENSP00000363079,0.839,STRING
APOB,APP,9606.ENSP00000233242,9606.ENSP00000284981,0.839,STRING
NR1I2,ABCB11,9606.ENSP00000336528,9606.ENSP00000497931,0.839,STRING
APOE,LDLR,9606.ENSP00000252486,9606.ENSP00000454071,0.839,STRING
APOA1,HBB,9606.ENSP00000236850,9606.ENSP00000494175,0.839,STRING
LEP,PPARA,9606.ENSP00000312652,9606.ENSP00000385523,0.839,STRING
HDAC2,MYC,9606.ENSP00000430432,9606.ENSP00000478887,0.838,STRING
ERBB2,PTK6,9606.ENSP00000269571,9606.ENSP00000442460,0.838,STRING
TP53,MMP9,9606.ENSP00000269305,9606.ENSP00000361405,0.838,STRING
IL6,ACE2,9606.ENSP00000385675,9606.ENSP00000389326,0.838,STRING
NRAS,ETV6,9606.ENSP00000358548,9606.ENSP00000379658,0.838,STRING
TGFB1,HIF1A,9606.ENSP00000221930,9606.ENSP00000437955,0.838,STRING
IFNG,APOE,9606.ENSP00000229135,9606.ENSP00000252486,0.838,STRING
STAT3,MYD88,9606.ENSP00000264657,9606.ENSP00000498321,0.838,STRING
MAPK14,CTNNB1,9606.ENSP00000229795,9606.ENSP00000495360,0.838,STRING
PROP1,CTNNB1,9606.ENSP00000311290,9606.ENSP00000495360,0.838,STRING
CDKN1B,SRC,9606.ENSP00000228872,9606.ENSP00000362680,0.838,STRING
CREBBP,PPARA,9606.ENSP00000262367,9606.ENSP00000385523,0.838,STRING
IL5,IFNGR1,9606.ENSP00000231454,9606.ENSP00000356713,0.838,STRING
KCNA5,SCN5A,9606.ENSP00000252321,9606.ENSP00000328968,0.838,STRING
IKZF1,ETV6,9606.ENSP00000331614,9606.ENSP00000379658,0.838,STRING
NPM1,HDAC2,9606.ENSP00000296930,9606.ENSP00000430432,0.838,STRING
IL1B,CXCR4,9606.ENSP00000263341,9606.ENSP00000386884,0.838,STRING
CALM3,MAPT,9606.ENSP00000291295,9606.ENSP00000340820,0.838,STRING
CALM3,DMD,9606.ENSP00000291295,9606.ENSP00000354923,0.838,STRING
IL23A,IL10,9606.ENSP00000228534,9606.ENSP00000412237,0.838,STRING
POT1,BRCA1,9606.ENSP00000350249,9606.ENSP00000418960,0.838,STRING
JAK2,IL10,9606.ENSP00000371067,9606.ENSP00000412237,0.838,STRING
SCN5A,SCN2A,9606.ENSP00000328968,9606.ENSP00000490107,0.838,STRING
COL4A3,ITGB3,9606.ENSP00000379823,9606.ENSP00000452786,0.837,STRING
IL2,SYK,9606.ENSP00000226730,9606.ENSP00000364898,0.837,STRING
FGFR4,NR1H4,9606.ENSP00000292408,9606.ENSP00000447149,0.837,STRING
PSMD1,SEM1,9606.ENSP00000309474,9606.ENSP00000481021,0.837,STRING
NCOR1,TRRAP,9606.ENSP00000268712,9606.ENSP00000352925,0.837,STRING
SCN8A,SPTBN4,9606.ENSP00000346534,9606.ENSP00000469242,0.837,STRING
NFKB1,EGFR,9606.ENSP00000226574,9606.ENSP00000275493,0.837,STRING
PTK2,YES1,9606.ENSP00000341189,9606.ENSP00000462468,0.837,STRING
MPO,MMP8,9606.ENSP00000225275,9606.ENSP00000236826,0.837,STRING
RUNX3,MYC,9606.ENSP00000382800,9606.ENSP00000478887,0.837,STRING
NDUFAF4,NDUFB1,9606.ENSP00000358272,9606.ENSP00000483888,0.837,STRING
PTEN,SRC,9606.ENSP00000361021,9606.ENSP00000362680,0.837,STRING
RPS27A,CDKN1A,9606.ENSP00000272317,9606.ENSP00000384849,0.837,STRING
FLNC,TTN,9606.ENSP00000327145,9606.ENSP00000467141,0.837,STRING
CD4,BCL2,9606.ENSP00000011653,9606.ENSP00000381185,0.837,STRING
IFNG,CCR2,9606.ENSP00000229135,9606.ENSP00000292301,0.837,STRING
RUNX1,ESR1,9606.ENSP00000300305,9606.ENSP00000405330,0.837,STRING
FOXP3,PRF1,9606.ENSP00000365380,9606.ENSP00000398568,0.837,STRING
DDB1,CDKN1A,9606.ENSP00000301764,9606.ENSP00000384849,0.837,STRING
CACNG4,GRIA3,9606.ENSP00000262138,9606.ENSP00000481554,0.837,STRING
CACNG4,CACNA2D2,9606.ENSP00000262138,9606.ENSP00000418081,0.837,STRING
PIK3CA,FGFR4,9606.ENSP00000263967,9606.ENSP00000292408,0.837,STRING
CACNG7,CACNA2D2,9606.ENSP00000375647,9606.ENSP00000418081,0.837,STRING
PLAT,PLAU,9606.ENSP00000220809,9606.ENSP00000361850,0.837,STRING
DNMT1,MYC,9606.ENSP00000352516,9606.ENSP00000478887,0.837,STRING
CRBN,BTK,9606.ENSP00000231948,9606.ENSP00000483570,0.836,STRING
EGFR,PTGS2,9606.ENSP00000275493,9606.ENSP00000356438,0.836,STRING
TSLP,IL17A,9606.ENSP00000339804,9606.ENSP00000497968,0.836,STRING
ENG,ACVR1,9606.ENSP00000362299,9606.ENSP00000405004,0.836,STRING
FXYD2,SLC12A3,9606.ENSP00000292079,9606.ENSP00000402152,0.836,STRING
F2,VKORC1,9606.ENSP00000308541,9606.ENSP00000378426,0.836,STRING
PPARA,LPL,9606.ENSP00000385523,9606.ENSP00000497642,0.836,STRING
CD19,IL6,9606.ENSP00000313419,9606.ENSP00000385675,0.836,STRING
RRM1,POLA1,9606.ENSP00000300738,9606.ENSP00000368358,0.836,STRING
LYN,JAK1,9606.ENSP00000428924,9606.ENSP00000499900,0.836,STRING
HDAC7,HDAC2,9606.ENSP00000080059,9606.ENSP00000430432,0.836,STRING
PTK2,ESR1,9606.ENSP00000341189,9606.ENSP00000405330,0.836,STRING
TOP2A,BRCA1,9606.ENSP00000411532,9606.ENSP00000418960,0.836,STRING
PTEN,PIK3CG,9606.ENSP00000361021,9606.ENSP00000419260,0.836,STRING
FLCN,MTOR,9606.ENSP00000285071,9606.ENSP00000354558,0.836,STRING
BMP4,RUNX2,9606.ENSP00000245451,9606.ENSP00000360493,0.836,STRING
PMS2,BRAF,9606.ENSP00000265849,9606.ENSP00000419060,0.836,STRING
EZH2,HDAC8,9606.ENSP00000320147,9606.ENSP00000362674,0.836,STRING
IL1B,ALB,9606.ENSP00000263341,9606.ENSP00000295897,0.836,STRING
CRP,IL18,9606.ENSP00000255030,9606.ENSP00000280357,0.835,STRING
DDX3X,CTNNB1,9606.ENSP00000494040,9606.ENSP00000495360,0.835,STRING
TNFRSF8,ALK,9606.ENSP00000263932,9606.ENSP00000373700,0.835,STRING
EPHA4,EPHA3,9606.ENSP00000281821,9606.ENSP00000337451,0.835,STRING
APOE,IL6,9606.ENSP00000252486,9606.ENSP00000385675,0.835,STRING
APOE,BCHE,9606.ENSP00000252486,9606.ENSP00000264381,0.835,STRING
NR3C1,STAT5B,9606.ENSP00000231509,9606.ENSP00000293328,0.835,STRING
IL18,IL17A,9606.ENSP00000280357,9606.ENSP00000497968,0.835,STRING
NF1,SDHD,9606.ENSP00000351015,9606.ENSP00000364699,0.835,STRING
GRID2,GRIA1,9606.ENSP00000282020,9606.ENSP00000428994,0.835,STRING
BDNF,AKT1,9606.ENSP00000414303,9606.ENSP00000451828,0.835,STRING
WAS,ITK,9606.ENSP00000365891,9606.ENSP00000398655,0.835,STRING
IL18,IRAK1,9606.ENSP00000280357,9606.ENSP00000358997,0.835,STRING
HNF1A,ABCC8,9606.ENSP00000438804,9606.ENSP00000494321,0.835,STRING
CCND1,KRAS,9606.ENSP00000227507,9606.ENSP00000256078,0.835,STRING
GABBR2,GABRA5,9606.ENSP00000259455,9606.ENSP00000382953,0.835,STRING
DNMT3A,TP53,9606.ENSP00000264709,9606.ENSP00000269305,0.835,STRING
CDKN1B,PTEN,9606.ENSP00000228872,9606.ENSP00000361021,0.834,STRING
GABRB1,GABRA5,9606.ENSP00000295454,9606.ENSP00000382953,0.834,STRING
IRF5,TYK2,9606.ENSP00000418037,9606.ENSP00000431885,0.834,STRING
RBX1,MYC,9606.ENSP00000216225,9606.ENSP00000478887,0.834,STRING
CD4,TLR7,9606.ENSP00000011653,9606.ENSP00000370034,0.834,STRING
IL4,TLR2,9606.ENSP00000231449,9606.ENSP00000260010,0.834,STRING
FYN,AKT1,9606.ENSP00000346671,9606.ENSP00000451828,0.834,STRING
CD4,ITGB2,9606.ENSP00000011653,9606.ENSP00000380948,0.834,STRING
IFNG,TP53,9606.ENSP00000229135,9606.ENSP00000269305,0.834,STRING
IL6R,IL1R1,9606.ENSP00000357470,9606.ENSP00000386380,0.834,STRING
HDAC10,HDAC2,9606.ENSP00000216271,9606.ENSP00000430432,0.834,STRING
PPM1D,RUNX2,9606.ENSP00000306682,9606.ENSP00000360493,0.834,STRING
NR1I2,CYP1A2,9606.ENSP00000336528,9606.ENSP00000342007,0.834,STRING
CREBBP,EBF1,9606.ENSP00000262367,9606.ENSP00000322898,0.834,STRING
TGFB1,RHOA,9606.ENSP00000221930,9606.ENSP00000400175,0.834,STRING
NF1,SOS1,9606.ENSP00000351015,9606.ENSP00000384675,0.834,STRING
MLH1,CHEK2,9606.ENSP00000231790,9606.ENSP00000372023,0.834,STRING
CCND1,PGR,9606.ENSP00000227507,9606.ENSP00000325120,0.834,STRING
CUX1,EWSR1,9606.ENSP00000353401,9606.ENSP00000400142,0.834,STRING
TLR1,TNF,9606.ENSP00000354932,9606.ENSP00000398698,0.834,STRING
ERBB2,EPHA2,9606.ENSP00000269571,9606.ENSP00000351209,0.834,STRING
SYK,TYK2,9606.ENSP00000364898,9606.ENSP00000431885,0.834,STRING
CACNA1H,RYR1,9606.ENSP00000334198,9606.ENSP00000352608,0.833,STRING
STAT3,ZEB1,9606.ENSP00000264657,9606.ENSP00000354487,0.833,STRING
CCND1,HDAC1,9606.ENSP00000227507,9606.ENSP00000362649,0.833,STRING
FOXA1,HNF4A,9606.ENSP00000250448,9606.ENSP00000312987,0.833,STRING
IL1B,CHUK,9606.ENSP00000263341,9606.ENSP00000359424,0.833,STRING
EPOR,IL5,9606.ENSP00000222139,9606.ENSP00000231454,0.833,STRING
CD19,CD86,9606.ENSP00000313419,9606.ENSP00000332049,0.833,STRING
SMAD4,ESR1,9606.ENSP00000341551,9606.ENSP00000405330,0.833,STRING
INS,B2M,9606.ENSP00000380432,9606.ENSP00000497910,0.833,STRING
ASXL1,ETV6,9606.ENSP00000364839,9606.ENSP00000379658,0.833,STRING
CSF1R,SRC,9606.ENSP00000286301,9606.ENSP00000362680,0.833,STRING
TNF,TGFA,9606.ENSP00000398698,9606.ENSP00000404131,0.833,STRING
CACNB2,CACNA1E,9606.ENSP00000320025,9606.ENSP00000356545,0.833,STRING
CA2,CA1,9606.ENSP00000285379,9606.ENSP00000430656,0.833,STRING
SOX2,AKT1,9606.ENSP00000323588,9606.ENSP00000451828,0.833,STRING
IL23R,TNF,9606.ENSP00000321345,9606.ENSP00000398698,0.833,STRING
KIT,CXCR4,9606.ENSP00000288135,9606.ENSP00000386884,0.833,STRING
CD4,STAT5B,9606.ENSP00000011653,9606.ENSP00000293328,0.833,STRING
KCNQ1,CDKAL1,9606.ENSP00000155840,9606.ENSP00000274695,0.833,STRING
ERBB3,NRAS,9606.ENSP00000267101,9606.ENSP00000358548,0.833,STRING
IL4R,PTPN11,9606.ENSP00000379111,9606.ENSP00000489597,0.833,STRING
MAPK3,RHOA,9606.ENSP00000263025,9606.ENSP00000400175,0.833,STRING
IL2RG,IL6,9606.ENSP00000363318,9606.ENSP00000385675,0.832,STRING
MPO,TNF,9606.ENSP00000225275,9606.ENSP00000398698,0.832,STRING
MAPK3,LYN,9606.ENSP00000263025,9606.ENSP00000428924,0.832,STRING
RBX1,PSMD14,9606.ENSP00000216225,9606.ENSP00000386541,0.832,STRING
F9,FURIN,9606.ENSP00000218099,9606.ENSP00000483552,0.832,STRING
CYP1B1,PITX2,9606.ENSP00000478561,9606.ENSP00000495061,0.832,STRING
SMAD2,NCOR1,9606.ENSP00000262160,9606.ENSP00000268712,0.832,STRING
SLC6A3,ADRA2A,9606.ENSP00000270349,9606.ENSP00000280155,0.832,STRING
TNFRSF8,BCL6,9606.ENSP00000263932,9606.ENSP00000384371,0.832,STRING
NPM1,NRAS,9606.ENSP00000296930,9606.ENSP00000358548,0.832,STRING
CDKN2A,BRCA1,9606.ENSP00000418915,9606.ENSP00000418960,0.832,STRING
CD4,STAT4,9606.ENSP00000011653,9606.ENSP00000351255,0.832,STRING
CACNA1F,CALM1,9606.ENSP00000365441,9606.ENSP00000499717,0.832,STRING
GABRA1,GABRG3,9606.ENSP00000393097,9606.ENSP00000479113,0.832,STRING
APOB,F2,9606.ENSP00000233242,9606.ENSP00000308541,0.832,STRING
CCND1,FOXA1,9606.ENSP00000227507,9606.ENSP00000250448,0.832,STRING
PMS2,FANCD2,9606.ENSP00000265849,9606.ENSP00000287647,0.832,STRING
STAT3,IFNGR1,9606.ENSP00000264657,9606.ENSP00000356713,0.832,STRING
TSC2,BRAF,9606.ENSP00000219476,9606.ENSP00000419060,0.832,STRING
RELB,NFKBIZ,9606.ENSP00000221452,9606.ENSP00000325663,0.832,STRING
IL4,CSF2RB,9606.ENSP00000231449,9606.ENSP00000384053,0.832,STRING
APOB,FGA,9606.ENSP00000233242,9606.ENSP00000498441,0.832,STRING
HCN4,CACNA1C,9606.ENSP00000261917,9606.ENSP00000266376,0.832,STRING
ABL1,PIK3R1,9606.ENSP00000361423,9606.ENSP00000428056,0.832,STRING
IL7R,IL4R,9606.ENSP00000306157,9606.ENSP00000379111,0.832,STRING
IL17F,TNF,9606.ENSP00000337432,9606.ENSP00000398698,0.832,STRING
COL1A1,PDGFRB,9606.ENSP00000225964,9606.ENSP00000261799,0.831,STRING
PTGS2,HIF1A,9606.ENSP00000356438,9606.ENSP00000437955,0.831,STRING
AXIN1,ESR1,9606.ENSP00000262320,9606.ENSP00000405330,0.831,STRING
ADORA1,ADA,9606.ENSP00000356205,9606.ENSP00000361965,0.831,STRING
TLR4,BTK,9606.ENSP00000363089,9606.ENSP00000483570,0.831,STRING
CYP19A1,FSHR,9606.ENSP00000379683,9606.ENSP00000384708,0.831,STRING
SERPINA1,FGA,9606.ENSP00000416066,9606.ENSP00000498441,0.831,STRING
WAS,RHOA,9606.ENSP00000365891,9606.ENSP00000400175,0.831,STRING
SORT1,LPL,9606.ENSP00000256637,9606.ENSP00000497642,0.831,STRING
CCR5,IL6,9606.ENSP00000292303,9606.ENSP00000385675,0.831,STRING
ATR,BRCA2,9606.ENSP00000343741,9606.ENSP00000369497,0.831,STRING
SFTPD,SFTPA2,9606.ENSP00000361366,9606.ENSP00000361400,0.831,STRING
ATM,CDK12,9606.ENSP00000278616,9606.ENSP00000398880,0.831,STRING
IL6,TNFAIP3,9606.ENSP00000385675,9606.ENSP00000481570,0.831,STRING
IL6R,IL2RA,9606.ENSP00000357470,9606.ENSP00000369293,0.831,STRING
IL13,TYK2,9606.ENSP00000304915,9606.ENSP00000431885,0.831,STRING
BCL2,CD8A,9606.ENSP00000381185,9606.ENSP00000386559,0.831,STRING
FANCD2,RAD51D,9606.ENSP00000287647,9606.ENSP00000466399,0.831,STRING
APOE,BDNF,9606.ENSP00000252486,9606.ENSP00000414303,0.831,STRING
ENG,TEK,9606.ENSP00000362299,9606.ENSP00000369375,0.831,STRING
HCK,TNK2,9606.ENSP00000365012,9606.ENSP00000371341,0.831,STRING
CETP,ABCA1,9606.ENSP00000200676,9606.ENSP00000363868,0.831,STRING
PPARG,NFE2L2,9606.ENSP00000287820,9606.ENSP00000380252,0.831,STRING
EP300,KMT2A,9606.ENSP00000263253,9606.ENSP00000436786,0.831,STRING
TNFSF11,TNF,9606.ENSP00000381775,9606.ENSP00000398698,0.831,STRING
IL1RL1,TSLP,9606.ENSP00000233954,9606.ENSP00000339804,0.831,STRING
LRP5,RUNX2,9606.ENSP00000294304,9606.ENSP00000360493,0.83,STRING
STK11,BRCA2,9606.ENSP00000324856,9606.ENSP00000369497,0.83,STRING
MLH1,PTEN,9606.ENSP00000231790,9606.ENSP00000361021,0.83,STRING
SMARCB1,NF2,9606.ENSP00000340883,9606.ENSP00000344666,0.83,STRING
CACNG5,GRIA3,9606.ENSP00000436836,9606.ENSP00000481554,0.83,STRING
NR1I2,F10,9606.ENSP00000336528,9606.ENSP00000364709,0.83,STRING
EGFR,PGR,9606.ENSP00000275493,9606.ENSP00000325120,0.83,STRING
PPARG,PTEN,9606.ENSP00000287820,9606.ENSP00000361021,0.83,STRING
IL13,IL23R,9606.ENSP00000304915,9606.ENSP00000321345,0.83,STRING
HCN4,SCN1B,9606.ENSP00000261917,9606.ENSP00000396915,0.83,STRING
REN,ALB,9606.ENSP00000272190,9606.ENSP00000295897,0.83,STRING
HBEGF,PTGS2,9606.ENSP00000230990,9606.ENSP00000356438,0.83,STRING
MYH6,GATA4,9606.ENSP00000386041,9606.ENSP00000435712,0.83,STRING
PTEN,HIF1A,9606.ENSP00000361021,9606.ENSP00000437955,0.83,STRING
KMT2C,NCOR1,9606.ENSP00000262189,9606.ENSP00000268712,0.83,STRING
EGFR,MAPT,9606.ENSP00000275493,9606.ENSP00000340820,0.83,STRING
LMX1B,PBX1,9606.ENSP00000347684,9606.ENSP00000405890,0.83,STRING
SMAD2,ESR1,9606.ENSP00000262160,9606.ENSP00000405330,0.83,STRING
GATA1,CEBPA,9606.ENSP00000365858,9606.ENSP00000427514,0.83,STRING
CACNG3,GRIN1,9606.ENSP00000005284,9606.ENSP00000360608,0.83,STRING
GABBR2,GABRG2,9606.ENSP00000259455,9606.ENSP00000410732,0.83,STRING
EP300,PPARA,9606.ENSP00000263253,9606.ENSP00000385523,0.829,STRING
HNF4A,RUNX3,9606.ENSP00000312987,9606.ENSP00000382800,0.829,STRING
GRIN2C,GRIA1,9606.ENSP00000293190,9606.ENSP00000428994,0.829,STRING
GABRB3,GABRA2,9606.ENSP00000308725,9606.ENSP00000427603,0.829,STRING
HGF,STAT3,9606.ENSP00000222390,9606.ENSP00000264657,0.829,STRING
KCNJ11,HNF1A,9606.ENSP00000345708,9606.ENSP00000438804,0.829,STRING
PLG,MMP9,9606.ENSP00000308938,9606.ENSP00000361405,0.829,STRING
CACNA1D,CAV1,9606.ENSP00000288139,9606.ENSP00000339191,0.829,STRING
TNFRSF1A,STAT3,9606.ENSP00000162749,9606.ENSP00000264657,0.829,STRING
CACNG4,CACNA1H,9606.ENSP00000262138,9606.ENSP00000334198,0.829,STRING
HNF4A,NR1I2,9606.ENSP00000312987,9606.ENSP00000336528,0.829,STRING
IL18,NOD2,9606.ENSP00000280357,9606.ENSP00000300589,0.829,STRING
RUNX1,SMARCB1,9606.ENSP00000300305,9606.ENSP00000340883,0.829,STRING
CAV1,KCNA3,9606.ENSP00000339191,9606.ENSP00000358784,0.829,STRING
AVPR1A,AGT,9606.ENSP00000299178,9606.ENSP00000355627,0.829,STRING
DNMT1,KDM6A,9606.ENSP00000352516,9606.ENSP00000367203,0.829,STRING
MAPK1,LYN,9606.ENSP00000215832,9606.ENSP00000428924,0.829,STRING
ERBB2,FGFR4,9606.ENSP00000269571,9606.ENSP00000292408,0.829,STRING
CD4,INS,9606.ENSP00000011653,9606.ENSP00000380432,0.829,STRING
ERBB2,FGF9,9606.ENSP00000269571,9606.ENSP00000371790,0.829,STRING
CACNA1G,CACNA1S,9606.ENSP00000352011,9606.ENSP00000355192,0.829,STRING
SCN1A,SCN11A,9606.ENSP00000303540,9606.ENSP00000499569,0.829,STRING
SHH,PAX6,9606.ENSP00000297261,9606.ENSP00000492024,0.829,STRING
NFKB1,PARP1,9606.ENSP00000226574,9606.ENSP00000355759,0.828,STRING
ERBB3,PTPN11,9606.ENSP00000267101,9606.ENSP00000489597,0.828,STRING
IL12B,IL2RA,9606.ENSP00000231228,9606.ENSP00000369293,0.828,STRING
CXCL8,ANXA1,9606.ENSP00000306512,9606.ENSP00000366109,0.828,STRING
TGFB1,FGF9,9606.ENSP00000221930,9606.ENSP00000371790,0.828,STRING
LEP,LPL,9606.ENSP00000312652,9606.ENSP00000497642,0.828,STRING
IFNAR2,IL6,9606.ENSP00000343957,9606.ENSP00000385675,0.828,STRING
PRKCQ,FYN,9606.ENSP00000263125,9606.ENSP00000346671,0.828,STRING
FYN,BDNF,9606.ENSP00000346671,9606.ENSP00000414303,0.828,STRING
MEN1,RET,9606.ENSP00000337088,9606.ENSP00000347942,0.828,STRING
NOS3,XDH,9606.ENSP00000297494,9606.ENSP00000368727,0.828,STRING
PDGFRA,PTEN,9606.ENSP00000257290,9606.ENSP00000361021,0.828,STRING
NFKB1,TLR9,9606.ENSP00000226574,9606.ENSP00000353874,0.828,STRING
MMP2,COL1A1,9606.ENSP00000219070,9606.ENSP00000225964,0.828,STRING
IL6R,IL4R,9606.ENSP00000357470,9606.ENSP00000379111,0.828,STRING
PBX1,FOXC1,9606.ENSP00000405890,9606.ENSP00000493906,0.828,STRING
BDNF,GRIA1,9606.ENSP00000414303,9606.ENSP00000428994,0.828,STRING
APOA1,PPARA,9606.ENSP00000236850,9606.ENSP00000385523,0.828,STRING
CACNA1H,CACNA2D4,9606.ENSP00000334198,9606.ENSP00000372169,0.828,STRING
GUCY1A2,PDE9A,9606.ENSP00000282249,9606.ENSP00000291539,0.828,STRING
RPS27A,TBK1,9606.ENSP00000272317,9606.ENSP00000329967,0.828,STRING
ERBB2,PTGS2,9606.ENSP00000269571,9606.ENSP00000356438,0.828,STRING
FLT3,RUNX1,9606.ENSP00000241453,9606.ENSP00000300305,0.828,STRING
IL2,STAT3,9606.ENSP00000226730,9606.ENSP00000264657,0.828,STRING
GRIA1,CACNG5,9606.ENSP00000428994,9606.ENSP00000436836,0.828,STRING
TNF,JAK1,9606.ENSP00000398698,9606.ENSP00000499900,0.828,STRING
ASXL1,KDM6A,9606.ENSP00000364839,9606.ENSP00000367203,0.828,STRING
IL1B,APP,9606.ENSP00000263341,9606.ENSP00000284981,0.828,STRING
FLT4,FOXC2,9606.ENSP00000261937,9606.ENSP00000497759,0.828,STRING
EPAS1,PTK6,9606.ENSP00000263734,9606.ENSP00000442460,0.828,STRING
HNF4A,CEBPA,9606.ENSP00000312987,9606.ENSP00000427514,0.828,STRING
CACNB2,SCN1B,9606.ENSP00000320025,9606.ENSP00000396915,0.828,STRING
NR3C1,RUNX2,9606.ENSP00000231509,9606.ENSP00000360493,0.827,STRING
RANBP2,TOP2A,9606.ENSP00000283195,9606.ENSP00000411532,0.827,STRING
HRH1,TRPV1,9606.ENSP00000380247,9606.ENSP00000459962,0.827,STRING
ERBB4,HRAS,9606.ENSP00000342235,9606.ENSP00000407586,0.827,STRING
MMP9,AKT1,9606.ENSP00000361405,9606.ENSP00000451828,0.827,STRING
RPS27A,KMT2A,9606.ENSP00000272317,9606.ENSP00000436786,0.827,STRING
SPP1,RUNX3,9606.ENSP00000378517,9606.ENSP00000382800,0.827,STRING
FGFR2,BDNF,9606.ENSP00000410294,9606.ENSP00000414303,0.827,STRING
U2AF1,RBM10,9606.ENSP00000291552,9606.ENSP00000328848,0.827,STRING
SFN,AKT1,9606.ENSP00000340989,9606.ENSP00000451828,0.827,STRING
STAT5B,STAT4,9606.ENSP00000293328,9606.ENSP00000351255,0.827,STRING
EGFR,MMP9,9606.ENSP00000275493,9606.ENSP00000361405,0.827,STRING
HDAC4,HDAC2,9606.ENSP00000264606,9606.ENSP00000430432,0.827,STRING
GABBR2,GRM1,9606.ENSP00000259455,9606.ENSP00000282753,0.827,STRING
TIE1,TEK,9606.ENSP00000361554,9606.ENSP00000369375,0.827,STRING
PDCD1,IL10,9606.ENSP00000335062,9606.ENSP00000412237,0.827,STRING
CBL,SOS1,9606.ENSP00000264033,9606.ENSP00000384675,0.827,STRING
COL1A1,COL4A1,9606.ENSP00000225964,9606.ENSP00000364979,0.827,STRING
MAPK1,APP,9606.ENSP00000215832,9606.ENSP00000284981,0.827,STRING
MAP2K1,SOS1,9606.ENSP00000302486,9606.ENSP00000384675,0.827,STRING
BRD4,ATRX,9606.ENSP00000263377,9606.ENSP00000362441,0.827,STRING
SCNN1B,SLC12A3,9606.ENSP00000345751,9606.ENSP00000402152,0.826,STRING
TNFRSF1A,IL17A,9606.ENSP00000162749,9606.ENSP00000497968,0.826,STRING
RUNX2,GLI3,9606.ENSP00000360493,9606.ENSP00000379258,0.826,STRING
BARD1,PARP1,9606.ENSP00000260947,9606.ENSP00000355759,0.826,STRING
COL1A1,ALPL,9606.ENSP00000225964,9606.ENSP00000363973,0.826,STRING
ERBB3,PTEN,9606.ENSP00000267101,9606.ENSP00000361021,0.826,STRING
INSR,FGF9,9606.ENSP00000303830,9606.ENSP00000371790,0.826,STRING
RANBP2,ALK,9606.ENSP00000283195,9606.ENSP00000373700,0.826,STRING
MAP2K1,MAP2K4,9606.ENSP00000302486,9606.ENSP00000410402,0.826,STRING
CYP27B1,RXRG,9606.ENSP00000228606,9606.ENSP00000352900,0.826,STRING
BRD4,STAT3,9606.ENSP00000263377,9606.ENSP00000264657,0.826,STRING
FGF10,ERBB2,9606.ENSP00000264664,9606.ENSP00000269571,0.826,STRING
CEBPA,HIF1A,9606.ENSP00000427514,9606.ENSP00000437955,0.826,STRING
FLT3,IL7R,9606.ENSP00000241453,9606.ENSP00000306157,0.826,STRING
COL4A5,COL4A2,9606.ENSP00000331902,9606.ENSP00000353654,0.826,STRING
CD19,BCL6,9606.ENSP00000313419,9606.ENSP00000384371,0.826,STRING
MC3R,LEP,9606.ENSP00000243911,9606.ENSP00000312652,0.826,STRING
CAV1,PTGS2,9606.ENSP00000339191,9606.ENSP00000356438,0.826,STRING
JAG1,EPHA1,9606.ENSP00000254958,9606.ENSP00000275815,0.826,STRING
PSMC1,SEM1,9606.ENSP00000261303,9606.ENSP00000481021,0.826,STRING
ADRB2,CXCR4,9606.ENSP00000305372,9606.ENSP00000386884,0.826,STRING
APP,APOA5,9606.ENSP00000284981,9606.ENSP00000445002,0.826,STRING
STAT3,PPARG,9606.ENSP00000264657,9606.ENSP00000287820,0.826,STRING
ITGB2,CXCR4,9606.ENSP00000380948,9606.ENSP00000386884,0.826,STRING
MPL,TYK2,9606.ENSP00000361548,9606.ENSP00000431885,0.826,STRING
IL1B,CCR5,9606.ENSP00000263341,9606.ENSP00000292303,0.826,STRING
JAK3,GHR,9606.ENSP00000432511,9606.ENSP00000483403,0.826,STRING
LAMA2,ITGB3,9606.ENSP00000400365,9606.ENSP00000452786,0.826,STRING
F2,PLG,9606.ENSP00000308541,9606.ENSP00000308938,0.826,STRING
KRAS,MTOR,9606.ENSP00000256078,9606.ENSP00000354558,0.826,STRING
EGFR,RET,9606.ENSP00000275493,9606.ENSP00000347942,0.826,STRING
MSH6,TP53,9606.ENSP00000234420,9606.ENSP00000269305,0.826,STRING
FOXA1,KMT2C,9606.ENSP00000250448,9606.ENSP00000262189,0.825,STRING
CACNB3,CACNA1G,9606.ENSP00000301050,9606.ENSP00000352011,0.825,STRING
TGFB1,PDGFRB,9606.ENSP00000221930,9606.ENSP00000261799,0.825,STRING
SLC6A2,SLC22A3,9606.ENSP00000219833,9606.ENSP00000275300,0.825,STRING
IL2,IL33,9606.ENSP00000226730,9606.ENSP00000370842,0.825,STRING
SRSF2,EWSR1,9606.ENSP00000376276,9606.ENSP00000400142,0.825,STRING
PARP1,AKT1,9606.ENSP00000355759,9606.ENSP00000451828,0.825,STRING
CYP17A1,FSHR,9606.ENSP00000358903,9606.ENSP00000384708,0.825,STRING
CD79A,CD38,9606.ENSP00000221972,9606.ENSP00000226279,0.825,STRING
TGFB1,FGF10,9606.ENSP00000221930,9606.ENSP00000264664,0.825,STRING
ATM,TERT,9606.ENSP00000278616,9606.ENSP00000309572,0.825,STRING
CDH1,HNF4A,9606.ENSP00000261769,9606.ENSP00000312987,0.825,STRING
GABRB2,ALDH5A1,9606.ENSP00000274547,9606.ENSP00000314649,0.825,STRING
LEP,AKT1,9606.ENSP00000312652,9606.ENSP00000451828,0.825,STRING
STK11,CDKN2A,9606.ENSP00000324856,9606.ENSP00000418915,0.824,STRING
MMP9,HIF1A,9606.ENSP00000361405,9606.ENSP00000437955,0.824,STRING
ABCC6,VKORC1,9606.ENSP00000205557,9606.ENSP00000378426,0.824,STRING
INS,PIK3R1,9606.ENSP00000380432,9606.ENSP00000428056,0.824,STRING
SHH,SOX2,9606.ENSP00000297261,9606.ENSP00000323588,0.824,STRING
IL2,CD19,9606.ENSP00000226730,9606.ENSP00000313419,0.824,STRING
CXCL8,ELANE,9606.ENSP00000306512,9606.ENSP00000466090,0.824,STRING
FGFR3,PIK3R1,9606.ENSP00000339824,9606.ENSP00000428056,0.824,STRING
KCND3,SCN5A,9606.ENSP00000319591,9606.ENSP00000328968,0.824,STRING
NDUFA9,NDUFAF4,9606.ENSP00000266544,9606.ENSP00000358272,0.824,STRING
EZH2,WT1,9606.ENSP00000320147,9606.ENSP00000368370,0.824,STRING
NR3C1,HDAC6,9606.ENSP00000231509,9606.ENSP00000365804,0.824,STRING
CACNG2,CACNA2D2,9606.ENSP00000300105,9606.ENSP00000418081,0.824,STRING
MSH2,NBN,9606.ENSP00000233146,9606.ENSP00000265433,0.824,STRING
MMP7,CTNNB1,9606.ENSP00000260227,9606.ENSP00000495360,0.824,STRING
MSH6,ATR,9606.ENSP00000234420,9606.ENSP00000343741,0.824,STRING
RB1,RAF1,9606.ENSP00000267163,9606.ENSP00000401888,0.824,STRING
TP53,ZEB1,9606.ENSP00000269305,9606.ENSP00000354487,0.824,STRING
MAPK3,TLR4,9606.ENSP00000263025,9606.ENSP00000363089,0.824,STRING
SLC4A1,CA1,9606.ENSP00000262418,9606.ENSP00000430656,0.824,STRING
CREBBP,CHUK,9606.ENSP00000262367,9606.ENSP00000359424,0.824,STRING
IL17A,MYD88,9606.ENSP00000497968,9606.ENSP00000498321,0.824,STRING
TNFRSF1A,CD40LG,9606.ENSP00000162749,9606.ENSP00000359663,0.824,STRING
EP300,HNF1A,9606.ENSP00000263253,9606.ENSP00000438804,0.824,STRING
CREBBP,HDAC9,9606.ENSP00000262367,9606.ENSP00000408617,0.824,STRING
STAT5B,RUNX1,9606.ENSP00000293328,9606.ENSP00000300305,0.824,STRING
CACNA1F,CALM2,9606.ENSP00000365441,9606.ENSP00000499797,0.824,STRING
TLR4,CXCR4,9606.ENSP00000363089,9606.ENSP00000386884,0.824,STRING
GRIA4,GRIN2C,9606.ENSP00000282499,9606.ENSP00000293190,0.824,STRING
KDR,TGFA,9606.ENSP00000263923,9606.ENSP00000404131,0.824,STRING
NDUFB9,NDUFA4L2,9606.ENSP00000276689,9606.ENSP00000377411,0.824,STRING
KCNJ2,SCN4A,9606.ENSP00000243457,9606.ENSP00000396320,0.824,STRING
C5,CFH,9606.ENSP00000223642,9606.ENSP00000356399,0.824,STRING
TLR9,SYK,9606.ENSP00000353874,9606.ENSP00000364898,0.824,STRING
HCK,TYK2,9606.ENSP00000365012,9606.ENSP00000431885,0.823,STRING
CDKN1B,FLT3,9606.ENSP00000228872,9606.ENSP00000241453,0.823,STRING
PAX2,OTX2,9606.ENSP00000359319,9606.ENSP00000500595,0.823,STRING
NOTCH2,PSEN1,9606.ENSP00000256646,9606.ENSP00000326366,0.823,STRING
AR,TNK2,9606.ENSP00000363822,9606.ENSP00000371341,0.823,STRING
AKT1,MYD88,9606.ENSP00000451828,9606.ENSP00000498321,0.823,STRING
IFNG,STAT5B,9606.ENSP00000229135,9606.ENSP00000293328,0.823,STRING
PTEN,HRAS,9606.ENSP00000361021,9606.ENSP00000407586,0.823,STRING
CD38,CBL,9606.ENSP00000226279,9606.ENSP00000264033,0.823,STRING
SOX2,SMARCA4,9606.ENSP00000323588,9606.ENSP00000343896,0.823,STRING
ACE,ADAM17,9606.ENSP00000290866,9606.ENSP00000309968,0.823,STRING
KRAS,IL6,9606.ENSP00000256078,9606.ENSP00000385675,0.823,STRING
SCN8A,KCNQ3,9606.ENSP00000346534,9606.ENSP00000373648,0.823,STRING
MET,INS,9606.ENSP00000317272,9606.ENSP00000380432,0.823,STRING
EPHA2,EPHA7,9606.ENSP00000351209,9606.ENSP00000358309,0.823,STRING
KMT2C,ARID1A,9606.ENSP00000262189,9606.ENSP00000320485,0.823,STRING
RBX1,PSMB6,9606.ENSP00000216225,9606.ENSP00000270586,0.823,STRING
RUNX2,ABL1,9606.ENSP00000360493,9606.ENSP00000361423,0.823,STRING
LYN,YES1,9606.ENSP00000428924,9606.ENSP00000462468,0.823,STRING
PPARG,EBF1,9606.ENSP00000287820,9606.ENSP00000322898,0.823,STRING
C5,ELANE,9606.ENSP00000223642,9606.ENSP00000466090,0.823,STRING
BRD4,GATA1,9606.ENSP00000263377,9606.ENSP00000365858,0.823,STRING
MMP13,IL1B,9606.ENSP00000260302,9606.ENSP00000263341,0.823,STRING
GRIN2B,GRIA3,9606.ENSP00000477455,9606.ENSP00000481554,0.823,STRING
MLH1,RAD51C,9606.ENSP00000231790,9606.ENSP00000336701,0.822,STRING
PSMB7,PSMB10,9606.ENSP00000259457,9606.ENSP00000351314,0.822,STRING
CDK4,NRAS,9606.ENSP00000257904,9606.ENSP00000358548,0.822,STRING
TPO,PAH,9606.ENSP00000329869,9606.ENSP00000448059,0.822,STRING
RYR1,CACNA1F,9606.ENSP00000352608,9606.ENSP00000365441,0.822,STRING
IL4,CRP,9606.ENSP00000231449,9606.ENSP00000255030,0.822,STRING
CACNG8,GRIN2B,9606.ENSP00000270458,9606.ENSP00000477455,0.822,STRING
KMT2D,ESR1,9606.ENSP00000301067,9606.ENSP00000405330,0.822,STRING
POLE,MUTYH,9606.ENSP00000322570,9606.ENSP00000500891,0.822,STRING
GRIN2C,GRIA2,9606.ENSP00000293190,9606.ENSP00000296526,0.822,STRING
CACNA1H,CACNA2D3,9606.ENSP00000334198,9606.ENSP00000419101,0.822,STRING
CYP11A1,FSHR,9606.ENSP00000268053,9606.ENSP00000384708,0.822,STRING
APOB,SERPINA1,9606.ENSP00000233242,9606.ENSP00000416066,0.822,STRING
GRIK3,GRIA1,9606.ENSP00000362183,9606.ENSP00000428994,0.822,STRING
NTRK2,CNR1,9606.ENSP00000277120,9606.ENSP00000358513,0.822,STRING
CACNG4,CACNA1B,9606.ENSP00000262138,9606.ENSP00000360423,0.822,STRING
MAP3K7,POLE3,9606.ENSP00000358335,9606.ENSP00000363286,0.822,STRING
ERBB2,ADRB2,9606.ENSP00000269571,9606.ENSP00000305372,0.822,STRING
CACNA1D,CALM1,9606.ENSP00000288139,9606.ENSP00000499717,0.822,STRING
KMT2C,CREBBP,9606.ENSP00000262189,9606.ENSP00000262367,0.822,STRING
DNMT1,AKT1,9606.ENSP00000352516,9606.ENSP00000451828,0.822,STRING
PSEN1,PRNP,9606.ENSP00000326366,9606.ENSP00000399376,0.822,STRING
TERT,PTEN,9606.ENSP00000309572,9606.ENSP00000361021,0.822,STRING
MAPK1,PIK3CA,9606.ENSP00000215832,9606.ENSP00000263967,0.822,STRING
ERBB3,PTK6,9606.ENSP00000267101,9606.ENSP00000442460,0.821,STRING
ALB,TLR4,9606.ENSP00000295897,9606.ENSP00000363089,0.821,STRING
PSMC5,RPS19,9606.ENSP00000310572,9606.ENSP00000470972,0.821,STRING
BLK,STAT3,9606.ENSP00000259089,9606.ENSP00000264657,0.821,STRING
MMP2,COL4A1,9606.ENSP00000219070,9606.ENSP00000364979,0.821,STRING
CARD9,CARD11,9606.ENSP00000360797,9606.ENSP00000380150,0.821,STRING
HDAC5,EP300,9606.ENSP00000225983,9606.ENSP00000263253,0.821,STRING
CD19,EBF1,9606.ENSP00000313419,9606.ENSP00000322898,0.821,STRING
STAT5B,PIM1,9606.ENSP00000293328,9606.ENSP00000362608,0.821,STRING
LRRK2,TUBB,9606.ENSP00000298910,9606.ENSP00000339001,0.821,STRING
CFTR,SCNN1A,9606.ENSP00000003084,9606.ENSP00000353292,0.821,STRING
ANK1,ERBB2,9606.ENSP00000265709,9606.ENSP00000269571,0.821,STRING
RARA,PSMC5,9606.ENSP00000254066,9606.ENSP00000310572,0.821,STRING
TTR,PRNP,9606.ENSP00000237014,9606.ENSP00000399376,0.821,STRING
RAD51B,HMGA2,9606.ENSP00000419881,9606.ENSP00000437621,0.821,STRING
EPAS1,EGFR,9606.ENSP00000263734,9606.ENSP00000275493,0.821,STRING
EGFR,TYK2,9606.ENSP00000275493,9606.ENSP00000431885,0.821,STRING
AGT,AKT1,9606.ENSP00000355627,9606.ENSP00000451828,0.821,STRING
NCOR1,HDAC8,9606.ENSP00000268712,9606.ENSP00000362674,0.821,STRING
KDM6A,GATA4,9606.ENSP00000367203,9606.ENSP00000435712,0.821,STRING
PTEN,BRCA1,9606.ENSP00000361021,9606.ENSP00000418960,0.821,STRING
INHBA,SMAD3,9606.ENSP00000242208,9606.ENSP00000332973,0.821,STRING
MAP2K1,IL6,9606.ENSP00000302486,9606.ENSP00000385675,0.821,STRING
F5,MTHFR,9606.ENSP00000356771,9606.ENSP00000365770,0.821,STRING
PIK3CA,CSF1R,9606.ENSP00000263967,9606.ENSP00000286301,0.821,STRING
IL2,IRF4,9606.ENSP00000226730,9606.ENSP00000370343,0.821,STRING
NDUFB8,NDUFA4L2,9606.ENSP00000299166,9606.ENSP00000377411,0.821,STRING
REN,INS,9606.ENSP00000272190,9606.ENSP00000380432,0.821,STRING
AR,SRD5A2,9606.ENSP00000363822,9606.ENSP00000477587,0.821,STRING
BCL11B,CUX1,9606.ENSP00000349723,9606.ENSP00000353401,0.821,STRING
GDF5,ACVR1,9606.ENSP00000363492,9606.ENSP00000405004,0.821,STRING
CACNG1,SCN4A,9606.ENSP00000226021,9606.ENSP00000396320,0.82,STRING
PGR,IGF1R,9606.ENSP00000325120,9606.ENSP00000497069,0.82,STRING
IL1B,ESR1,9606.ENSP00000263341,9606.ENSP00000405330,0.82,STRING
CNTNAP1,MBP,9606.ENSP00000264638,9606.ENSP00000380958,0.82,STRING
LYN,AKT1,9606.ENSP00000428924,9606.ENSP00000451828,0.82,STRING
GABRB2,GABRG1,9606.ENSP00000274547,9606.ENSP00000295452,0.82,STRING
STAT3,CCR5,9606.ENSP00000264657,9606.ENSP00000292303,0.82,STRING
SCN2A,HBB,9606.ENSP00000490107,9606.ENSP00000494175,0.82,STRING
CALM3,TNF,9606.ENSP00000291295,9606.ENSP00000398698,0.82,STRING
CAV1,AR,9606.ENSP00000339191,9606.ENSP00000363822,0.82,STRING
CYP3A5,NR1I2,9606.ENSP00000222982,9606.ENSP00000336528,0.82,STRING
COL4A2,COL4A3,9606.ENSP00000353654,9606.ENSP00000379823,0.82,STRING
CCND1,TCF7L2,9606.ENSP00000227507,9606.ENSP00000486891,0.82,STRING
PPARG,ABCA1,9606.ENSP00000287820,9606.ENSP00000363868,0.82,STRING
CACNA1H,CACNA2D2,9606.ENSP00000334198,9606.ENSP00000418081,0.82,STRING
IL2RB,IL4R,9606.ENSP00000216223,9606.ENSP00000379111,0.82,STRING
IL4,EGFR,9606.ENSP00000231449,9606.ENSP00000275493,0.82,STRING
YES1,PLCG2,9606.ENSP00000462468,9606.ENSP00000482457,0.82,STRING
MAPK14,ADAM17,9606.ENSP00000229795,9606.ENSP00000309968,0.82,STRING
MAPK14,MBP,9606.ENSP00000229795,9606.ENSP00000380958,0.82,STRING
BCL2,CDKN1A,9606.ENSP00000381185,9606.ENSP00000384849,0.82,STRING
TLR4,XDH,9606.ENSP00000363089,9606.ENSP00000368727,0.82,STRING
CSF3R,HCK,9606.ENSP00000362195,9606.ENSP00000365012,0.82,STRING
KIT,ENG,9606.ENSP00000288135,9606.ENSP00000362299,0.82,STRING
FGF10,INS,9606.ENSP00000264664,9606.ENSP00000380432,0.82,STRING
NCOR1,SMARCA4,9606.ENSP00000268712,9606.ENSP00000343896,0.82,STRING
SOX2,SMAD4,9606.ENSP00000323588,9606.ENSP00000341551,0.82,STRING
PPARG,IL6,9606.ENSP00000287820,9606.ENSP00000385675,0.82,STRING
PDE2A,GUCY1B1,9606.ENSP00000334910,9606.ENSP00000426786,0.82,STRING
TP53,RUNX1,9606.ENSP00000269305,9606.ENSP00000300305,0.82,STRING
APOE,CCR2,9606.ENSP00000252486,9606.ENSP00000292301,0.82,STRING
BRIP1,ERCC4,9606.ENSP00000259008,9606.ENSP00000310520,0.82,STRING
CACNA1B,CACNA2D4,9606.ENSP00000360423,9606.ENSP00000372169,0.82,STRING
PDGFB,IGF1R,9606.ENSP00000330382,9606.ENSP00000497069,0.819,STRING
NDUFA4,MT-ND6,9606.ENSP00000339720,9606.ENSP00000354665,0.819,STRING
PIK3R1,SOCS1,9606.ENSP00000428056,9606.ENSP00000496577,0.819,STRING
RAD51C,FANCA,9606.ENSP00000336701,9606.ENSP00000373952,0.819,STRING
FGFR1,PGF,9606.ENSP00000393312,9606.ENSP00000451040,0.819,STRING
CD80,CD19,9606.ENSP00000264246,9606.ENSP00000313419,0.819,STRING
IL18,ALOX5,9606.ENSP00000280357,9606.ENSP00000363512,0.819,STRING
PLG,SERPINA1,9606.ENSP00000308938,9606.ENSP00000416066,0.819,STRING
INS,IL10,9606.ENSP00000380432,9606.ENSP00000412237,0.819,STRING
MMP7,CDH1,9606.ENSP00000260227,9606.ENSP00000261769,0.819,STRING
APP,RELN,9606.ENSP00000284981,9606.ENSP00000392423,0.819,STRING
GABBR2,CASR,9606.ENSP00000259455,9606.ENSP00000420194,0.819,STRING
CCND1,RUNX2,9606.ENSP00000227507,9606.ENSP00000360493,0.819,STRING
GRIN2A,BDNF,9606.ENSP00000332549,9606.ENSP00000414303,0.819,STRING
MAPK3,MAP3K1,9606.ENSP00000263025,9606.ENSP00000382423,0.819,STRING
TGFB2,IL6,9606.ENSP00000355896,9606.ENSP00000385675,0.819,STRING
APOB,PPARA,9606.ENSP00000233242,9606.ENSP00000385523,0.819,STRING
APOB,C3,9606.ENSP00000233242,9606.ENSP00000245907,0.819,STRING
TBX5,TNNT2,9606.ENSP00000309913,9606.ENSP00000499593,0.819,STRING
CACNG4,CACNA1G,9606.ENSP00000262138,9606.ENSP00000352011,0.819,STRING
MYO5A,CALM1,9606.ENSP00000382177,9606.ENSP00000499717,0.819,STRING
TNF,HIF1A,9606.ENSP00000398698,9606.ENSP00000437955,0.818,STRING
STAT3,S1PR1,9606.ENSP00000264657,9606.ENSP00000305416,0.818,STRING
MAPK14,SRC,9606.ENSP00000229795,9606.ENSP00000362680,0.818,STRING
CREBBP,EZH2,9606.ENSP00000262367,9606.ENSP00000320147,0.818,STRING
CD274,ALK,9606.ENSP00000370989,9606.ENSP00000373700,0.818,STRING
MAPK1,EP300,9606.ENSP00000215832,9606.ENSP00000263253,0.818,STRING
RPE65,IMPDH1,9606.ENSP00000262340,9606.ENSP00000345096,0.818,STRING
TSC2,ESR1,9606.ENSP00000219476,9606.ENSP00000405330,0.818,STRING
CACNG3,CACNA1H,9606.ENSP00000005284,9606.ENSP00000334198,0.818,STRING
GRID2,GRIK2,9606.ENSP00000282020,9606.ENSP00000397026,0.818,STRING
IDH2,ASXL1,9606.ENSP00000331897,9606.ENSP00000364839,0.818,STRING
MSH2,KRAS,9606.ENSP00000233146,9606.ENSP00000256078,0.818,STRING
CD19,CXCR4,9606.ENSP00000313419,9606.ENSP00000386884,0.818,STRING
CD19,ENG,9606.ENSP00000313419,9606.ENSP00000362299,0.818,STRING
BRD4,ARID1A,9606.ENSP00000263377,9606.ENSP00000320485,0.818,STRING
ACE,MTHFR,9606.ENSP00000290866,9606.ENSP00000365770,0.818,STRING
CD38,NCAM1,9606.ENSP00000226279,9606.ENSP00000480132,0.818,STRING
DRD5,DRD1,9606.ENSP00000306129,9606.ENSP00000377353,0.818,STRING
PALB2,ERCC4,9606.ENSP00000261584,9606.ENSP00000310520,0.818,STRING
NFKB1,BCL2,9606.ENSP00000226574,9606.ENSP00000381185,0.818,STRING
GHR,SOCS1,9606.ENSP00000483403,9606.ENSP00000496577,0.818,STRING
BMP4,FGF9,9606.ENSP00000245451,9606.ENSP00000371790,0.818,STRING
NFKB1,CD8A,9606.ENSP00000226574,9606.ENSP00000386559,0.818,STRING
NGF,AKT1,9606.ENSP00000358525,9606.ENSP00000451828,0.818,STRING
HDAC5,HDAC1,9606.ENSP00000225983,9606.ENSP00000362649,0.818,STRING
TNFRSF1A,MYD88,9606.ENSP00000162749,9606.ENSP00000498321,0.818,STRING
SOS1,LCK,9606.ENSP00000384675,9606.ENSP00000477713,0.818,STRING
CDKN1B,RB1,9606.ENSP00000228872,9606.ENSP00000267163,0.818,STRING
REN,SCNN1B,9606.ENSP00000272190,9606.ENSP00000345751,0.818,STRING
HTR3A,GRIN2B,9606.ENSP00000347754,9606.ENSP00000477455,0.818,STRING
NOTCH2,CREBBP,9606.ENSP00000256646,9606.ENSP00000262367,0.818,STRING
CYP11B2,KCNJ5,9606.ENSP00000325822,9606.ENSP00000433295,0.818,STRING
GABRA6,GABRA1,9606.ENSP00000274545,9606.ENSP00000393097,0.818,STRING
FDX1,MT-ND4L,9606.ENSP00000260270,9606.ENSP00000354728,0.818,STRING
KIT,AKT1,9606.ENSP00000288135,9606.ENSP00000451828,0.818,STRING
PDE9A,NPR1,9606.ENSP00000291539,9606.ENSP00000357669,0.818,STRING
CD79A,TNFRSF8,9606.ENSP00000221972,9606.ENSP00000263932,0.818,STRING
CACNA1D,CALM2,9606.ENSP00000288139,9606.ENSP00000499797,0.818,STRING
PDGFRB,TYK2,9606.ENSP00000261799,9606.ENSP00000431885,0.818,STRING
GABRB1,GABRE,9606.ENSP00000295454,9606.ENSP00000359353,0.817,STRING
RET,NCAM1,9606.ENSP00000347942,9606.ENSP00000480132,0.817,STRING
DRD4,BDNF,9606.ENSP00000176183,9606.ENSP00000414303,0.817,STRING
MPO,CRP,9606.ENSP00000225275,9606.ENSP00000255030,0.817,STRING
DNMT1,CTNNB1,9606.ENSP00000352516,9606.ENSP00000495360,0.817,STRING
PTK2,SPP1,9606.ENSP00000341189,9606.ENSP00000378517,0.817,STRING
PDGFRA,IL6,9606.ENSP00000257290,9606.ENSP00000385675,0.817,STRING
TNFRSF1A,AKT1,9606.ENSP00000162749,9606.ENSP00000451828,0.817,STRING
GABBR2,GABRB2,9606.ENSP00000259455,9606.ENSP00000274547,0.817,STRING
TNFSF4,TSLP,9606.ENSP00000281834,9606.ENSP00000339804,0.817,STRING
MMP2,FBN1,9606.ENSP00000219070,9606.ENSP00000325527,0.817,STRING
SCN1A,GABRA1,9606.ENSP00000303540,9606.ENSP00000393097,0.817,STRING
IFNAR1,IFNGR2,9606.ENSP00000270139,9606.ENSP00000371425,0.817,STRING
CACNG1,CACNA1H,9606.ENSP00000226021,9606.ENSP00000334198,0.817,STRING
ACHE,MAPT,9606.ENSP00000303211,9606.ENSP00000340820,0.817,STRING
KRAS,STAT3,9606.ENSP00000256078,9606.ENSP00000264657,0.817,STRING
GRIN2C,CACNG2,9606.ENSP00000293190,9606.ENSP00000300105,0.817,STRING
GSR,GRIA1,9606.ENSP00000221130,9606.ENSP00000428994,0.817,STRING
WAS,TNK2,9606.ENSP00000365891,9606.ENSP00000371341,0.817,STRING
NFKB1,TLR7,9606.ENSP00000226574,9606.ENSP00000370034,0.817,STRING
NFKB1,IL1R1,9606.ENSP00000226574,9606.ENSP00000386380,0.817,STRING
CD4,ALB,9606.ENSP00000011653,9606.ENSP00000295897,0.817,STRING
IFNG,AKT1,9606.ENSP00000229135,9606.ENSP00000451828,0.817,STRING
EGFR,TUBA1A,9606.ENSP00000275493,9606.ENSP00000439020,0.817,STRING
RB1,LMNA,9606.ENSP00000267163,9606.ENSP00000357283,0.817,STRING
CD19,PDCD1,9606.ENSP00000313419,9606.ENSP00000335062,0.817,STRING
SERPINC1,F5,9606.ENSP00000356671,9606.ENSP00000356771,0.817,STRING
TERT,CDKN2A,9606.ENSP00000309572,9606.ENSP00000418915,0.817,STRING
CALM3,MYO5A,9606.ENSP00000291295,9606.ENSP00000382177,0.817,STRING
GRIN2D,GRIA1,9606.ENSP00000263269,9606.ENSP00000428994,0.816,STRING
CACNA1E,CACNB4,9606.ENSP00000356545,9606.ENSP00000438949,0.816,STRING
PDE9A,GUCY1B1,9606.ENSP00000291539,9606.ENSP00000426786,0.816,STRING
NPC1,ABCA1,9606.ENSP00000269228,9606.ENSP00000363868,0.816,STRING
F2,FURIN,9606.ENSP00000308541,9606.ENSP00000483552,0.816,STRING
F2,MBL2,9606.ENSP00000308541,9606.ENSP00000363079,0.816,STRING
TSC2,SFN,9606.ENSP00000219476,9606.ENSP00000340989,0.816,STRING
CD86,TLR7,9606.ENSP00000332049,9606.ENSP00000370034,0.816,STRING
KCNH2,KCNA2,9606.ENSP00000262186,9606.ENSP00000487785,0.816,STRING
CXCL8,MYD88,9606.ENSP00000306512,9606.ENSP00000498321,0.816,STRING
HTR1A,BDNF,9606.ENSP00000316244,9606.ENSP00000414303,0.816,STRING
PIK3R1,CTLA4,9606.ENSP00000428056,9606.ENSP00000497102,0.816,STRING
TNF,SLC2A1,9606.ENSP00000398698,9606.ENSP00000416293,0.816,STRING
NBN,RAD51C,9606.ENSP00000265433,9606.ENSP00000336701,0.816,STRING
DRD4,DRD2,9606.ENSP00000176183,9606.ENSP00000354859,0.816,STRING
MAPK1,SMAD4,9606.ENSP00000215832,9606.ENSP00000341551,0.816,STRING
CFTR,SLC12A2,9606.ENSP00000003084,9606.ENSP00000262461,0.816,STRING
NFKB1,HIF1A,9606.ENSP00000226574,9606.ENSP00000437955,0.816,STRING
GATA1,FECH,9606.ENSP00000365858,9606.ENSP00000498358,0.816,STRING
IFNG,PTGS2,9606.ENSP00000229135,9606.ENSP00000356438,0.816,STRING
CD19,CD274,9606.ENSP00000313419,9606.ENSP00000370989,0.816,STRING
GHR,PTPN11,9606.ENSP00000483403,9606.ENSP00000489597,0.816,STRING
TP53,KIT,9606.ENSP00000269305,9606.ENSP00000288135,0.816,STRING
ERCC4,RAD51C,9606.ENSP00000310520,9606.ENSP00000336701,0.816,STRING
APOB,FGB,9606.ENSP00000233242,9606.ENSP00000306099,0.816,STRING
SLC6A3,ATP13A2,9606.ENSP00000270349,9606.ENSP00000327214,0.816,STRING
GRIN3B,CACNG7,9606.ENSP00000234389,9606.ENSP00000375647,0.816,STRING
GATA3,IL33,9606.ENSP00000368632,9606.ENSP00000370842,0.816,STRING
ERCC2,POLD1,9606.ENSP00000375809,9606.ENSP00000472445,0.816,STRING
TGFB1,IL13,9606.ENSP00000221930,9606.ENSP00000304915,0.816,STRING
SH3PXD2B,SRC,9606.ENSP00000309714,9606.ENSP00000362680,0.816,STRING
IDH2,G6PD,9606.ENSP00000331897,9606.ENSP00000377192,0.816,STRING
CDK4,BCL2,9606.ENSP00000257904,9606.ENSP00000381185,0.815,STRING
IL2,IL18,9606.ENSP00000226730,9606.ENSP00000280357,0.815,STRING
GH1,B2M,9606.ENSP00000312673,9606.ENSP00000497910,0.815,STRING
NKX2-5,TNNI3,9606.ENSP00000327758,9606.ENSP00000341838,0.815,STRING
SLC6A2,SLC18A2,9606.ENSP00000219833,9606.ENSP00000496339,0.815,STRING
PTGS2,MMP9,9606.ENSP00000356438,9606.ENSP00000361405,0.815,STRING
CYP27B1,NCOR1,9606.ENSP00000228606,9606.ENSP00000268712,0.815,STRING
PDGFRA,ANGPT1,9606.ENSP00000257290,9606.ENSP00000428340,0.815,STRING
IL6,CTLA4,9606.ENSP00000385675,9606.ENSP00000497102,0.815,STRING
GRIN3A,GRIA1,9606.ENSP00000355155,9606.ENSP00000428994,0.815,STRING
STAT3,ABCA1,9606.ENSP00000264657,9606.ENSP00000363868,0.815,STRING
NPC1L1,ABCA1,9606.ENSP00000289547,9606.ENSP00000363868,0.815,STRING
CSK,PTPN11,9606.ENSP00000220003,9606.ENSP00000489597,0.815,STRING
CDKN2C,CDKN2A,9606.ENSP00000262662,9606.ENSP00000418915,0.815,STRING
PITX1,TBX5,9606.ENSP00000265340,9606.ENSP00000309913,0.815,STRING
NRAS,AKT1,9606.ENSP00000358548,9606.ENSP00000451828,0.815,STRING
RB1,NPM1,9606.ENSP00000267163,9606.ENSP00000296930,0.815,STRING
GABBR2,GABRD,9606.ENSP00000259455,9606.ENSP00000367848,0.815,STRING
F10,FURIN,9606.ENSP00000364709,9606.ENSP00000483552,0.815,STRING
CTSV,CTSL,9606.ENSP00000259470,9606.ENSP00000345344,0.815,STRING
TERT,BRAF,9606.ENSP00000309572,9606.ENSP00000419060,0.815,STRING
CACNG3,CACNA1A,9606.ENSP00000005284,9606.ENSP00000489829,0.815,STRING
PTEN,BCL2,9606.ENSP00000361021,9606.ENSP00000381185,0.815,STRING
FGF9,INS,9606.ENSP00000371790,9606.ENSP00000380432,0.814,STRING
HTR3A,GRIA1,9606.ENSP00000347754,9606.ENSP00000428994,0.814,STRING
MMP9,IL17A,9606.ENSP00000361405,9606.ENSP00000497968,0.814,STRING
MMP2,CXCL8,9606.ENSP00000219070,9606.ENSP00000306512,0.814,STRING
CD4,TLR2,9606.ENSP00000011653,9606.ENSP00000260010,0.814,STRING
CACNG3,CACNG5,9606.ENSP00000005284,9606.ENSP00000436836,0.814,STRING
GALC,MBP,9606.ENSP00000261304,9606.ENSP00000380958,0.814,STRING
IL1RL1,KIT,9606.ENSP00000233954,9606.ENSP00000288135,0.814,STRING
FLT3,IDH1,9606.ENSP00000241453,9606.ENSP00000390265,0.814,STRING
EPHB4,EPHB6,9606.ENSP00000350896,9606.ENSP00000481994,0.814,STRING
RPS27A,BAP1,9606.ENSP00000272317,9606.ENSP00000417132,0.814,STRING
CXCR4,TNF,9606.ENSP00000386884,9606.ENSP00000398698,0.814,STRING
NOTCH2,EP300,9606.ENSP00000256646,9606.ENSP00000263253,0.814,STRING
DNMT1,ATRX,9606.ENSP00000352516,9606.ENSP00000362441,0.814,STRING
TLR2,IL33,9606.ENSP00000260010,9606.ENSP00000370842,0.814,STRING
GABRB3,GABRE,9606.ENSP00000308725,9606.ENSP00000359353,0.814,STRING
FOXA2,PAX6,9606.ENSP00000400341,9606.ENSP00000492024,0.814,STRING
FGF10,INSR,9606.ENSP00000264664,9606.ENSP00000303830,0.814,STRING
DRD2,SLC18A2,9606.ENSP00000354859,9606.ENSP00000496339,0.814,STRING
HRAS,NOTCH1,9606.ENSP00000407586,9606.ENSP00000498587,0.814,STRING
BMP4,NKX2-5,9606.ENSP00000245451,9606.ENSP00000327758,0.814,STRING
MAPK3,SOS1,9606.ENSP00000263025,9606.ENSP00000384675,0.814,STRING
HGF,FGFR1,9606.ENSP00000222390,9606.ENSP00000393312,0.814,STRING
GSR,SOD2,9606.ENSP00000221130,9606.ENSP00000446252,0.814,STRING
IL2RG,TYK2,9606.ENSP00000363318,9606.ENSP00000431885,0.814,STRING
APP,CTNNB1,9606.ENSP00000284981,9606.ENSP00000495360,0.814,STRING
APC,TCF7L2,9606.ENSP00000257430,9606.ENSP00000486891,0.814,STRING
KMT2D,ARID1A,9606.ENSP00000301067,9606.ENSP00000320485,0.813,STRING
CHRND,CHRNG,9606.ENSP00000258385,9606.ENSP00000498757,0.813,STRING
MPL,JAK1,9606.ENSP00000361548,9606.ENSP00000499900,0.813,STRING
NPM1,CEBPA,9606.ENSP00000296930,9606.ENSP00000427514,0.813,STRING
EZH2,CDKN2A,9606.ENSP00000320147,9606.ENSP00000418915,0.813,STRING
MITF,CTNNB1,9606.ENSP00000391803,9606.ENSP00000495360,0.813,STRING
CHUK,BCL2,9606.ENSP00000359424,9606.ENSP00000381185,0.813,STRING
ESR2,IGF1R,9606.ENSP00000343925,9606.ENSP00000497069,0.813,STRING
PPARG,MAP2K1,9606.ENSP00000287820,9606.ENSP00000302486,0.813,STRING
IFNG,INS,9606.ENSP00000229135,9606.ENSP00000380432,0.813,STRING
MAPK3,INS,9606.ENSP00000263025,9606.ENSP00000380432,0.813,STRING
GH1,INS,9606.ENSP00000312673,9606.ENSP00000380432,0.813,STRING
IL6,CTNNB1,9606.ENSP00000385675,9606.ENSP00000495360,0.813,STRING
STAT4,CD8A,9606.ENSP00000351255,9606.ENSP00000386559,0.813,STRING
POLE,RAD51C,9606.ENSP00000322570,9606.ENSP00000336701,0.813,STRING
SRC,ALK,9606.ENSP00000362680,9606.ENSP00000373700,0.813,STRING
TGFBR2,TNF,9606.ENSP00000351905,9606.ENSP00000398698,0.813,STRING
PDE6A,RPE65,9606.ENSP00000255266,9606.ENSP00000262340,0.813,STRING
IL7R,IL17A,9606.ENSP00000306157,9606.ENSP00000497968,0.813,STRING
HMGA2,LPP,9606.ENSP00000437621,9606.ENSP00000491657,0.813,STRING
HGF,IL10,9606.ENSP00000222390,9606.ENSP00000412237,0.813,STRING
PDE3A,GUCY1B1,9606.ENSP00000351957,9606.ENSP00000426786,0.813,STRING
KCNN2,CACNA1D,9606.ENSP00000264773,9606.ENSP00000288139,0.813,STRING
HTR3B,HTR3E,9606.ENSP00000260191,9606.ENSP00000406050,0.813,STRING
NFE2L2,BRCA1,9606.ENSP00000380252,9606.ENSP00000418960,0.813,STRING
HNF4A,SOX2,9606.ENSP00000312987,9606.ENSP00000323588,0.813,STRING
GRIK2,GRIN2B,9606.ENSP00000397026,9606.ENSP00000477455,0.813,STRING
CD8A,IDO1,9606.ENSP00000386559,9606.ENSP00000430950,0.813,STRING
KCNJ2,CACNA1S,9606.ENSP00000243457,9606.ENSP00000355192,0.813,STRING
ATR,RAD51D,9606.ENSP00000343741,9606.ENSP00000466399,0.813,STRING
CACNG2,CACNB2,9606.ENSP00000300105,9606.ENSP00000320025,0.813,STRING
CSNK1E,RPS19,9606.ENSP00000380044,9606.ENSP00000470972,0.813,STRING
PSMA7,ABL1,9606.ENSP00000359910,9606.ENSP00000361423,0.812,STRING
MSH2,RAD51D,9606.ENSP00000233146,9606.ENSP00000466399,0.812,STRING
HDAC5,CREBBP,9606.ENSP00000225983,9606.ENSP00000262367,0.812,STRING
EPHB4,EPHB2,9606.ENSP00000350896,9606.ENSP00000383053,0.812,STRING
SOS1,RAF1,9606.ENSP00000384675,9606.ENSP00000401888,0.812,STRING
GABBR2,GABRA4,9606.ENSP00000259455,9606.ENSP00000264318,0.812,STRING
GNAS,HRAS,9606.ENSP00000360141,9606.ENSP00000407586,0.812,STRING
PIK3CA,BRCA2,9606.ENSP00000263967,9606.ENSP00000369497,0.812,STRING
CDKN2B,SMAD4,9606.ENSP00000276925,9606.ENSP00000341551,0.812,STRING
GABRB2,GABRA2,9606.ENSP00000274547,9606.ENSP00000427603,0.812,STRING
CHRNA1,CHRNA4,9606.ENSP00000261007,9606.ENSP00000359285,0.812,STRING
NF1,RAF1,9606.ENSP00000351015,9606.ENSP00000401888,0.812,STRING
HMGB1,MYD88,9606.ENSP00000345347,9606.ENSP00000498321,0.812,STRING
RBM10,SRSF2,9606.ENSP00000328848,9606.ENSP00000376276,0.812,STRING
HGF,CXCR4,9606.ENSP00000222390,9606.ENSP00000386884,0.812,STRING
EGFR,SPP1,9606.ENSP00000275493,9606.ENSP00000378517,0.812,STRING
CHRM2,GABRA2,9606.ENSP00000399745,9606.ENSP00000427603,0.812,STRING
TNFSF4,CTLA4,9606.ENSP00000281834,9606.ENSP00000497102,0.812,STRING
CALM3,GSK3B,9606.ENSP00000291295,9606.ENSP00000324806,0.812,STRING
NFE2L2,IL6,9606.ENSP00000380252,9606.ENSP00000385675,0.812,STRING
TBX3,TBX5,9606.ENSP00000257566,9606.ENSP00000309913,0.812,STRING
TGFB1,ACVR2A,9606.ENSP00000221930,9606.ENSP00000241416,0.812,STRING
TGFB1,MMP1,9606.ENSP00000221930,9606.ENSP00000322788,0.812,STRING
TGFB1,AGT,9606.ENSP00000221930,9606.ENSP00000355627,0.812,STRING
GLRB,GLRA1,9606.ENSP00000264428,9606.ENSP00000411593,0.812,STRING
TP53,RANBP2,9606.ENSP00000269305,9606.ENSP00000283195,0.812,STRING
VHL,PTK2,9606.ENSP00000256474,9606.ENSP00000341189,0.812,STRING
NDUFA4,MT-ND4L,9606.ENSP00000339720,9606.ENSP00000354728,0.812,STRING
NCOR1,EZH2,9606.ENSP00000268712,9606.ENSP00000320147,0.812,STRING
ALB,UMOD,9606.ENSP00000295897,9606.ENSP00000379438,0.812,STRING
CACNG8,GRIN2A,9606.ENSP00000270458,9606.ENSP00000332549,0.812,STRING
STAT3,MAP3K7,9606.ENSP00000264657,9606.ENSP00000358335,0.812,STRING
STAT3,BRCA1,9606.ENSP00000264657,9606.ENSP00000418960,0.812,STRING
RAD51C,POLD1,9606.ENSP00000336701,9606.ENSP00000472445,0.812,STRING
EZH2,NRAS,9606.ENSP00000320147,9606.ENSP00000358548,0.811,STRING
HDAC3,AKT1,9606.ENSP00000302967,9606.ENSP00000451828,0.811,STRING
RHOA,ITGB3,9606.ENSP00000400175,9606.ENSP00000452786,0.811,STRING
INS,CEBPA,9606.ENSP00000380432,9606.ENSP00000427514,0.811,STRING
FHIT,CTNNB1,9606.ENSP00000418582,9606.ENSP00000495360,0.811,STRING
CBL,FGFR2,9606.ENSP00000264033,9606.ENSP00000410294,0.811,STRING
GABRG1,GABRA1,9606.ENSP00000295452,9606.ENSP00000393097,0.811,STRING
PSMB8,B2M,9606.ENSP00000364016,9606.ENSP00000497910,0.811,STRING
GRIN3B,GRIA4,9606.ENSP00000234389,9606.ENSP00000282499,0.811,STRING
SMAD4,NOTCH1,9606.ENSP00000341551,9606.ENSP00000498587,0.811,STRING
APOA1,NPC1L1,9606.ENSP00000236850,9606.ENSP00000289547,0.811,STRING
VWF,NOS3,9606.ENSP00000261405,9606.ENSP00000297494,0.811,STRING
CD8A,AKT1,9606.ENSP00000386559,9606.ENSP00000451828,0.811,STRING
SMARCA4,CDKN2A,9606.ENSP00000343896,9606.ENSP00000418915,0.811,STRING
EP300,ESR2,9606.ENSP00000263253,9606.ENSP00000343925,0.811,STRING
KDR,MMP9,9606.ENSP00000263923,9606.ENSP00000361405,0.811,STRING
AKT1,CTLA4,9606.ENSP00000451828,9606.ENSP00000497102,0.811,STRING
ITGAL,CXCR4,9606.ENSP00000349252,9606.ENSP00000386884,0.811,STRING
ABCA3,CSF2RA,9606.ENSP00000301732,9606.ENSP00000394227,0.811,STRING
CREBBP,KDM6A,9606.ENSP00000262367,9606.ENSP00000367203,0.811,STRING
MAPK14,RB1,9606.ENSP00000229795,9606.ENSP00000267163,0.811,STRING
TLR4,IFIH1,9606.ENSP00000363089,9606.ENSP00000497271,0.811,STRING
JAK2,ETV6,9606.ENSP00000371067,9606.ENSP00000379658,0.811,STRING
JAG1,RUNX3,9606.ENSP00000254958,9606.ENSP00000382800,0.811,STRING
TGFBR2,ACVR1,9606.ENSP00000351905,9606.ENSP00000405004,0.81,STRING
CACNA2D1,CACNA2D3,9606.ENSP00000349320,9606.ENSP00000419101,0.81,STRING
CAV1,INS,9606.ENSP00000339191,9606.ENSP00000380432,0.81,STRING
TUBB,AKT1,9606.ENSP00000339001,9606.ENSP00000451828,0.81,STRING
PDCD1,CD3G,9606.ENSP00000335062,9606.ENSP00000431445,0.81,STRING
FYN,HCK,9606.ENSP00000346671,9606.ENSP00000365012,0.81,STRING
PDGFB,FURIN,9606.ENSP00000330382,9606.ENSP00000483552,0.81,STRING
PGR,GATA3,9606.ENSP00000325120,9606.ENSP00000368632,0.81,STRING
TUBA1B,HDAC6,9606.ENSP00000336799,9606.ENSP00000365804,0.81,STRING
FGFR3,NGF,9606.ENSP00000339824,9606.ENSP00000358525,0.81,STRING
TNFSF11,IL6,9606.ENSP00000381775,9606.ENSP00000385675,0.81,STRING
PPARA,TNF,9606.ENSP00000385523,9606.ENSP00000398698,0.81,STRING
STAT5B,AKT1,9606.ENSP00000293328,9606.ENSP00000451828,0.81,STRING
FGB,SERPINA1,9606.ENSP00000306099,9606.ENSP00000416066,0.81,STRING
LHCGR,CYP19A1,9606.ENSP00000294954,9606.ENSP00000379683,0.81,STRING
CSK,ESR1,9606.ENSP00000220003,9606.ENSP00000405330,0.81,STRING
TP53,EWSR1,9606.ENSP00000269305,9606.ENSP00000400142,0.81,STRING
MMP13,COL18A1,9606.ENSP00000260302,9606.ENSP00000352798,0.81,STRING
CACNB1,CACNG5,9606.ENSP00000377840,9606.ENSP00000436836,0.81,STRING
GJA1,CALM3,9606.ENSP00000282561,9606.ENSP00000291295,0.81,STRING
SLC22A1,ABCG2,9606.ENSP00000355930,9606.ENSP00000498246,0.81,STRING
TP53,GNAS,9606.ENSP00000269305,9606.ENSP00000360141,0.81,STRING
TP53,KMT2D,9606.ENSP00000269305,9606.ENSP00000301067,0.81,STRING
FTO,RPGRIP1L,9606.ENSP00000418823,9606.ENSP00000493946,0.81,STRING
FLT4,PIK3CA,9606.ENSP00000261937,9606.ENSP00000263967,0.81,STRING
PTEN,CHEK2,9606.ENSP00000361021,9606.ENSP00000372023,0.81,STRING
MAPK14,MYD88,9606.ENSP00000229795,9606.ENSP00000498321,0.81,STRING
KMT2C,RPS27A,9606.ENSP00000262189,9606.ENSP00000272317,0.809,STRING
BACH2,PRDM1,9606.ENSP00000257749,9606.ENSP00000358092,0.809,STRING
HDAC1,TOP2A,9606.ENSP00000362649,9606.ENSP00000411532,0.809,STRING
CD80,IL17A,9606.ENSP00000264246,9606.ENSP00000497968,0.809,STRING
YES1,LCK,9606.ENSP00000462468,9606.ENSP00000477713,0.809,STRING
IL6R,CEBPA,9606.ENSP00000357470,9606.ENSP00000427514,0.809,STRING
CD19,CD3E,9606.ENSP00000313419,9606.ENSP00000354566,0.809,STRING
NKX2-5,MYH6,9606.ENSP00000327758,9606.ENSP00000386041,0.809,STRING
HDAC1,KMT2A,9606.ENSP00000362649,9606.ENSP00000436786,0.809,STRING
CDKN1A,BRCA1,9606.ENSP00000384849,9606.ENSP00000418960,0.809,STRING
GABRA6,GABRB3,9606.ENSP00000274545,9606.ENSP00000308725,0.809,STRING
EGFR,IL13,9606.ENSP00000275493,9606.ENSP00000304915,0.809,STRING
ATP1A4,KCNJ5,9606.ENSP00000357060,9606.ENSP00000433295,0.809,STRING
CD80,STAT3,9606.ENSP00000264246,9606.ENSP00000264657,0.809,STRING
GABRG1,GABRA2,9606.ENSP00000295452,9606.ENSP00000427603,0.809,STRING
GRIN2C,GRIA3,9606.ENSP00000293190,9606.ENSP00000481554,0.809,STRING
CACNA1E,CACNA2D4,9606.ENSP00000356545,9606.ENSP00000372169,0.809,STRING
BMP4,CTNNB1,9606.ENSP00000245451,9606.ENSP00000495360,0.809,STRING
TGFB1,TP53,9606.ENSP00000221930,9606.ENSP00000269305,0.809,STRING
GRM1,GRIA2,9606.ENSP00000282753,9606.ENSP00000296526,0.809,STRING
HBEGF,SRC,9606.ENSP00000230990,9606.ENSP00000362680,0.809,STRING
GSK3B,NOTCH1,9606.ENSP00000324806,9606.ENSP00000498587,0.809,STRING
CDK12,RAD51D,9606.ENSP00000398880,9606.ENSP00000466399,0.809,STRING
CALM3,RHOA,9606.ENSP00000291295,9606.ENSP00000400175,0.809,STRING
IL2,IFNAR1,9606.ENSP00000226730,9606.ENSP00000270139,0.809,STRING
STAT4,GATA3,9606.ENSP00000351255,9606.ENSP00000368632,0.809,STRING
ERBB2,CYP19A1,9606.ENSP00000269571,9606.ENSP00000379683,0.809,STRING
PDE6A,GUCY1B1,9606.ENSP00000255266,9606.ENSP00000426786,0.809,STRING
STAT3,IL4R,9606.ENSP00000264657,9606.ENSP00000379111,0.809,STRING
IL7R,LCK,9606.ENSP00000306157,9606.ENSP00000477713,0.809,STRING
BCHE,MAOB,9606.ENSP00000264381,9606.ENSP00000367309,0.809,STRING
CBL,PTK6,9606.ENSP00000264033,9606.ENSP00000442460,0.809,STRING
IL1B,BCL2,9606.ENSP00000263341,9606.ENSP00000381185,0.808,STRING
PRF1,TNF,9606.ENSP00000398568,9606.ENSP00000398698,0.808,STRING
LEP,PTPN11,9606.ENSP00000312652,9606.ENSP00000489597,0.808,STRING
EPHB4,EPHA2,9606.ENSP00000350896,9606.ENSP00000351209,0.808,STRING
EP300,RB1,9606.ENSP00000263253,9606.ENSP00000267163,0.808,STRING
TP53,RUNX2,9606.ENSP00000269305,9606.ENSP00000360493,0.808,STRING
IL18,TLR9,9606.ENSP00000280357,9606.ENSP00000353874,0.808,STRING
CDK6,TP53,9606.ENSP00000265734,9606.ENSP00000269305,0.808,STRING
SMARCA4,FBXW7,9606.ENSP00000343896,9606.ENSP00000474725,0.808,STRING
APP,LPA,9606.ENSP00000284981,9606.ENSP00000321334,0.808,STRING
SNAP25,NEFL,9606.ENSP00000254976,9606.ENSP00000482169,0.808,STRING
AR,IGF1R,9606.ENSP00000363822,9606.ENSP00000497069,0.808,STRING
CDH1,RPS19,9606.ENSP00000261769,9606.ENSP00000470972,0.808,STRING
IL2,IDO1,9606.ENSP00000226730,9606.ENSP00000430950,0.808,STRING
PIK3CG,PLCG2,9606.ENSP00000419260,9606.ENSP00000482457,0.808,STRING
IL2,CSF2RB,9606.ENSP00000226730,9606.ENSP00000384053,0.808,STRING
IL7R,CD19,9606.ENSP00000306157,9606.ENSP00000313419,0.808,STRING
EPHA4,EPHA2,9606.ENSP00000281821,9606.ENSP00000351209,0.808,STRING
CD3E,CD274,9606.ENSP00000354566,9606.ENSP00000370989,0.808,STRING
HOXA5,PBX1,9606.ENSP00000222726,9606.ENSP00000405890,0.808,STRING
TLR1,IRAK1,9606.ENSP00000354932,9606.ENSP00000358997,0.808,STRING
GABRB3,GABRA5,9606.ENSP00000308725,9606.ENSP00000382953,0.808,STRING
GLI3,ULK3,9606.ENSP00000379258,9606.ENSP00000400312,0.808,STRING
IL13,FOXP3,9606.ENSP00000304915,9606.ENSP00000365380,0.808,STRING
EGFR,ALB,9606.ENSP00000275493,9606.ENSP00000295897,0.808,STRING
CDK7,CDK12,9606.ENSP00000256443,9606.ENSP00000398880,0.808,STRING
KDR,FYN,9606.ENSP00000263923,9606.ENSP00000346671,0.807,STRING
PALB2,NDUFA11,9606.ENSP00000261584,9606.ENSP00000389160,0.807,STRING
ERBB2,FYN,9606.ENSP00000269571,9606.ENSP00000346671,0.807,STRING
SRC,FAS,9606.ENSP00000362680,9606.ENSP00000498466,0.807,STRING
CSF1R,CSF3R,9606.ENSP00000286301,9606.ENSP00000362195,0.807,STRING
KIT,BCR,9606.ENSP00000288135,9606.ENSP00000303507,0.807,STRING
SMO,SSTR3,9606.ENSP00000249373,9606.ENSP00000480971,0.807,STRING
FGR,SYK,9606.ENSP00000363117,9606.ENSP00000364898,0.807,STRING
CD79A,PIK3CD,9606.ENSP00000221972,9606.ENSP00000366563,0.807,STRING
CSTB,PRICKLE1,9606.ENSP00000291568,9606.ENSP00000345064,0.807,STRING
EPOR,LEP,9606.ENSP00000222139,9606.ENSP00000312652,0.807,STRING
SCN5A,MYBPC3,9606.ENSP00000328968,9606.ENSP00000442795,0.807,STRING
BLK,EGFR,9606.ENSP00000259089,9606.ENSP00000275493,0.807,STRING
CD86,ITGB2,9606.ENSP00000332049,9606.ENSP00000380948,0.807,STRING
CD274,TNF,9606.ENSP00000370989,9606.ENSP00000398698,0.807,STRING
STAT5B,IL6,9606.ENSP00000293328,9606.ENSP00000385675,0.807,STRING
ATM,CDKN1A,9606.ENSP00000278616,9606.ENSP00000384849,0.807,STRING
ALB,ABCG2,9606.ENSP00000295897,9606.ENSP00000498246,0.807,STRING
VWF,SPP1,9606.ENSP00000261405,9606.ENSP00000378517,0.807,STRING
PTEN,ESR1,9606.ENSP00000361021,9606.ENSP00000405330,0.807,STRING
IRF5,TNFAIP3,9606.ENSP00000418037,9606.ENSP00000481570,0.807,STRING
PPARG,TNF,9606.ENSP00000287820,9606.ENSP00000398698,0.807,STRING
CYP27B1,SRC,9606.ENSP00000228606,9606.ENSP00000362680,0.807,STRING
PMS2,RAD51C,9606.ENSP00000265849,9606.ENSP00000336701,0.807,STRING
STAT3,IL1R1,9606.ENSP00000264657,9606.ENSP00000386380,0.807,STRING
KRAS,LCK,9606.ENSP00000256078,9606.ENSP00000477713,0.807,STRING
CRP,PLG,9606.ENSP00000255030,9606.ENSP00000308938,0.807,STRING
MAPK14,KRAS,9606.ENSP00000229795,9606.ENSP00000256078,0.807,STRING
IL4,IRF4,9606.ENSP00000231449,9606.ENSP00000370343,0.807,STRING
LYN,PTPN11,9606.ENSP00000428924,9606.ENSP00000489597,0.807,STRING
PTPN22,TNFAIP3,9606.ENSP00000352833,9606.ENSP00000481570,0.807,STRING
TGFB3,SMAD4,9606.ENSP00000238682,9606.ENSP00000341551,0.807,STRING
APOA1,CRP,9606.ENSP00000236850,9606.ENSP00000255030,0.807,STRING
LEP,ESR1,9606.ENSP00000312652,9606.ENSP00000405330,0.806,STRING
LEP,IL10,9606.ENSP00000312652,9606.ENSP00000412237,0.806,STRING
CACNA1C,KCND3,9606.ENSP00000266376,9606.ENSP00000319591,0.806,STRING
LYN,TYK2,9606.ENSP00000428924,9606.ENSP00000431885,0.806,STRING
ATM,WWOX,9606.ENSP00000278616,9606.ENSP00000457230,0.806,STRING
CD19,IL10,9606.ENSP00000313419,9606.ENSP00000412237,0.806,STRING
CRP,MMP9,9606.ENSP00000255030,9606.ENSP00000361405,0.806,STRING
TSC1,BAG3,9606.ENSP00000298552,9606.ENSP00000358081,0.806,STRING
APOE,HMGCR,9606.ENSP00000252486,9606.ENSP00000287936,0.806,STRING
TSC2,AXIN1,9606.ENSP00000219476,9606.ENSP00000262320,0.806,STRING
IL1B,SOD2,9606.ENSP00000263341,9606.ENSP00000446252,0.806,STRING
IL13,TLR4,9606.ENSP00000304915,9606.ENSP00000363089,0.806,STRING
APOE,TNF,9606.ENSP00000252486,9606.ENSP00000398698,0.806,STRING
IL1B,JAK2,9606.ENSP00000263341,9606.ENSP00000371067,0.806,STRING
RBX1,NFE2L2,9606.ENSP00000216225,9606.ENSP00000380252,0.806,STRING
STAT3,CD86,9606.ENSP00000264657,9606.ENSP00000332049,0.806,STRING
STAT3,IL18,9606.ENSP00000264657,9606.ENSP00000280357,0.806,STRING
KL,FGFR2,9606.ENSP00000369442,9606.ENSP00000410294,0.806,STRING
SCN10A,TRPV1,9606.ENSP00000390600,9606.ENSP00000459962,0.806,STRING
CD3D,CD274,9606.ENSP00000300692,9606.ENSP00000370989,0.806,STRING
RBX1,PSMA2,9606.ENSP00000216225,9606.ENSP00000223321,0.806,STRING
RUNX1,CSF3R,9606.ENSP00000300305,9606.ENSP00000362195,0.806,STRING
BRCA2,CDKN2A,9606.ENSP00000369497,9606.ENSP00000418915,0.806,STRING
ABCC9,RBM20,9606.ENSP00000261200,9606.ENSP00000358532,0.806,STRING
FLT3,FGF10,9606.ENSP00000241453,9606.ENSP00000264664,0.806,STRING
KIT,ANGPT2,9606.ENSP00000288135,9606.ENSP00000314897,0.806,STRING
CSNK1E,RPS24,9606.ENSP00000380044,9606.ENSP00000414321,0.806,STRING
MSH6,BRAF,9606.ENSP00000234420,9606.ENSP00000419060,0.806,STRING
CXCL8,IL6R,9606.ENSP00000306512,9606.ENSP00000357470,0.806,STRING
NLRP3,IL1R1,9606.ENSP00000337383,9606.ENSP00000386380,0.806,STRING
GRIA2,HTR3A,9606.ENSP00000296526,9606.ENSP00000347754,0.806,STRING
NDUFB4,SDHD,9606.ENSP00000184266,9606.ENSP00000364699,0.806,STRING
CACNA1D,KCNJ5,9606.ENSP00000288139,9606.ENSP00000433295,0.806,STRING
SMAD3,CDKN2A,9606.ENSP00000332973,9606.ENSP00000418915,0.806,STRING
CSF1R,ANGPT2,9606.ENSP00000286301,9606.ENSP00000314897,0.806,STRING
IL5,FOXP3,9606.ENSP00000231454,9606.ENSP00000365380,0.806,STRING
SORT1,PSAP,9606.ENSP00000256637,9606.ENSP00000378394,0.806,STRING
PIK3R1,TGFBR1,9606.ENSP00000428056,9606.ENSP00000447297,0.806,STRING
HMGCR,ACE,9606.ENSP00000287936,9606.ENSP00000290866,0.806,STRING
PSMA4,SORT1,9606.ENSP00000044462,9606.ENSP00000256637,0.805,STRING
KDR,EGFR,9606.ENSP00000263923,9606.ENSP00000275493,0.805,STRING
STAT3,AGT,9606.ENSP00000264657,9606.ENSP00000355627,0.805,STRING
VWF,MMP9,9606.ENSP00000261405,9606.ENSP00000361405,0.805,STRING
CTSL,ACE2,9606.ENSP00000345344,9606.ENSP00000389326,0.805,STRING
KDR,CBL,9606.ENSP00000263923,9606.ENSP00000264033,0.805,STRING
VHL,PSMC3,9606.ENSP00000256474,9606.ENSP00000481029,0.805,STRING
CREBBP,SETD2,9606.ENSP00000262367,9606.ENSP00000386759,0.805,STRING
SRC,MYC,9606.ENSP00000362680,9606.ENSP00000478887,0.805,STRING
SPTBN4,SCN2A,9606.ENSP00000469242,9606.ENSP00000490107,0.805,STRING
PALB2,POLD1,9606.ENSP00000261584,9606.ENSP00000472445,0.805,STRING
PDE9A,GUCY1A1,9606.ENSP00000291539,9606.ENSP00000296518,0.805,STRING
GUCY1A2,PDE2A,9606.ENSP00000282249,9606.ENSP00000334910,0.805,STRING
SMAD3,FOXP3,9606.ENSP00000332973,9606.ENSP00000365380,0.805,STRING
NOD2,IL6,9606.ENSP00000300589,9606.ENSP00000385675,0.805,STRING
FXYD2,ATP4B,9606.ENSP00000292079,9606.ENSP00000334216,0.805,STRING
NDUFB5,NDUFA4L2,9606.ENSP00000259037,9606.ENSP00000377411,0.805,STRING
UMOD,HNF1B,9606.ENSP00000379438,9606.ENSP00000480291,0.805,STRING
RRM2B,TYMS,9606.ENSP00000251810,9606.ENSP00000315644,0.805,STRING
FGF23,EGFR,9606.ENSP00000237837,9606.ENSP00000275493,0.805,STRING
TLR2,CD86,9606.ENSP00000260010,9606.ENSP00000332049,0.805,STRING
NFKB1,KRAS,9606.ENSP00000226574,9606.ENSP00000256078,0.805,STRING
ALB,LEP,9606.ENSP00000295897,9606.ENSP00000312652,0.805,STRING
CDK4,GSK3B,9606.ENSP00000257904,9606.ENSP00000324806,0.805,STRING
MSH2,BARD1,9606.ENSP00000233146,9606.ENSP00000260947,0.805,STRING
BCL6,FBXO11,9606.ENSP00000384371,9606.ENSP00000384823,0.805,STRING
IL6R,PTPN11,9606.ENSP00000357470,9606.ENSP00000489597,0.805,STRING
IL2RA,IL17A,9606.ENSP00000369293,9606.ENSP00000497968,0.805,STRING
SIGMAR1,OPRM1,9606.ENSP00000277010,9606.ENSP00000394624,0.805,STRING
FBN1,COL4A1,9606.ENSP00000325527,9606.ENSP00000364979,0.805,STRING
ALB,SPP1,9606.ENSP00000295897,9606.ENSP00000378517,0.805,STRING
TTR,INS,9606.ENSP00000237014,9606.ENSP00000380432,0.805,STRING
PIK3CA,SMAD4,9606.ENSP00000263967,9606.ENSP00000341551,0.805,STRING
KCNH2,KCNA3,9606.ENSP00000262186,9606.ENSP00000358784,0.805,STRING
EP300,MED12,9606.ENSP00000263253,9606.ENSP00000363193,0.805,STRING
ALB,LPA,9606.ENSP00000295897,9606.ENSP00000321334,0.805,STRING
PSEN1,BCL2,9606.ENSP00000326366,9606.ENSP00000381185,0.804,STRING
FOXA1,CEBPA,9606.ENSP00000250448,9606.ENSP00000427514,0.804,STRING
IDO1,IL17A,9606.ENSP00000430950,9606.ENSP00000497968,0.804,STRING
MMP9,BCL2,9606.ENSP00000361405,9606.ENSP00000381185,0.804,STRING
CSF3R,ELANE,9606.ENSP00000362195,9606.ENSP00000466090,0.804,STRING
IL4,IL1R1,9606.ENSP00000231449,9606.ENSP00000386380,0.804,STRING
LPA,SERPINC1,9606.ENSP00000321334,9606.ENSP00000356671,0.804,STRING
SCNN1G,SLC12A3,9606.ENSP00000300061,9606.ENSP00000402152,0.804,STRING
HTR2C,HTR3A,9606.ENSP00000276198,9606.ENSP00000347754,0.804,STRING
CD4,IL23R,9606.ENSP00000011653,9606.ENSP00000321345,0.804,STRING
GABBR2,GABRA3,9606.ENSP00000259455,9606.ENSP00000359337,0.804,STRING
GUCY1A2,PDE5A,9606.ENSP00000282249,9606.ENSP00000347046,0.804,STRING
BMP4,SMAD2,9606.ENSP00000245451,9606.ENSP00000262160,0.804,STRING
SOX2,CUX1,9606.ENSP00000323588,9606.ENSP00000353401,0.804,STRING
TGFB1,COL1A2,9606.ENSP00000221930,9606.ENSP00000297268,0.804,STRING
TNFRSF1A,IFNGR1,9606.ENSP00000162749,9606.ENSP00000356713,0.804,STRING
NFKB1,IL2,9606.ENSP00000226574,9606.ENSP00000226730,0.804,STRING
FLT1,INS,9606.ENSP00000282397,9606.ENSP00000380432,0.804,STRING
SDHD,NDUFB6,9606.ENSP00000364699,9606.ENSP00000369176,0.804,STRING
TP53,CXCL8,9606.ENSP00000269305,9606.ENSP00000306512,0.804,STRING
STAT3,GSK3B,9606.ENSP00000264657,9606.ENSP00000324806,0.804,STRING
CDH1,MYC,9606.ENSP00000261769,9606.ENSP00000478887,0.804,STRING
HDAC3,HIF1A,9606.ENSP00000302967,9606.ENSP00000437955,0.804,STRING
CDH1,SMAD4,9606.ENSP00000261769,9606.ENSP00000341551,0.804,STRING
ERBB2,SOS1,9606.ENSP00000269571,9606.ENSP00000384675,0.804,STRING
CDH1,RPS24,9606.ENSP00000261769,9606.ENSP00000414321,0.804,STRING
HDAC7,HDAC3,9606.ENSP00000080059,9606.ENSP00000302967,0.804,STRING
PDGFRA,NF1,9606.ENSP00000257290,9606.ENSP00000351015,0.804,STRING
CDKN1B,MEN1,9606.ENSP00000228872,9606.ENSP00000337088,0.804,STRING
TP53,ERCC2,9606.ENSP00000269305,9606.ENSP00000375809,0.804,STRING
NDUFA7,NDUFA4L2,9606.ENSP00000301457,9606.ENSP00000377411,0.804,STRING
GRIN3A,CACNG7,9606.ENSP00000355155,9606.ENSP00000375647,0.804,STRING
TP53,MET,9606.ENSP00000269305,9606.ENSP00000317272,0.804,STRING
TP53,RRM2,9606.ENSP00000269305,9606.ENSP00000353770,0.803,STRING
MMP2,CTNNB1,9606.ENSP00000219070,9606.ENSP00000495360,0.803,STRING
BACH2,PAX5,9606.ENSP00000257749,9606.ENSP00000350844,0.803,STRING
IL5,IL1R1,9606.ENSP00000231454,9606.ENSP00000386380,0.803,STRING
SYK,SOCS1,9606.ENSP00000364898,9606.ENSP00000496577,0.803,STRING
MAPK3,CAV1,9606.ENSP00000263025,9606.ENSP00000339191,0.803,STRING
NOTCH2,HEY2,9606.ENSP00000256646,9606.ENSP00000357348,0.803,STRING
UMOD,SLC12A1,9606.ENSP00000379438,9606.ENSP00000495332,0.803,STRING
IL17F,FOXP3,9606.ENSP00000337432,9606.ENSP00000365380,0.803,STRING
PTPN22,IRF5,9606.ENSP00000352833,9606.ENSP00000418037,0.803,STRING
SMAD3,MAP3K7,9606.ENSP00000332973,9606.ENSP00000358335,0.803,STRING
KRAS,ETV6,9606.ENSP00000256078,9606.ENSP00000379658,0.803,STRING
IFNGR2,TYK2,9606.ENSP00000371425,9606.ENSP00000431885,0.803,STRING
IL23A,STAT4,9606.ENSP00000228534,9606.ENSP00000351255,0.803,STRING
APOE,B2M,9606.ENSP00000252486,9606.ENSP00000497910,0.803,STRING
JAK2,RAF1,9606.ENSP00000371067,9606.ENSP00000401888,0.803,STRING
MAPK1,CREBBP,9606.ENSP00000215832,9606.ENSP00000262367,0.803,STRING
FLT1,TGFA,9606.ENSP00000282397,9606.ENSP00000404131,0.803,STRING
KRAS,NPM1,9606.ENSP00000256078,9606.ENSP00000296930,0.803,STRING
IL4,MAOA,9606.ENSP00000231449,9606.ENSP00000340684,0.803,STRING
NFKB1,IFIH1,9606.ENSP00000226574,9606.ENSP00000497271,0.803,STRING
NF1,AKT1,9606.ENSP00000351015,9606.ENSP00000451828,0.803,STRING
NFKB1,MEN1,9606.ENSP00000226574,9606.ENSP00000337088,0.803,STRING
GRIN2C,HTR3A,9606.ENSP00000293190,9606.ENSP00000347754,0.803,STRING
NFKB1,HDAC2,9606.ENSP00000226574,9606.ENSP00000430432,0.803,STRING
APOE,CRP,9606.ENSP00000252486,9606.ENSP00000255030,0.803,STRING
CDH1,ESR1,9606.ENSP00000261769,9606.ENSP00000405330,0.803,STRING
ACE,FURIN,9606.ENSP00000290866,9606.ENSP00000483552,0.803,STRING
PAX8,NRAS,9606.ENSP00000263334,9606.ENSP00000358548,0.803,STRING
GH1,FCGRT,9606.ENSP00000312673,9606.ENSP00000410798,0.803,STRING
SLC6A2,ADRA2A,9606.ENSP00000219833,9606.ENSP00000280155,0.802,STRING
SCN8A,SCN2A,9606.ENSP00000346534,9606.ENSP00000490107,0.802,STRING
TGFB1,COL1A1,9606.ENSP00000221930,9606.ENSP00000225964,0.802,STRING
TGFBR2,CTNNB1,9606.ENSP00000351905,9606.ENSP00000495360,0.802,STRING
NDUFC2,NDUFAF3,9606.ENSP00000281031,9606.ENSP00000323076,0.802,STRING
APP,APOC1,9606.ENSP00000284981,9606.ENSP00000465356,0.802,STRING
KIT,SRC,9606.ENSP00000288135,9606.ENSP00000362680,0.802,STRING
LRP5,HNF4A,9606.ENSP00000294304,9606.ENSP00000312987,0.802,STRING
HCN4,CACNB2,9606.ENSP00000261917,9606.ENSP00000320025,0.802,STRING
CALM3,AKT1,9606.ENSP00000291295,9606.ENSP00000451828,0.802,STRING
RIPK2,MAPK14,9606.ENSP00000220751,9606.ENSP00000229795,0.802,STRING
RB1,SMARCB1,9606.ENSP00000267163,9606.ENSP00000340883,0.802,STRING
EGFR,ANXA1,9606.ENSP00000275493,9606.ENSP00000366109,0.802,STRING
TLR2,MMP9,9606.ENSP00000260010,9606.ENSP00000361405,0.802,STRING
PTK2,CTNNB1,9606.ENSP00000341189,9606.ENSP00000495360,0.802,STRING
REN,SLC5A2,9606.ENSP00000272190,9606.ENSP00000327943,0.802,STRING
RUNX2,CTNNB1,9606.ENSP00000360493,9606.ENSP00000495360,0.802,STRING
MSH6,RAD51C,9606.ENSP00000234420,9606.ENSP00000336701,0.802,STRING
HTR1B,MAOB,9606.ENSP00000358963,9606.ENSP00000367309,0.802,STRING
PTGER3,PTGS2,9606.ENSP00000349003,9606.ENSP00000356438,0.802,STRING
LTBP4,TGFB2,9606.ENSP00000311905,9606.ENSP00000355896,0.802,STRING
RBM20,TNNT2,9606.ENSP00000358532,9606.ENSP00000499593,0.802,STRING
CYP27B1,PHEX,9606.ENSP00000228606,9606.ENSP00000368682,0.802,STRING
NFKB1,MMP9,9606.ENSP00000226574,9606.ENSP00000361405,0.802,STRING
OXTR,DRD2,9606.ENSP00000324270,9606.ENSP00000354859,0.802,STRING
EP300,EWSR1,9606.ENSP00000263253,9606.ENSP00000400142,0.802,STRING
NDUFA9,NDUFAF3,9606.ENSP00000266544,9606.ENSP00000323076,0.802,STRING
CCND1,MTOR,9606.ENSP00000227507,9606.ENSP00000354558,0.802,STRING
SLC47A2,SLC22A1,9606.ENSP00000326671,9606.ENSP00000355930,0.802,STRING
GRIN3A,GRIA3,9606.ENSP00000355155,9606.ENSP00000481554,0.802,STRING
EGFR,MTOR,9606.ENSP00000275493,9606.ENSP00000354558,0.802,STRING
FGFR2,PTPN11,9606.ENSP00000410294,9606.ENSP00000489597,0.802,STRING
NCOR1,RXRG,9606.ENSP00000268712,9606.ENSP00000352900,0.802,STRING
PRKAG2,TNNI3,9606.ENSP00000287878,9606.ENSP00000341838,0.801,STRING
HCK,PLCG2,9606.ENSP00000365012,9606.ENSP00000482457,0.801,STRING
CD86,CXCR4,9606.ENSP00000332049,9606.ENSP00000386884,0.801,STRING
CACNG2,CACNA1H,9606.ENSP00000300105,9606.ENSP00000334198,0.801,STRING
CACNA1S,RYR2,9606.ENSP00000355192,9606.ENSP00000355533,0.801,STRING
ARID1A,BRCA1,9606.ENSP00000320485,9606.ENSP00000418960,0.801,STRING
CACNG2,CACNG7,9606.ENSP00000300105,9606.ENSP00000375647,0.801,STRING
CREBBP,GATA3,9606.ENSP00000262367,9606.ENSP00000368632,0.801,STRING
IL2RB,ITK,9606.ENSP00000216223,9606.ENSP00000398655,0.801,STRING
TGFB1,IL17F,9606.ENSP00000221930,9606.ENSP00000337432,0.801,STRING
APOE,CAV1,9606.ENSP00000252486,9606.ENSP00000339191,0.801,STRING
FGFR2,PGF,9606.ENSP00000410294,9606.ENSP00000451040,0.801,STRING
RELB,EZH2,9606.ENSP00000221452,9606.ENSP00000320147,0.801,STRING
DDX3X,IFIH1,9606.ENSP00000494040,9606.ENSP00000497271,0.801,STRING
CSF1R,FGF9,9606.ENSP00000286301,9606.ENSP00000371790,0.801,STRING
EPAS1,SMAD3,9606.ENSP00000263734,9606.ENSP00000332973,0.801,STRING
TLR9,IL1R1,9606.ENSP00000353874,9606.ENSP00000386380,0.801,STRING
CACNB2,CACNG7,9606.ENSP00000320025,9606.ENSP00000375647,0.801,STRING
TP53,RET,9606.ENSP00000269305,9606.ENSP00000347942,0.801,STRING
RPS27A,CSNK1E,9606.ENSP00000272317,9606.ENSP00000380044,0.801,STRING
PALB2,NBN,9606.ENSP00000261584,9606.ENSP00000265433,0.801,STRING
CD80,TLR4,9606.ENSP00000264246,9606.ENSP00000363089,0.801,STRING
CDK6,PTEN,9606.ENSP00000265734,9606.ENSP00000361021,0.801,STRING
JAK2,TNF,9606.ENSP00000371067,9606.ENSP00000398698,0.801,STRING
TSC1,PTEN,9606.ENSP00000298552,9606.ENSP00000361021,0.801,STRING
GABRA6,GABRD,9606.ENSP00000274545,9606.ENSP00000367848,0.801,STRING
CLCN2,CACNB4,9606.ENSP00000265593,9606.ENSP00000438949,0.801,STRING
CCDC6,PTCH1,9606.ENSP00000263102,9606.ENSP00000332353,0.801,STRING
KMT2C,PRKAA1,9606.ENSP00000262189,9606.ENSP00000346148,0.801,STRING
CD40,NOTCH1,9606.ENSP00000361359,9606.ENSP00000498587,0.801,STRING
NTRK2,INS,9606.ENSP00000277120,9606.ENSP00000380432,0.801,STRING
MSH6,KRAS,9606.ENSP00000234420,9606.ENSP00000256078,0.801,STRING
KCNJ5,ATP1A1,9606.ENSP00000433295,9606.ENSP00000445306,0.801,STRING
CD19,CD40LG,9606.ENSP00000313419,9606.ENSP00000359663,0.801,STRING
DRD3,DRD1,9606.ENSP00000373169,9606.ENSP00000377353,0.801,STRING
IL5,IL23R,9606.ENSP00000231454,9606.ENSP00000321345,0.801,STRING
ALB,IL17A,9606.ENSP00000295897,9606.ENSP00000497968,0.8,STRING
LRP5,TNFSF11,9606.ENSP00000294304,9606.ENSP00000381775,0.8,STRING
NFKB1,IL4,9606.ENSP00000226574,9606.ENSP00000231449,0.8,STRING
IL2RA,LCK,9606.ENSP00000369293,9606.ENSP00000477713,0.8,STRING
OXTR,ESR2,9606.ENSP00000324270,9606.ENSP00000343925,0.8,STRING
TUBB,TUBB2A,9606.ENSP00000339001,9606.ENSP00000369703,0.8,STRING
CSF2RB,IL10,9606.ENSP00000384053,9606.ENSP00000412237,0.8,STRING
CSF1R,TLR4,9606.ENSP00000286301,9606.ENSP00000363089,0.8,STRING
SORT1,PSMB5,9606.ENSP00000256637,9606.ENSP00000355325,0.8,STRING
STAT3,ABCB1,9606.ENSP00000264657,9606.ENSP00000478255,0.8,STRING
BCL2,BRCA1,9606.ENSP00000381185,9606.ENSP00000418960,0.8,STRING
NPM1,IDH1,9606.ENSP00000296930,9606.ENSP00000390265,0.8,STRING
SORT1,PSMA7,9606.ENSP00000256637,9606.ENSP00000359910,0.8,STRING
CACNG3,GRIN2B,9606.ENSP00000005284,9606.ENSP00000477455,0.8,STRING
IL7R,IKZF1,9606.ENSP00000306157,9606.ENSP00000331614,0.8,STRING
SORT1,PSMB1,9606.ENSP00000256637,9606.ENSP00000262193,0.8,STRING
SORT1,PSMA1,9606.ENSP00000256637,9606.ENSP00000414359,0.8,STRING
MAPK3,STAT5B,9606.ENSP00000263025,9606.ENSP00000293328,0.8,STRING
BRIP1,POLD1,9606.ENSP00000259008,9606.ENSP00000472445,0.8,STRING
FLT3,FGF9,9606.ENSP00000241453,9606.ENSP00000371790,0.8,STRING
IL6,HIF1A,9606.ENSP00000385675,9606.ENSP00000437955,0.8,STRING
HDAC8,SETD2,9606.ENSP00000362674,9606.ENSP00000386759,0.8,STRING
HGF,PGF,9606.ENSP00000222390,9606.ENSP00000451040,0.8,STRING
FGF10,CSF1R,9606.ENSP00000264664,9606.ENSP00000286301,0.8,STRING
REN,CYP11B1,9606.ENSP00000272190,9606.ENSP00000292427,0.8,STRING
CTSL,FURIN,9606.ENSP00000345344,9606.ENSP00000483552,0.8,STRING
HDAC4,PPARG,9606.ENSP00000264606,9606.ENSP00000287820,0.8,STRING
NLRP3,DDX3X,9606.ENSP00000337383,9606.ENSP00000494040,0.8,STRING
ZEB1,MYC,9606.ENSP00000354487,9606.ENSP00000478887,0.8,STRING
HTR2C,MAOB,9606.ENSP00000276198,9606.ENSP00000367309,0.8,STRING
FOXP3,BCL6,9606.ENSP00000365380,9606.ENSP00000384371,0.8,STRING
U2AF1,TET2,9606.ENSP00000291552,9606.ENSP00000442788,0.8,STRING
NTRK3,NTRK1,9606.ENSP00000354207,9606.ENSP00000431418,0.8,STRING
GRIN2D,GRIA2,9606.ENSP00000263269,9606.ENSP00000296526,0.8,STRING
CACNG8,CACNG5,9606.ENSP00000270458,9606.ENSP00000436836,0.8,STRING
AGT,AVPR2,9606.ENSP00000355627,9606.ENSP00000496396,0.8,STRING
MTNR1B,CDKAL1,9606.ENSP00000257068,9606.ENSP00000274695,0.8,STRING
EGFR,BRCA1,9606.ENSP00000275493,9606.ENSP00000418960,0.8,STRING
APP,INS,9606.ENSP00000284981,9606.ENSP00000380432,0.799,STRING
CD4,BCL6,9606.ENSP00000011653,9606.ENSP00000384371,0.799,STRING
BRAF,FBXW7,9606.ENSP00000419060,9606.ENSP00000474725,0.799,STRING
SMAD3,PAX6,9606.ENSP00000332973,9606.ENSP00000492024,0.799,STRING
SCNN1B,NR3C2,9606.ENSP00000345751,9606.ENSP00000350815,0.799,STRING
CD274,IL6,9606.ENSP00000370989,9606.ENSP00000385675,0.799,STRING
APP,TNF,9606.ENSP00000284981,9606.ENSP00000398698,0.799,STRING
FLT1,CTNNB1,9606.ENSP00000282397,9606.ENSP00000495360,0.799,STRING
TSC2,FLCN,9606.ENSP00000219476,9606.ENSP00000285071,0.799,STRING
PDE2A,NPR1,9606.ENSP00000334910,9606.ENSP00000357669,0.799,STRING
AKT1,LCK,9606.ENSP00000451828,9606.ENSP00000477713,0.799,STRING
CELSR2,PCSK9,9606.ENSP00000271332,9606.ENSP00000303208,0.799,STRING
IDH1,BRAF,9606.ENSP00000390265,9606.ENSP00000419060,0.799,STRING
PDCD1,FOXP3,9606.ENSP00000335062,9606.ENSP00000365380,0.799,STRING
CACNG8,GRIN1,9606.ENSP00000270458,9606.ENSP00000360608,0.799,STRING
GABRD,CACNB4,9606.ENSP00000367848,9606.ENSP00000438949,0.799,STRING
PKD1,CTNNB1,9606.ENSP00000262304,9606.ENSP00000495360,0.799,STRING
APOB,FGG,9606.ENSP00000233242,9606.ENSP00000336829,0.799,STRING
CD274,BRAF,9606.ENSP00000370989,9606.ENSP00000419060,0.799,STRING
ATR,RAD51B,9606.ENSP00000343741,9606.ENSP00000419881,0.799,STRING
RIPK2,TLR2,9606.ENSP00000220751,9606.ENSP00000260010,0.799,STRING
PMS2,ERCC4,9606.ENSP00000265849,9606.ENSP00000310520,0.799,STRING
GRIN2D,GRIA3,9606.ENSP00000263269,9606.ENSP00000481554,0.799,STRING
DNMT1,BRCA1,9606.ENSP00000352516,9606.ENSP00000418960,0.799,STRING
POLD4,POLE,9606.ENSP00000311368,9606.ENSP00000322570,0.799,STRING
IL23R,IL6R,9606.ENSP00000321345,9606.ENSP00000357470,0.799,STRING
EPOR,KIT,9606.ENSP00000222139,9606.ENSP00000288135,0.799,STRING
MMP9,CTNNB1,9606.ENSP00000361405,9606.ENSP00000495360,0.799,STRING
FSTL1,TLR1,9606.ENSP00000295633,9606.ENSP00000354932,0.799,STRING
COL1A2,SMAD3,9606.ENSP00000297268,9606.ENSP00000332973,0.799,STRING
CD38,CD80,9606.ENSP00000226279,9606.ENSP00000264246,0.799,STRING
FLNC,KCND2,9606.ENSP00000327145,9606.ENSP00000333496,0.799,STRING
TGFB1,REN,9606.ENSP00000221930,9606.ENSP00000272190,0.799,STRING
CCND1,MMP9,9606.ENSP00000227507,9606.ENSP00000361405,0.799,STRING
MAPK14,FGR,9606.ENSP00000229795,9606.ENSP00000363117,0.799,STRING
HGF,MMP9,9606.ENSP00000222390,9606.ENSP00000361405,0.799,STRING
CXCL8,IL33,9606.ENSP00000306512,9606.ENSP00000370842,0.799,STRING
AGT,SRC,9606.ENSP00000355627,9606.ENSP00000362680,0.799,STRING
DRD2,HTR2A,9606.ENSP00000354859,9606.ENSP00000437737,0.799,STRING
MAPK14,EGFR,9606.ENSP00000229795,9606.ENSP00000275493,0.799,STRING
GUCY1A1,PDE3A,9606.ENSP00000296518,9606.ENSP00000351957,0.799,STRING
ERBB2,CD274,9606.ENSP00000269571,9606.ENSP00000370989,0.798,STRING
NFKB1,NFATC1,9606.ENSP00000226574,9606.ENSP00000389377,0.798,STRING
NRAS,ASXL1,9606.ENSP00000358548,9606.ENSP00000364839,0.798,STRING
CAV1,EPHA2,9606.ENSP00000339191,9606.ENSP00000351209,0.798,STRING
MSH6,PARP1,9606.ENSP00000234420,9606.ENSP00000355759,0.798,STRING
KRAS,PRKCQ,9606.ENSP00000256078,9606.ENSP00000263125,0.798,STRING
IL33,IL6,9606.ENSP00000370842,9606.ENSP00000385675,0.798,STRING
KCNH2,KCND2,9606.ENSP00000262186,9606.ENSP00000333496,0.798,STRING
HGF,EPHA2,9606.ENSP00000222390,9606.ENSP00000351209,0.798,STRING
MAP4K2,MAP3K1,9606.ENSP00000294066,9606.ENSP00000382423,0.798,STRING
AXIN1,MYC,9606.ENSP00000262320,9606.ENSP00000478887,0.798,STRING
IFNG,CRP,9606.ENSP00000229135,9606.ENSP00000255030,0.798,STRING
FGFR4,PIK3R1,9606.ENSP00000292408,9606.ENSP00000428056,0.798,STRING
VWF,PLG,9606.ENSP00000261405,9606.ENSP00000308938,0.798,STRING
SORT1,PSMA5,9606.ENSP00000256637,9606.ENSP00000271308,0.798,STRING
CACNA1H,CACNG7,9606.ENSP00000334198,9606.ENSP00000375647,0.798,STRING
COL1A1,COL4A5,9606.ENSP00000225964,9606.ENSP00000331902,0.798,STRING
CARD11,BTK,9606.ENSP00000380150,9606.ENSP00000483570,0.798,STRING
IL2,GHR,9606.ENSP00000226730,9606.ENSP00000483403,0.798,STRING
IL7R,ITK,9606.ENSP00000306157,9606.ENSP00000398655,0.798,STRING
KIT,PGF,9606.ENSP00000288135,9606.ENSP00000451040,0.798,STRING
RUNX2,FGFR2,9606.ENSP00000360493,9606.ENSP00000410294,0.798,STRING
ERBB3,HRAS,9606.ENSP00000267101,9606.ENSP00000407586,0.798,STRING
FLT3,ETV6,9606.ENSP00000241453,9606.ENSP00000379658,0.798,STRING
EGFR,PGF,9606.ENSP00000275493,9606.ENSP00000451040,0.797,STRING
CD80,LCK,9606.ENSP00000264246,9606.ENSP00000477713,0.797,STRING
CD38,IRF4,9606.ENSP00000226279,9606.ENSP00000370343,0.797,STRING
INSR,JAK2,9606.ENSP00000303830,9606.ENSP00000371067,0.797,STRING
CACNA1C,CACNG2,9606.ENSP00000266376,9606.ENSP00000300105,0.797,STRING
ATM,MAP3K7,9606.ENSP00000278616,9606.ENSP00000358335,0.797,STRING
DNMT3A,IDH1,9606.ENSP00000264709,9606.ENSP00000390265,0.797,STRING
CYP17A1,AR,9606.ENSP00000358903,9606.ENSP00000363822,0.797,STRING
IFNG,PDGFRB,9606.ENSP00000229135,9606.ENSP00000261799,0.797,STRING
IL4,MYD88,9606.ENSP00000231449,9606.ENSP00000498321,0.797,STRING
CD4,TNFRSF1A,9606.ENSP00000011653,9606.ENSP00000162749,0.797,STRING
SLC6A3,ADRA2C,9606.ENSP00000270349,9606.ENSP00000386069,0.797,STRING
ATP4A,CA2,9606.ENSP00000262623,9606.ENSP00000285379,0.797,STRING
MAPT,NEFL,9606.ENSP00000340820,9606.ENSP00000482169,0.797,STRING
SMAD3,HDAC8,9606.ENSP00000332973,9606.ENSP00000362674,0.797,STRING
FLT3,IDH2,9606.ENSP00000241453,9606.ENSP00000331897,0.797,STRING
MET,CXCR4,9606.ENSP00000317272,9606.ENSP00000386884,0.797,STRING
LAMA5,ITGB3,9606.ENSP00000252999,9606.ENSP00000452786,0.797,STRING
CD79A,CARD11,9606.ENSP00000221972,9606.ENSP00000380150,0.797,STRING
LEPR,JAK3,9606.ENSP00000330393,9606.ENSP00000432511,0.797,STRING
ETV6,PBX1,9606.ENSP00000379658,9606.ENSP00000405890,0.796,STRING
LRP6,RNF43,9606.ENSP00000261349,9606.ENSP00000463069,0.796,STRING
NBN,ATRX,9606.ENSP00000265433,9606.ENSP00000362441,0.796,STRING
SCN1A,CACNA1I,9606.ENSP00000303540,9606.ENSP00000385019,0.796,STRING
SOX3,OTX2,9606.ENSP00000359567,9606.ENSP00000500595,0.796,STRING
NPM1,AKT1,9606.ENSP00000296930,9606.ENSP00000451828,0.796,STRING
HTR3A,GRIA3,9606.ENSP00000347754,9606.ENSP00000481554,0.796,STRING
RUNX1,PRKCB,9606.ENSP00000300305,9606.ENSP00000496129,0.796,STRING
CACNA1E,CACNG7,9606.ENSP00000356545,9606.ENSP00000375647,0.796,STRING
KRAS,JAK1,9606.ENSP00000256078,9606.ENSP00000499900,0.796,STRING
PMS2,RAD51D,9606.ENSP00000265849,9606.ENSP00000466399,0.796,STRING
ALB,ESR1,9606.ENSP00000295897,9606.ENSP00000405330,0.796,STRING
SPP1,UMOD,9606.ENSP00000378517,9606.ENSP00000379438,0.796,STRING
TGFB1,MYC,9606.ENSP00000221930,9606.ENSP00000478887,0.796,STRING
AGTR1,AVPR2,9606.ENSP00000398832,9606.ENSP00000496396,0.796,STRING
ERBB2,NOTCH1,9606.ENSP00000269571,9606.ENSP00000498587,0.796,STRING
PIM1,MYC,9606.ENSP00000362608,9606.ENSP00000478887,0.796,STRING
NFKB1,MAP3K1,9606.ENSP00000226574,9606.ENSP00000382423,0.796,STRING
PRPH2,RPE65,9606.ENSP00000230381,9606.ENSP00000262340,0.796,STRING
JAG1,CTNNB1,9606.ENSP00000254958,9606.ENSP00000495360,0.796,STRING
HGF,FGFR4,9606.ENSP00000222390,9606.ENSP00000292408,0.796,STRING
TGFB1,CD8A,9606.ENSP00000221930,9606.ENSP00000386559,0.796,STRING
CDK4,CTNNB1,9606.ENSP00000257904,9606.ENSP00000495360,0.795,STRING
EGR2,HMGCR,9606.ENSP00000242480,9606.ENSP00000287936,0.795,STRING
EZH2,BCL6,9606.ENSP00000320147,9606.ENSP00000384371,0.795,STRING
EGFR,HCK,9606.ENSP00000275493,9606.ENSP00000365012,0.795,STRING
EGFR,IDH1,9606.ENSP00000275493,9606.ENSP00000390265,0.795,STRING
TNFRSF8,PAX5,9606.ENSP00000263932,9606.ENSP00000350844,0.795,STRING
BRAF,CTNNB1,9606.ENSP00000419060,9606.ENSP00000495360,0.795,STRING
CD3D,HMBS,9606.ENSP00000300692,9606.ENSP00000498786,0.795,STRING
CYP11B2,NR3C2,9606.ENSP00000325822,9606.ENSP00000350815,0.795,STRING
STAT3,CSF1R,9606.ENSP00000264657,9606.ENSP00000286301,0.795,STRING
TTN,CALM1,9606.ENSP00000467141,9606.ENSP00000499717,0.795,STRING
GATA1,GATA3,9606.ENSP00000365858,9606.ENSP00000368632,0.795,STRING
CD40LG,IL6,9606.ENSP00000359663,9606.ENSP00000385675,0.795,STRING
GRIN2D,CACNG7,9606.ENSP00000263269,9606.ENSP00000375647,0.795,STRING
GRIN3A,GRIK4,9606.ENSP00000355155,9606.ENSP00000435648,0.795,STRING
TP53,PSMD2,9606.ENSP00000269305,9606.ENSP00000310129,0.795,STRING
GRIN2D,CACNG2,9606.ENSP00000263269,9606.ENSP00000300105,0.795,STRING
NLRP3,SYK,9606.ENSP00000337383,9606.ENSP00000364898,0.795,STRING
KDR,BDNF,9606.ENSP00000263923,9606.ENSP00000414303,0.795,STRING
FANCD2,ERCC2,9606.ENSP00000287647,9606.ENSP00000375809,0.795,STRING
PGR,BRCA2,9606.ENSP00000325120,9606.ENSP00000369497,0.795,STRING
NR3C1,AR,9606.ENSP00000231509,9606.ENSP00000363822,0.795,STRING
CACNG2,CACNG5,9606.ENSP00000300105,9606.ENSP00000436836,0.795,STRING
ALB,AKT1,9606.ENSP00000295897,9606.ENSP00000451828,0.795,STRING
BLK,PAX5,9606.ENSP00000259089,9606.ENSP00000350844,0.795,STRING
TSHR,CTLA4,9606.ENSP00000441235,9606.ENSP00000497102,0.795,STRING
IL4,SOCS1,9606.ENSP00000231449,9606.ENSP00000496577,0.795,STRING
IFNG,TSLP,9606.ENSP00000229135,9606.ENSP00000339804,0.795,STRING
IFNG,BCL2,9606.ENSP00000229135,9606.ENSP00000381185,0.795,STRING
ADRA1A,CXCR4,9606.ENSP00000369960,9606.ENSP00000386884,0.795,STRING
DRD1,BDNF,9606.ENSP00000377353,9606.ENSP00000414303,0.795,STRING
SCN8A,CACNA1I,9606.ENSP00000346534,9606.ENSP00000385019,0.795,STRING
GRIA4,HTR3A,9606.ENSP00000282499,9606.ENSP00000347754,0.794,STRING
STAT3,FBXW7,9606.ENSP00000264657,9606.ENSP00000474725,0.794,STRING
PTEN,JAK2,9606.ENSP00000361021,9606.ENSP00000371067,0.794,STRING
HEY2,GATA4,9606.ENSP00000357348,9606.ENSP00000435712,0.794,STRING
NRAS,LYN,9606.ENSP00000358548,9606.ENSP00000428924,0.794,STRING
AURKA,NFKB1,9606.ENSP00000216911,9606.ENSP00000226574,0.794,STRING
RHOA,TGFBR1,9606.ENSP00000400175,9606.ENSP00000447297,0.794,STRING
ATP1A1,SLC12A1,9606.ENSP00000445306,9606.ENSP00000495332,0.794,STRING
IDH2,SOD2,9606.ENSP00000331897,9606.ENSP00000446252,0.794,STRING
STAT3,PTEN,9606.ENSP00000264657,9606.ENSP00000361021,0.794,STRING
RAC1,PIK3R1,9606.ENSP00000348461,9606.ENSP00000428056,0.794,STRING
ATM,POLE,9606.ENSP00000278616,9606.ENSP00000322570,0.794,STRING
PPAT,IMPDH1,9606.ENSP00000264220,9606.ENSP00000345096,0.794,STRING
CACNG3,GRIN2A,9606.ENSP00000005284,9606.ENSP00000332549,0.794,STRING
HDAC1,CDKN2A,9606.ENSP00000362649,9606.ENSP00000418915,0.794,STRING
CACNG3,GRIN3A,9606.ENSP00000005284,9606.ENSP00000355155,0.794,STRING
ABCG8,HMGCR,9606.ENSP00000272286,9606.ENSP00000287936,0.794,STRING
FGFR1,PTPN11,9606.ENSP00000393312,9606.ENSP00000489597,0.794,STRING
PPARG,ESR1,9606.ENSP00000287820,9606.ENSP00000405330,0.794,STRING
MAPK1,JAK2,9606.ENSP00000215832,9606.ENSP00000371067,0.794,STRING
TERT,ATRX,9606.ENSP00000309572,9606.ENSP00000362441,0.794,STRING
LPA,LPL,9606.ENSP00000321334,9606.ENSP00000497642,0.794,STRING
ETV6,TET2,9606.ENSP00000379658,9606.ENSP00000442788,0.794,STRING
NDUFA4L2,NDUFA5,9606.ENSP00000377411,9606.ENSP00000417142,0.794,STRING
STAT5B,CD8A,9606.ENSP00000293328,9606.ENSP00000386559,0.794,STRING
STAG2,EP300,9606.ENSP00000218089,9606.ENSP00000263253,0.794,STRING
ZEB1,FOXC2,9606.ENSP00000354487,9606.ENSP00000497759,0.794,STRING
MAP2K1,SRC,9606.ENSP00000302486,9606.ENSP00000362680,0.794,STRING
DNMT3A,NPM1,9606.ENSP00000264709,9606.ENSP00000296930,0.794,STRING
TGFB1,CXCR4,9606.ENSP00000221930,9606.ENSP00000386884,0.794,STRING
GABRA4,GABRG1,9606.ENSP00000264318,9606.ENSP00000295452,0.794,STRING
ERBB4,PTEN,9606.ENSP00000342235,9606.ENSP00000361021,0.793,STRING
TLR4,JAK2,9606.ENSP00000363089,9606.ENSP00000371067,0.793,STRING
MAOA,SLC18A2,9606.ENSP00000340684,9606.ENSP00000496339,0.793,STRING
GABRG2,GABRA2,9606.ENSP00000410732,9606.ENSP00000427603,0.793,STRING
IL5,IL6R,9606.ENSP00000231454,9606.ENSP00000357470,0.793,STRING
ABCG2,CYP3A4,9606.ENSP00000498246,9606.ENSP00000498939,0.793,STRING
MTOR,SRC,9606.ENSP00000354558,9606.ENSP00000362680,0.793,STRING
ARID1A,HDAC1,9606.ENSP00000320485,9606.ENSP00000362649,0.793,STRING
GATA3,IL17A,9606.ENSP00000368632,9606.ENSP00000497968,0.793,STRING
MSH2,BRIP1,9606.ENSP00000233146,9606.ENSP00000259008,0.793,STRING
BCL2,BDNF,9606.ENSP00000381185,9606.ENSP00000414303,0.793,STRING
PIK3CA,NF1,9606.ENSP00000263967,9606.ENSP00000351015,0.793,STRING
TLR1,IL10,9606.ENSP00000354932,9606.ENSP00000412237,0.793,STRING
IL33,IL10,9606.ENSP00000370842,9606.ENSP00000412237,0.793,STRING
GSR,GRIA2,9606.ENSP00000221130,9606.ENSP00000296526,0.793,STRING
GABRA6,GABRB2,9606.ENSP00000274545,9606.ENSP00000274547,0.793,STRING
IL5,IL1RL1,9606.ENSP00000231454,9606.ENSP00000233954,0.793,STRING
HTR3A,HTR1D,9606.ENSP00000347754,9606.ENSP00000363748,0.793,STRING
MET,RHOA,9606.ENSP00000317272,9606.ENSP00000400175,0.793,STRING
CACNG4,CACNB2,9606.ENSP00000262138,9606.ENSP00000320025,0.793,STRING
CDKN2A,MC1R,9606.ENSP00000418915,9606.ENSP00000451605,0.793,STRING
DNMT3A,IDH2,9606.ENSP00000264709,9606.ENSP00000331897,0.793,STRING
TGFB1,EP300,9606.ENSP00000221930,9606.ENSP00000263253,0.793,STRING
CD4,PTPN22,9606.ENSP00000011653,9606.ENSP00000352833,0.793,STRING
MAP2K1,PTEN,9606.ENSP00000302486,9606.ENSP00000361021,0.792,STRING
SLC6A3,HTR1A,9606.ENSP00000270349,9606.ENSP00000316244,0.792,STRING
LEP,MPL,9606.ENSP00000312652,9606.ENSP00000361548,0.792,STRING
MAP2K2,SOS1,9606.ENSP00000262948,9606.ENSP00000384675,0.792,STRING
EGFR,AXL,9606.ENSP00000275493,9606.ENSP00000301178,0.792,STRING
MAOB,SLC18A2,9606.ENSP00000367309,9606.ENSP00000496339,0.792,STRING
GABRD,GABRA1,9606.ENSP00000367848,9606.ENSP00000393097,0.792,STRING
IL2RA,TYK2,9606.ENSP00000369293,9606.ENSP00000431885,0.792,STRING
TTR,CRP,9606.ENSP00000237014,9606.ENSP00000255030,0.792,STRING
PDE9A,NDUFV3,9606.ENSP00000291539,9606.ENSP00000346196,0.792,STRING
KLKB1,F11,9606.ENSP00000264690,9606.ENSP00000384957,0.792,STRING
HMGB1,IL6,9606.ENSP00000345347,9606.ENSP00000385675,0.792,STRING
KRAS,GNAS,9606.ENSP00000256078,9606.ENSP00000360141,0.792,STRING
KMT2C,EZH2,9606.ENSP00000262189,9606.ENSP00000320147,0.792,STRING
KRAS,YES1,9606.ENSP00000256078,9606.ENSP00000462468,0.792,STRING
NBN,RAD51D,9606.ENSP00000265433,9606.ENSP00000466399,0.792,STRING
IFNG,HMGB1,9606.ENSP00000229135,9606.ENSP00000345347,0.792,STRING
KCNA5,CAV1,9606.ENSP00000252321,9606.ENSP00000339191,0.792,STRING
MAPK1,HMGB1,9606.ENSP00000215832,9606.ENSP00000345347,0.792,STRING
SLC10A1,ABCC2,9606.ENSP00000216540,9606.ENSP00000497274,0.792,STRING
IL6,ESR1,9606.ENSP00000385675,9606.ENSP00000405330,0.792,STRING
EGFR,CXCL8,9606.ENSP00000275493,9606.ENSP00000306512,0.792,STRING
EGFR,AKT1,9606.ENSP00000275493,9606.ENSP00000451828,0.792,STRING
PTEN,CDKN1A,9606.ENSP00000361021,9606.ENSP00000384849,0.792,STRING
APOB,HSPG2,9606.ENSP00000233242,9606.ENSP00000363827,0.792,STRING
NOS3,AGT,9606.ENSP00000297494,9606.ENSP00000355627,0.792,STRING
NCOR1,NR1I2,9606.ENSP00000268712,9606.ENSP00000336528,0.792,STRING
CCND1,SOX2,9606.ENSP00000227507,9606.ENSP00000323588,0.792,STRING
PRKCQ,RUNX1,9606.ENSP00000263125,9606.ENSP00000300305,0.792,STRING
KCNQ1,CACNA1C,9606.ENSP00000155840,9606.ENSP00000266376,0.791,STRING
STAT3,CCR2,9606.ENSP00000264657,9606.ENSP00000292301,0.791,STRING
CRP,TNNI3,9606.ENSP00000255030,9606.ENSP00000341838,0.791,STRING
GRIN3B,GRIA3,9606.ENSP00000234389,9606.ENSP00000481554,0.791,STRING
PIK3CA,CDKN2A,9606.ENSP00000263967,9606.ENSP00000418915,0.791,STRING
CCND1,NRAS,9606.ENSP00000227507,9606.ENSP00000358548,0.791,STRING
MSH6,FBXO11,9606.ENSP00000234420,9606.ENSP00000384823,0.791,STRING
BRD4,DNMT1,9606.ENSP00000263377,9606.ENSP00000352516,0.791,STRING
NFKB1,IL17A,9606.ENSP00000226574,9606.ENSP00000497968,0.791,STRING
TGFB2,TNF,9606.ENSP00000355896,9606.ENSP00000398698,0.791,STRING
IL2,IFNAR2,9606.ENSP00000226730,9606.ENSP00000343957,0.791,STRING
CD8A,ACE2,9606.ENSP00000386559,9606.ENSP00000389326,0.791,STRING
NPM1,IDH2,9606.ENSP00000296930,9606.ENSP00000331897,0.791,STRING
TEK,INS,9606.ENSP00000369375,9606.ENSP00000380432,0.791,STRING
IL18,CD8A,9606.ENSP00000280357,9606.ENSP00000386559,0.791,STRING
MMP2,CDH1,9606.ENSP00000219070,9606.ENSP00000261769,0.791,STRING
CACNG2,CACNA2D4,9606.ENSP00000300105,9606.ENSP00000372169,0.791,STRING
GRIN2D,GRIK4,9606.ENSP00000263269,9606.ENSP00000435648,0.791,STRING
EP300,EBF1,9606.ENSP00000263253,9606.ENSP00000322898,0.791,STRING
RET,NGF,9606.ENSP00000347942,9606.ENSP00000358525,0.791,STRING
KCNH2,KCNJ5,9606.ENSP00000262186,9606.ENSP00000433295,0.791,STRING
TLR2,ITGB2,9606.ENSP00000260010,9606.ENSP00000380948,0.791,STRING
SERPING1,ALB,9606.ENSP00000278407,9606.ENSP00000295897,0.791,STRING
GUCY1A2,PDE3A,9606.ENSP00000282249,9606.ENSP00000351957,0.791,STRING
IL6,IDO1,9606.ENSP00000385675,9606.ENSP00000430950,0.791,STRING
NR3C1,AKT1,9606.ENSP00000231509,9606.ENSP00000451828,0.791,STRING
STK11,MTOR,9606.ENSP00000324856,9606.ENSP00000354558,0.791,STRING
KCNMA1,CACNA1S,9606.ENSP00000286628,9606.ENSP00000355192,0.791,STRING
BMP4,TGFBR1,9606.ENSP00000245451,9606.ENSP00000447297,0.791,STRING
CACNG8,CACNA1H,9606.ENSP00000270458,9606.ENSP00000334198,0.791,STRING
NRG1,SRC,9606.ENSP00000287842,9606.ENSP00000362680,0.791,STRING
IL18,STAT4,9606.ENSP00000280357,9606.ENSP00000351255,0.791,STRING
CASP8,AKT1,9606.ENSP00000351273,9606.ENSP00000451828,0.79,STRING
DRD2,BDNF,9606.ENSP00000354859,9606.ENSP00000414303,0.79,STRING
CD40,IL4R,9606.ENSP00000361359,9606.ENSP00000379111,0.79,STRING
CBL,JAK2,9606.ENSP00000264033,9606.ENSP00000371067,0.79,STRING
ALK,PTPN11,9606.ENSP00000373700,9606.ENSP00000489597,0.79,STRING
CASP8,MYC,9606.ENSP00000351273,9606.ENSP00000478887,0.79,STRING
NPM1,ROCK2,9606.ENSP00000296930,9606.ENSP00000317985,0.79,STRING
MAPK1,NFKB1,9606.ENSP00000215832,9606.ENSP00000226574,0.79,STRING
FGFR3,PTPN11,9606.ENSP00000339824,9606.ENSP00000489597,0.79,STRING
STAT5B,LCK,9606.ENSP00000293328,9606.ENSP00000477713,0.79,STRING
CD4,CRP,9606.ENSP00000011653,9606.ENSP00000255030,0.79,STRING
BARD1,SEM1,9606.ENSP00000260947,9606.ENSP00000481021,0.79,STRING
HDAC1,NOTCH1,9606.ENSP00000362649,9606.ENSP00000498587,0.79,STRING
FGFR4,FGFR3,9606.ENSP00000292408,9606.ENSP00000339824,0.79,STRING
TNFSF4,CD274,9606.ENSP00000281834,9606.ENSP00000370989,0.79,STRING
AURKB,BRCA2,9606.ENSP00000313950,9606.ENSP00000369497,0.79,STRING
NDUFS8,IDH2,9606.ENSP00000315774,9606.ENSP00000331897,0.79,STRING
PDGFB,FGFR1,9606.ENSP00000330382,9606.ENSP00000393312,0.79,STRING
SPEN,NOTCH1,9606.ENSP00000364912,9606.ENSP00000498587,0.79,STRING
FANCD2,POLD1,9606.ENSP00000287647,9606.ENSP00000472445,0.79,STRING
NBN,PARP1,9606.ENSP00000265433,9606.ENSP00000355759,0.79,STRING
PPARG,AKT1,9606.ENSP00000287820,9606.ENSP00000451828,0.79,STRING
COL1A1,COL7A1,9606.ENSP00000225964,9606.ENSP00000332371,0.79,STRING
ERBB2,RHOA,9606.ENSP00000269571,9606.ENSP00000400175,0.79,STRING
F2,SERPINA1,9606.ENSP00000308541,9606.ENSP00000416066,0.79,STRING
IL6,PTPN11,9606.ENSP00000385675,9606.ENSP00000489597,0.79,STRING
SOX2,KDM6A,9606.ENSP00000323588,9606.ENSP00000367203,0.79,STRING
PTGS2,IL10,9606.ENSP00000356438,9606.ENSP00000412237,0.789,STRING
IL5,CD40,9606.ENSP00000231454,9606.ENSP00000361359,0.789,STRING
FDX1,NDUFV2,9606.ENSP00000260270,9606.ENSP00000327268,0.789,STRING
NPC1,HMGCR,9606.ENSP00000269228,9606.ENSP00000287936,0.789,STRING
GABRG2,GABRQ,9606.ENSP00000410732,9606.ENSP00000469332,0.789,STRING
PKD1,TSC1,9606.ENSP00000262304,9606.ENSP00000298552,0.789,STRING
HGF,INS,9606.ENSP00000222390,9606.ENSP00000380432,0.789,STRING
TP53,NOTCH1,9606.ENSP00000269305,9606.ENSP00000498587,0.789,STRING
PARP1,ABL1,9606.ENSP00000355759,9606.ENSP00000361423,0.789,STRING
NR3C1,SMAD2,9606.ENSP00000231509,9606.ENSP00000262160,0.789,STRING
CALM3,ALB,9606.ENSP00000291295,9606.ENSP00000295897,0.789,STRING
PDGFRB,IL10,9606.ENSP00000261799,9606.ENSP00000412237,0.789,STRING
MTOR,HIF1A,9606.ENSP00000354558,9606.ENSP00000437955,0.789,STRING
CACNA1G,CACNG7,9606.ENSP00000352011,9606.ENSP00000375647,0.789,STRING
MLH1,PIK3CA,9606.ENSP00000231790,9606.ENSP00000263967,0.789,STRING
TGFB1,CTNNB1,9606.ENSP00000221930,9606.ENSP00000495360,0.789,STRING
CHUK,IFIH1,9606.ENSP00000359424,9606.ENSP00000497271,0.789,STRING
DDB1,POLE,9606.ENSP00000301764,9606.ENSP00000322570,0.789,STRING
KLKB1,CFH,9606.ENSP00000264690,9606.ENSP00000356399,0.789,STRING
MPO,IFNG,9606.ENSP00000225275,9606.ENSP00000229135,0.789,STRING
NPM1,PTPN11,9606.ENSP00000296930,9606.ENSP00000489597,0.789,STRING
RUNX3,CDKN2A,9606.ENSP00000382800,9606.ENSP00000418915,0.789,STRING
DMD,HSPG2,9606.ENSP00000354923,9606.ENSP00000363827,0.789,STRING
COL1A2,COL4A5,9606.ENSP00000297268,9606.ENSP00000331902,0.789,STRING
CASP8,TNFAIP3,9606.ENSP00000351273,9606.ENSP00000481570,0.789,STRING
VWF,TNF,9606.ENSP00000261405,9606.ENSP00000398698,0.789,STRING
SLC10A1,ABCB4,9606.ENSP00000216540,9606.ENSP00000265723,0.789,STRING
NPM1,XPO1,9606.ENSP00000296930,9606.ENSP00000384863,0.789,STRING
ERBB2,AR,9606.ENSP00000269571,9606.ENSP00000363822,0.788,STRING
SLC6A2,HTR1A,9606.ENSP00000219833,9606.ENSP00000316244,0.788,STRING
KCNK10,KCNK9,9606.ENSP00000312811,9606.ENSP00000498198,0.788,STRING
CCR5,TLR4,9606.ENSP00000292303,9606.ENSP00000363089,0.788,STRING
IL2RB,IL13,9606.ENSP00000216223,9606.ENSP00000304915,0.788,STRING
CD38,IL6,9606.ENSP00000226279,9606.ENSP00000385675,0.788,STRING
ADAM17,GHR,9606.ENSP00000309968,9606.ENSP00000483403,0.788,STRING
CHRNB1,CHRNA2,9606.ENSP00000304290,9606.ENSP00000385026,0.788,STRING
NR3C1,BDNF,9606.ENSP00000231509,9606.ENSP00000414303,0.788,STRING
CSF1R,CCR5,9606.ENSP00000286301,9606.ENSP00000292303,0.788,STRING
JAG1,ADAM17,9606.ENSP00000254958,9606.ENSP00000309968,0.788,STRING
TGFB1,ALK,9606.ENSP00000221930,9606.ENSP00000373700,0.788,STRING
RHOA,FAS,9606.ENSP00000400175,9606.ENSP00000498466,0.788,STRING
CACNG3,GRIN2C,9606.ENSP00000005284,9606.ENSP00000293190,0.788,STRING
RXRG,THRB,9606.ENSP00000352900,9606.ENSP00000379904,0.788,STRING
SCN5A,RBM20,9606.ENSP00000328968,9606.ENSP00000358532,0.788,STRING
NFKBIZ,TNFAIP3,9606.ENSP00000325663,9606.ENSP00000481570,0.788,STRING
CD19,TNF,9606.ENSP00000313419,9606.ENSP00000398698,0.788,STRING
GABRB2,GABRA5,9606.ENSP00000274547,9606.ENSP00000382953,0.788,STRING
DST,CALM1,9606.ENSP00000307959,9606.ENSP00000499717,0.788,STRING
FBN1,ADAMTSL2,9606.ENSP00000325527,9606.ENSP00000346478,0.788,STRING
ATRX,CHEK2,9606.ENSP00000362441,9606.ENSP00000372023,0.788,STRING
EP300,NPM1,9606.ENSP00000263253,9606.ENSP00000296930,0.788,STRING
CDK6,MYC,9606.ENSP00000265734,9606.ENSP00000478887,0.788,STRING
CD4,ACE2,9606.ENSP00000011653,9606.ENSP00000389326,0.788,STRING
AGT,IL6,9606.ENSP00000355627,9606.ENSP00000385675,0.788,STRING
SH3PXD2B,WAS,9606.ENSP00000309714,9606.ENSP00000365891,0.787,STRING
TGFB1,SRC,9606.ENSP00000221930,9606.ENSP00000362680,0.787,STRING
BARD1,POLE,9606.ENSP00000260947,9606.ENSP00000322570,0.787,STRING
MPL,IL6,9606.ENSP00000361548,9606.ENSP00000385675,0.787,STRING
CACNG4,GRIN2D,9606.ENSP00000262138,9606.ENSP00000263269,0.787,STRING
FLT3,SYK,9606.ENSP00000241453,9606.ENSP00000364898,0.787,STRING
HTR3A,GRIN1,9606.ENSP00000347754,9606.ENSP00000360608,0.787,STRING
SMARCA4,CHD7,9606.ENSP00000343896,9606.ENSP00000392028,0.787,STRING
CACNA1B,CACNG7,9606.ENSP00000360423,9606.ENSP00000375647,0.787,STRING
GUCY1A1,PDE2A,9606.ENSP00000296518,9606.ENSP00000334910,0.787,STRING
IFNG,ITK,9606.ENSP00000229135,9606.ENSP00000398655,0.787,STRING
CACNA1D,CACNA1E,9606.ENSP00000288139,9606.ENSP00000356545,0.787,STRING
GRIN3B,GRIA2,9606.ENSP00000234389,9606.ENSP00000296526,0.787,STRING
CD80,CCR5,9606.ENSP00000264246,9606.ENSP00000292303,0.787,STRING
CETP,NPC1L1,9606.ENSP00000200676,9606.ENSP00000289547,0.787,STRING
FYN,DCC,9606.ENSP00000346671,9606.ENSP00000389140,0.787,STRING
ITGB2,CD8A,9606.ENSP00000380948,9606.ENSP00000386559,0.787,STRING
SRC,IL6,9606.ENSP00000362680,9606.ENSP00000385675,0.787,STRING
PTGS2,TLR4,9606.ENSP00000356438,9606.ENSP00000363089,0.787,STRING
SLC6A4,DRD3,9606.ENSP00000261707,9606.ENSP00000373169,0.787,STRING
AR,CYP19A1,9606.ENSP00000363822,9606.ENSP00000379683,0.787,STRING
EPOR,IL6,9606.ENSP00000222139,9606.ENSP00000385675,0.787,STRING
IL13,MAOA,9606.ENSP00000304915,9606.ENSP00000340684,0.787,STRING
STAT5B,FGFR2,9606.ENSP00000293328,9606.ENSP00000410294,0.787,STRING
CD40,MAP3K1,9606.ENSP00000361359,9606.ENSP00000382423,0.787,STRING
INS,FOXA2,9606.ENSP00000380432,9606.ENSP00000400341,0.787,STRING
SMAD2,EPAS1,9606.ENSP00000262160,9606.ENSP00000263734,0.787,STRING
MAOA,HTR2A,9606.ENSP00000340684,9606.ENSP00000437737,0.786,STRING
CD38,CXCR4,9606.ENSP00000226279,9606.ENSP00000386884,0.786,STRING
GABRD,SCN1B,9606.ENSP00000367848,9606.ENSP00000396915,0.786,STRING
IL5,IL18,9606.ENSP00000231454,9606.ENSP00000280357,0.786,STRING
MPO,C3,9606.ENSP00000225275,9606.ENSP00000245907,0.786,STRING
SRC,TNK2,9606.ENSP00000362680,9606.ENSP00000371341,0.786,STRING
PTK2,ITGB2,9606.ENSP00000341189,9606.ENSP00000380948,0.786,STRING
CD86,IDO1,9606.ENSP00000332049,9606.ENSP00000430950,0.786,STRING
GABBR2,GABRG1,9606.ENSP00000259455,9606.ENSP00000295452,0.786,STRING
KIT,NGF,9606.ENSP00000288135,9606.ENSP00000358525,0.786,STRING
HNF4A,NR1H4,9606.ENSP00000312987,9606.ENSP00000447149,0.786,STRING
FANCD2,CDK12,9606.ENSP00000287647,9606.ENSP00000398880,0.786,STRING
RARA,GATA3,9606.ENSP00000254066,9606.ENSP00000368632,0.786,STRING
IL23R,JAK1,9606.ENSP00000321345,9606.ENSP00000499900,0.786,STRING
APP,NF1,9606.ENSP00000284981,9606.ENSP00000351015,0.786,STRING
IL1B,ITGB2,9606.ENSP00000263341,9606.ENSP00000380948,0.786,STRING
GRM1,CASR,9606.ENSP00000282753,9606.ENSP00000420194,0.786,STRING
COL1A2,COL4A2,9606.ENSP00000297268,9606.ENSP00000353654,0.786,STRING
ITGA2B,RUNX1,9606.ENSP00000262407,9606.ENSP00000300305,0.786,STRING
MC4R,INS,9606.ENSP00000299766,9606.ENSP00000380432,0.786,STRING
CALM3,NFATC1,9606.ENSP00000291295,9606.ENSP00000389377,0.786,STRING
KIT,TET2,9606.ENSP00000288135,9606.ENSP00000442788,0.786,STRING
NTRK2,SRC,9606.ENSP00000277120,9606.ENSP00000362680,0.786,STRING
ATM,SMARCA4,9606.ENSP00000278616,9606.ENSP00000343896,0.786,STRING
PIK3CA,NOTCH1,9606.ENSP00000263967,9606.ENSP00000498587,0.786,STRING
RB1,ARID1A,9606.ENSP00000267163,9606.ENSP00000320485,0.786,STRING
EP300,THRA,9606.ENSP00000263253,9606.ENSP00000264637,0.785,STRING
PPARA,APOA5,9606.ENSP00000385523,9606.ENSP00000445002,0.785,STRING
CHEK2,RAD51B,9606.ENSP00000372023,9606.ENSP00000419881,0.785,STRING
RB1,PBRM1,9606.ENSP00000267163,9606.ENSP00000386593,0.785,STRING
APC,HNF4A,9606.ENSP00000257430,9606.ENSP00000312987,0.785,STRING
TP53,DHFR,9606.ENSP00000269305,9606.ENSP00000396308,0.785,STRING
CD38,CTLA4,9606.ENSP00000226279,9606.ENSP00000497102,0.785,STRING
ABL1,MYC,9606.ENSP00000361423,9606.ENSP00000478887,0.785,STRING
APP,FGA,9606.ENSP00000284981,9606.ENSP00000498441,0.785,STRING
KDR,HIF1A,9606.ENSP00000263923,9606.ENSP00000437955,0.785,STRING
CD274,CD3G,9606.ENSP00000370989,9606.ENSP00000431445,0.785,STRING
NRAS,WT1,9606.ENSP00000358548,9606.ENSP00000368370,0.785,STRING
GATA4,TNNT2,9606.ENSP00000435712,9606.ENSP00000499593,0.785,STRING
TUBB4A,TUBB2A,9606.ENSP00000264071,9606.ENSP00000369703,0.785,STRING
GAK,AAK1,9606.ENSP00000314499,9606.ENSP00000386456,0.785,STRING
DRD4,MAOB,9606.ENSP00000176183,9606.ENSP00000367309,0.785,STRING
RUNX2,AKT1,9606.ENSP00000360493,9606.ENSP00000451828,0.785,STRING
FDX1,NDUFV1,9606.ENSP00000260270,9606.ENSP00000497587,0.785,STRING
PRDM1,HDAC1,9606.ENSP00000358092,9606.ENSP00000362649,0.785,STRING
RYR1,CACNB4,9606.ENSP00000352608,9606.ENSP00000438949,0.785,STRING
PSMA2,FBXW7,9606.ENSP00000223321,9606.ENSP00000474725,0.785,STRING
AXIN1,SMAD3,9606.ENSP00000262320,9606.ENSP00000332973,0.785,STRING
KIT,NCAM1,9606.ENSP00000288135,9606.ENSP00000480132,0.785,STRING
PRPH2,PDE6A,9606.ENSP00000230381,9606.ENSP00000255266,0.785,STRING
SLC6A3,DRD3,9606.ENSP00000270349,9606.ENSP00000373169,0.784,STRING
VHL,TP53,9606.ENSP00000256474,9606.ENSP00000269305,0.784,STRING
CCDC6,ROS1,9606.ENSP00000263102,9606.ENSP00000357494,0.784,STRING
FLT3,ANGPT1,9606.ENSP00000241453,9606.ENSP00000428340,0.784,STRING
HTR1E,HTR3A,9606.ENSP00000307766,9606.ENSP00000347754,0.784,STRING
CXCL8,ITGB2,9606.ENSP00000306512,9606.ENSP00000380948,0.784,STRING
PDE10A,GUCY1B1,9606.ENSP00000355847,9606.ENSP00000426786,0.784,STRING
MED12,GLI3,9606.ENSP00000363193,9606.ENSP00000379258,0.784,STRING
ADORA1,ADORA2A,9606.ENSP00000356205,9606.ENSP00000480012,0.784,STRING
GSK3B,MTOR,9606.ENSP00000324806,9606.ENSP00000354558,0.784,STRING
GJA1,TNNT2,9606.ENSP00000282561,9606.ENSP00000499593,0.784,STRING
PAX5,MYC,9606.ENSP00000350844,9606.ENSP00000478887,0.784,STRING
KCNJ5,ATP1A3,9606.ENSP00000433295,9606.ENSP00000444688,0.784,STRING
CCR2,JAK2,9606.ENSP00000292301,9606.ENSP00000371067,0.784,STRING
SMAD2,FOXP1,9606.ENSP00000262160,9606.ENSP00000484803,0.784,STRING
NOS3,AGTR1,9606.ENSP00000297494,9606.ENSP00000398832,0.784,STRING
FAT4,CTNNB1,9606.ENSP00000377862,9606.ENSP00000495360,0.784,STRING
APOA1,HMGCR,9606.ENSP00000236850,9606.ENSP00000287936,0.784,STRING
LEPR,IL10,9606.ENSP00000330393,9606.ENSP00000412237,0.784,STRING
CNR1,BDNF,9606.ENSP00000358513,9606.ENSP00000414303,0.784,STRING
MLH1,BARD1,9606.ENSP00000231790,9606.ENSP00000260947,0.784,STRING
FOXA1,RARA,9606.ENSP00000250448,9606.ENSP00000254066,0.784,STRING
JAK2,HIF1A,9606.ENSP00000371067,9606.ENSP00000437955,0.784,STRING
PPARG,HDAC2,9606.ENSP00000287820,9606.ENSP00000430432,0.784,STRING
MYH9,ROCK1,9606.ENSP00000216181,9606.ENSP00000382697,0.784,STRING
TGFB1,ALB,9606.ENSP00000221930,9606.ENSP00000295897,0.784,STRING
GAK,GBA,9606.ENSP00000314499,9606.ENSP00000314508,0.784,STRING
CD79A,PLCG2,9606.ENSP00000221972,9606.ENSP00000482457,0.784,STRING
IFNG,PDGFRA,9606.ENSP00000229135,9606.ENSP00000257290,0.784,STRING
TP53,IDH2,9606.ENSP00000269305,9606.ENSP00000331897,0.783,STRING
IL2,UMOD,9606.ENSP00000226730,9606.ENSP00000379438,0.783,STRING
STAT5B,SMARCA4,9606.ENSP00000293328,9606.ENSP00000343896,0.783,STRING
RAD51D,MUTYH,9606.ENSP00000466399,9606.ENSP00000500891,0.783,STRING
ITGAL,PRF1,9606.ENSP00000349252,9606.ENSP00000398568,0.783,STRING
MAPK3,JAK2,9606.ENSP00000263025,9606.ENSP00000371067,0.783,STRING
PTGFR,AGTR1,9606.ENSP00000359793,9606.ENSP00000398832,0.783,STRING
PDE6D,GUCY1B1,9606.ENSP00000287600,9606.ENSP00000426786,0.783,STRING
MAP3K3,MAP3K7,9606.ENSP00000354927,9606.ENSP00000358335,0.783,STRING
GUCY1A2,PDE10A,9606.ENSP00000282249,9606.ENSP00000355847,0.783,STRING
TP53,ESR2,9606.ENSP00000269305,9606.ENSP00000343925,0.783,STRING
FGF23,PDGFRA,9606.ENSP00000237837,9606.ENSP00000257290,0.783,STRING
CACNA1F,CACNA2D3,9606.ENSP00000365441,9606.ENSP00000419101,0.783,STRING
KIT,MITF,9606.ENSP00000288135,9606.ENSP00000391803,0.783,STRING
HDAC9,HIF1A,9606.ENSP00000408617,9606.ENSP00000437955,0.783,STRING
C3,CXCL8,9606.ENSP00000245907,9606.ENSP00000306512,0.783,STRING
APOE,CCR5,9606.ENSP00000252486,9606.ENSP00000292303,0.783,STRING
CD86,AKT1,9606.ENSP00000332049,9606.ENSP00000451828,0.783,STRING
CREBBP,RUNX2,9606.ENSP00000262367,9606.ENSP00000360493,0.783,STRING
CREBBP,NOTCH1,9606.ENSP00000262367,9606.ENSP00000498587,0.783,STRING
CD4,PTPN11,9606.ENSP00000011653,9606.ENSP00000489597,0.783,STRING
BRAF,AKT1,9606.ENSP00000419060,9606.ENSP00000451828,0.783,STRING
NTRK3,HRAS,9606.ENSP00000354207,9606.ENSP00000407586,0.783,STRING
ADRB2,PDE4A,9606.ENSP00000305372,9606.ENSP00000370078,0.783,STRING
IL23A,IL4R,9606.ENSP00000228534,9606.ENSP00000379111,0.783,STRING
DMD,MYH6,9606.ENSP00000354923,9606.ENSP00000386041,0.783,STRING
KCNQ2,SCN1B,9606.ENSP00000352035,9606.ENSP00000396915,0.783,STRING
BARD1,FANCD2,9606.ENSP00000260947,9606.ENSP00000287647,0.783,STRING
MMP2,COL4A2,9606.ENSP00000219070,9606.ENSP00000353654,0.783,STRING
SNAP25,CACNA1C,9606.ENSP00000254976,9606.ENSP00000266376,0.782,STRING
PDCD1,CD3E,9606.ENSP00000335062,9606.ENSP00000354566,0.782,STRING
PDE6A,GUCY1A2,9606.ENSP00000255266,9606.ENSP00000282249,0.782,STRING
TNFRSF1A,CXCL8,9606.ENSP00000162749,9606.ENSP00000306512,0.782,STRING
CXCL8,AGTR1,9606.ENSP00000306512,9606.ENSP00000398832,0.782,STRING
ARID1A,ATRX,9606.ENSP00000320485,9606.ENSP00000362441,0.782,STRING
TLR7,CD8A,9606.ENSP00000370034,9606.ENSP00000386559,0.782,STRING
HRH3,DRD1,9606.ENSP00000342560,9606.ENSP00000377353,0.782,STRING
IL1B,TNFAIP3,9606.ENSP00000263341,9606.ENSP00000481570,0.782,STRING
TLR7,IL10,9606.ENSP00000370034,9606.ENSP00000412237,0.782,STRING
NCOR1,HDAC6,9606.ENSP00000268712,9606.ENSP00000365804,0.782,STRING
PLA2G6,PTGS1,9606.ENSP00000333142,9606.ENSP00000354612,0.782,STRING
CETP,PCSK9,9606.ENSP00000200676,9606.ENSP00000303208,0.782,STRING
GUCY1A2,PDE1A,9606.ENSP00000282249,9606.ENSP00000410309,0.782,STRING
ALB,CXCL8,9606.ENSP00000295897,9606.ENSP00000306512,0.782,STRING
ABL1,HRAS,9606.ENSP00000361423,9606.ENSP00000407586,0.782,STRING
EGFR,ABL2,9606.ENSP00000275493,9606.ENSP00000427562,0.782,STRING
SMAD3,GATA3,9606.ENSP00000332973,9606.ENSP00000368632,0.782,STRING
TTR,C3,9606.ENSP00000237014,9606.ENSP00000245907,0.782,STRING
OXTR,CACNA1S,9606.ENSP00000324270,9606.ENSP00000355192,0.782,STRING
NPM1,PIK3R1,9606.ENSP00000296930,9606.ENSP00000428056,0.782,STRING
GRIN1,CACNG7,9606.ENSP00000360608,9606.ENSP00000375647,0.782,STRING
PDGFB,AKT1,9606.ENSP00000330382,9606.ENSP00000451828,0.782,STRING
SYK,TNF,9606.ENSP00000364898,9606.ENSP00000398698,0.782,STRING
HGF,ALB,9606.ENSP00000222390,9606.ENSP00000295897,0.782,STRING
MAPK14,IL1B,9606.ENSP00000229795,9606.ENSP00000263341,0.782,STRING
CYSLTR1,ALOX5,9606.ENSP00000362401,9606.ENSP00000363512,0.782,STRING
RB1,PGR,9606.ENSP00000267163,9606.ENSP00000325120,0.782,STRING
STAT5B,LYN,9606.ENSP00000293328,9606.ENSP00000428924,0.782,STRING
GABRA4,GABRA2,9606.ENSP00000264318,9606.ENSP00000427603,0.782,STRING
LTK,PIK3R1,9606.ENSP00000263800,9606.ENSP00000428056,0.781,STRING
BCL2,CTNNB1,9606.ENSP00000381185,9606.ENSP00000495360,0.781,STRING
KCNMA1,CACNA1F,9606.ENSP00000286628,9606.ENSP00000365441,0.781,STRING
HGF,ERBB4,9606.ENSP00000222390,9606.ENSP00000342235,0.781,STRING
G6PD,IDH1,9606.ENSP00000377192,9606.ENSP00000390265,0.781,STRING
GSK3B,CAV1,9606.ENSP00000324806,9606.ENSP00000339191,0.781,STRING
STAT3,PLCG2,9606.ENSP00000264657,9606.ENSP00000482457,0.781,STRING
CXCL8,SRC,9606.ENSP00000306512,9606.ENSP00000362680,0.781,STRING
CYP2C9,CYP2D6,9606.ENSP00000260682,9606.ENSP00000496150,0.781,STRING
TERT,ARID1A,9606.ENSP00000309572,9606.ENSP00000320485,0.781,STRING
TERT,IDH1,9606.ENSP00000309572,9606.ENSP00000390265,0.781,STRING
CASP8,PTEN,9606.ENSP00000351273,9606.ENSP00000361021,0.781,STRING
CAV1,JAK2,9606.ENSP00000339191,9606.ENSP00000371067,0.781,STRING
PDE6A,GUCY1A1,9606.ENSP00000255266,9606.ENSP00000296518,0.781,STRING
ADRA2A,ADRA2C,9606.ENSP00000280155,9606.ENSP00000386069,0.781,STRING
APOA1,PCSK9,9606.ENSP00000236850,9606.ENSP00000303208,0.781,STRING
CETP,HMGCR,9606.ENSP00000200676,9606.ENSP00000287936,0.781,STRING
CHRND,CHRNA4,9606.ENSP00000258385,9606.ENSP00000359285,0.781,STRING
KCNK3,KCNK10,9606.ENSP00000306275,9606.ENSP00000312811,0.781,STRING
MSH6,DNMT1,9606.ENSP00000234420,9606.ENSP00000352516,0.781,STRING
BCL2,IGF1R,9606.ENSP00000381185,9606.ENSP00000497069,0.781,STRING
HDAC2,HIF1A,9606.ENSP00000430432,9606.ENSP00000437955,0.781,STRING
CREBBP,APP,9606.ENSP00000262367,9606.ENSP00000284981,0.781,STRING
FLT3,HRAS,9606.ENSP00000241453,9606.ENSP00000407586,0.781,STRING
TGFB1,CD274,9606.ENSP00000221930,9606.ENSP00000370989,0.781,STRING
CDKN2C,MEN1,9606.ENSP00000262662,9606.ENSP00000337088,0.781,STRING
IL4,CCR5,9606.ENSP00000231449,9606.ENSP00000292303,0.781,STRING
KIT,IL6,9606.ENSP00000288135,9606.ENSP00000385675,0.781,STRING
CALCR,NFATC1,9606.ENSP00000352561,9606.ENSP00000389377,0.781,STRING
KIT,CD19,9606.ENSP00000288135,9606.ENSP00000313419,0.781,STRING
CD4,CCND1,9606.ENSP00000011653,9606.ENSP00000227507,0.781,STRING
PAX8,WT1,9606.ENSP00000263334,9606.ENSP00000368370,0.781,STRING
CSF1R,INS,9606.ENSP00000286301,9606.ENSP00000380432,0.781,STRING
ERBB4,BDNF,9606.ENSP00000342235,9606.ENSP00000414303,0.781,STRING
JAK2,HRAS,9606.ENSP00000371067,9606.ENSP00000407586,0.781,STRING
APOE,SERPINA1,9606.ENSP00000252486,9606.ENSP00000416066,0.781,STRING
CNR1,TRPV1,9606.ENSP00000358513,9606.ENSP00000459962,0.781,STRING
AKT1,ITGB3,9606.ENSP00000451828,9606.ENSP00000452786,0.781,STRING
F2,LPA,9606.ENSP00000308541,9606.ENSP00000321334,0.781,STRING
CDKN1A,ZFHX3,9606.ENSP00000384849,9606.ENSP00000493252,0.781,STRING
ERBB4,FGF9,9606.ENSP00000342235,9606.ENSP00000371790,0.781,STRING
HDAC4,HDAC1,9606.ENSP00000264606,9606.ENSP00000362649,0.781,STRING
TLR1,TLR7,9606.ENSP00000354932,9606.ENSP00000370034,0.78,STRING
PRF1,IL10,9606.ENSP00000398568,9606.ENSP00000412237,0.78,STRING
APP,FYN,9606.ENSP00000284981,9606.ENSP00000346671,0.78,STRING
TGFB2,MMP9,9606.ENSP00000355896,9606.ENSP00000361405,0.78,STRING
FDX1,MT-ND5,9606.ENSP00000260270,9606.ENSP00000354813,0.78,STRING
TSLP,IL2RA,9606.ENSP00000339804,9606.ENSP00000369293,0.78,STRING
MAPK1,PTGS2,9606.ENSP00000215832,9606.ENSP00000356438,0.78,STRING
GRIN2D,HTR3A,9606.ENSP00000263269,9606.ENSP00000347754,0.78,STRING
KRAS,KDR,9606.ENSP00000256078,9606.ENSP00000263923,0.78,STRING
FDX1,MT-ND2,9606.ENSP00000260270,9606.ENSP00000355046,0.78,STRING
CD4,IL4R,9606.ENSP00000011653,9606.ENSP00000379111,0.78,STRING
CDH1,KDR,9606.ENSP00000261769,9606.ENSP00000263923,0.78,STRING
CD86,MYD88,9606.ENSP00000332049,9606.ENSP00000498321,0.78,STRING
NFKB1,PSMA7,9606.ENSP00000226574,9606.ENSP00000359910,0.78,STRING
RAD51C,ATRX,9606.ENSP00000336701,9606.ENSP00000362441,0.78,STRING
TP53,NFE2L2,9606.ENSP00000269305,9606.ENSP00000380252,0.78,STRING
NCOR1,CEBPA,9606.ENSP00000268712,9606.ENSP00000427514,0.78,STRING
IRF5,IFIH1,9606.ENSP00000418037,9606.ENSP00000497271,0.78,STRING
NOD2,CHUK,9606.ENSP00000300589,9606.ENSP00000359424,0.78,STRING
HTR2B,HTR3A,9606.ENSP00000258400,9606.ENSP00000347754,0.78,STRING
ALDH2,HMGA2,9606.ENSP00000261733,9606.ENSP00000437621,0.78,STRING
CACNG1,CACNA1G,9606.ENSP00000226021,9606.ENSP00000352011,0.78,STRING
ACE,SLC5A2,9606.ENSP00000290866,9606.ENSP00000327943,0.78,STRING
IL4,TLR9,9606.ENSP00000231449,9606.ENSP00000353874,0.78,STRING
MIF,STAT4,9606.ENSP00000215754,9606.ENSP00000351255,0.78,STRING
EZH2,SMARCB1,9606.ENSP00000320147,9606.ENSP00000340883,0.779,STRING
FLT1,MMP9,9606.ENSP00000282397,9606.ENSP00000361405,0.779,STRING
PTEN,ATRX,9606.ENSP00000361021,9606.ENSP00000362441,0.779,STRING
CD38,IFNG,9606.ENSP00000226279,9606.ENSP00000229135,0.779,STRING
CALCR,TNFSF11,9606.ENSP00000352561,9606.ENSP00000381775,0.779,STRING
TSC2,CCND1,9606.ENSP00000219476,9606.ENSP00000227507,0.779,STRING
GABRB3,MECP2,9606.ENSP00000308725,9606.ENSP00000395535,0.779,STRING
CACNG4,GRIN2C,9606.ENSP00000262138,9606.ENSP00000293190,0.779,STRING
NDUFS8,IDH1,9606.ENSP00000315774,9606.ENSP00000390265,0.779,STRING
CCND1,AXIN1,9606.ENSP00000227507,9606.ENSP00000262320,0.779,STRING
MET,PGF,9606.ENSP00000317272,9606.ENSP00000451040,0.779,STRING
SHH,PITX2,9606.ENSP00000297261,9606.ENSP00000495061,0.779,STRING
IFNAR1,IFIH1,9606.ENSP00000270139,9606.ENSP00000497271,0.779,STRING
CSF1R,IL6,9606.ENSP00000286301,9606.ENSP00000385675,0.779,STRING
CACNA2D2,CACNA2D3,9606.ENSP00000418081,9606.ENSP00000419101,0.779,STRING
TNF,RHOA,9606.ENSP00000398698,9606.ENSP00000400175,0.779,STRING
STAT4,IL17A,9606.ENSP00000351255,9606.ENSP00000497968,0.779,STRING
CACNA1G,CACNB1,9606.ENSP00000352011,9606.ENSP00000377840,0.779,STRING
IFIH1,MYD88,9606.ENSP00000497271,9606.ENSP00000498321,0.779,STRING
LCK,PLCG2,9606.ENSP00000477713,9606.ENSP00000482457,0.779,STRING
VKORC1,CYP2D6,9606.ENSP00000378426,9606.ENSP00000496150,0.779,STRING
ABCB1,CYP2D6,9606.ENSP00000478255,9606.ENSP00000496150,0.779,STRING
GRIN2D,PRNP,9606.ENSP00000263269,9606.ENSP00000399376,0.779,STRING
CACNG3,CACNB2,9606.ENSP00000005284,9606.ENSP00000320025,0.779,STRING
NKX2-5,TBX1,9606.ENSP00000327758,9606.ENSP00000331791,0.779,STRING
HTR1D,MAOB,9606.ENSP00000363748,9606.ENSP00000367309,0.779,STRING
CACNG2,CACNA1F,9606.ENSP00000300105,9606.ENSP00000365441,0.779,STRING
LRRK2,RHOA,9606.ENSP00000298910,9606.ENSP00000400175,0.779,STRING
HTR3A,GRIN3A,9606.ENSP00000347754,9606.ENSP00000355155,0.779,STRING
CALM3,SCN9A,9606.ENSP00000291295,9606.ENSP00000386306,0.778,STRING
MET,MECP2,9606.ENSP00000317272,9606.ENSP00000395535,0.778,STRING
CDKN2A,TCF7L2,9606.ENSP00000418915,9606.ENSP00000486891,0.778,STRING
ATM,BRAF,9606.ENSP00000278616,9606.ENSP00000419060,0.778,STRING
STK11,FYN,9606.ENSP00000324856,9606.ENSP00000346671,0.778,STRING
NKX2-1,FOXA2,9606.ENSP00000346879,9606.ENSP00000400341,0.778,STRING
FUT2,SETBP1,9606.ENSP00000387498,9606.ENSP00000497406,0.778,STRING
TUBA4A,TUBA1C,9606.ENSP00000248437,9606.ENSP00000443475,0.778,STRING
SOCS1,MYD88,9606.ENSP00000496577,9606.ENSP00000498321,0.778,STRING
ITGA2B,P2RY12,9606.ENSP00000262407,9606.ENSP00000307259,0.778,STRING
IL2,CRP,9606.ENSP00000226730,9606.ENSP00000255030,0.778,STRING
GRIN2D,CACNG8,9606.ENSP00000263269,9606.ENSP00000270458,0.778,STRING
MSH2,PTEN,9606.ENSP00000233146,9606.ENSP00000361021,0.778,STRING
PTGS2,SRC,9606.ENSP00000356438,9606.ENSP00000362680,0.778,STRING
MPL,JAK3,9606.ENSP00000361548,9606.ENSP00000432511,0.778,STRING
SORT1,SMPD1,9606.ENSP00000256637,9606.ENSP00000340409,0.778,STRING
CACNA1G,CACNA1A,9606.ENSP00000352011,9606.ENSP00000489829,0.778,STRING
FOXP3,FOXP1,9606.ENSP00000365380,9606.ENSP00000484803,0.778,STRING
PPARG,EZH2,9606.ENSP00000287820,9606.ENSP00000320147,0.778,STRING
TNFSF13B,BTK,9606.ENSP00000365048,9606.ENSP00000483570,0.778,STRING
POLE,CHEK2,9606.ENSP00000322570,9606.ENSP00000372023,0.778,STRING
CSF1R,CCR2,9606.ENSP00000286301,9606.ENSP00000292301,0.778,STRING
IFNG,LEPR,9606.ENSP00000229135,9606.ENSP00000330393,0.778,STRING
CD4,KIT,9606.ENSP00000011653,9606.ENSP00000288135,0.778,STRING
IL1B,MYC,9606.ENSP00000263341,9606.ENSP00000478887,0.778,STRING
CCR5,CD86,9606.ENSP00000292303,9606.ENSP00000332049,0.778,STRING
CACNB2,CACNA1I,9606.ENSP00000320025,9606.ENSP00000385019,0.778,STRING
IFNG,IL33,9606.ENSP00000229135,9606.ENSP00000370842,0.778,STRING
ALB,DPP4,9606.ENSP00000295897,9606.ENSP00000353731,0.778,STRING
TP53,IL6,9606.ENSP00000269305,9606.ENSP00000385675,0.777,STRING
PCSK5,LPL,9606.ENSP00000446280,9606.ENSP00000497642,0.777,STRING
DNMT3A,RUNX1,9606.ENSP00000264709,9606.ENSP00000300305,0.777,STRING
PIK3CA,LCK,9606.ENSP00000263967,9606.ENSP00000477713,0.777,STRING
FLT3,SH2B3,9606.ENSP00000241453,9606.ENSP00000345492,0.777,STRING
FLNC,AR,9606.ENSP00000327145,9606.ENSP00000363822,0.777,STRING
ANGPT2,MET,9606.ENSP00000314897,9606.ENSP00000317272,0.777,STRING
RARA,STAT5B,9606.ENSP00000254066,9606.ENSP00000293328,0.777,STRING
GABRG1,GABRB3,9606.ENSP00000295452,9606.ENSP00000308725,0.777,STRING
NRAS,IDH1,9606.ENSP00000358548,9606.ENSP00000390265,0.777,STRING
ERBB3,FGF9,9606.ENSP00000267101,9606.ENSP00000371790,0.777,STRING
HDAC7,CTNNB1,9606.ENSP00000080059,9606.ENSP00000495360,0.777,STRING
KCNA1,CACNB4,9606.ENSP00000371985,9606.ENSP00000438949,0.777,STRING
EZH2,MEN1,9606.ENSP00000320147,9606.ENSP00000337088,0.777,STRING
FYN,JAK2,9606.ENSP00000346671,9606.ENSP00000371067,0.777,STRING
CD80,AKT1,9606.ENSP00000264246,9606.ENSP00000451828,0.777,STRING
EGFR,SHH,9606.ENSP00000275493,9606.ENSP00000297261,0.777,STRING
CHRND,CHRNA2,9606.ENSP00000258385,9606.ENSP00000385026,0.777,STRING
CD40,FOXP3,9606.ENSP00000361359,9606.ENSP00000365380,0.777,STRING
STAG2,SRSF2,9606.ENSP00000218089,9606.ENSP00000376276,0.777,STRING
IL5,STAT5B,9606.ENSP00000231454,9606.ENSP00000293328,0.777,STRING
RUNX2,COL2A1,9606.ENSP00000360493,9606.ENSP00000369889,0.777,STRING
IL2,TLR9,9606.ENSP00000226730,9606.ENSP00000353874,0.777,STRING
PROS1,FURIN,9606.ENSP00000377783,9606.ENSP00000483552,0.777,STRING
U2AF1,SETBP1,9606.ENSP00000291552,9606.ENSP00000497406,0.777,STRING
APOE,NOS3,9606.ENSP00000252486,9606.ENSP00000297494,0.777,STRING
APOE,TLR4,9606.ENSP00000252486,9606.ENSP00000363089,0.777,STRING
PPAT,CPS1,9606.ENSP00000264220,9606.ENSP00000402608,0.776,STRING
GABRE,GABRA2,9606.ENSP00000359353,9606.ENSP00000427603,0.776,STRING
KRAS,PMS2,9606.ENSP00000256078,9606.ENSP00000265849,0.776,STRING
MAP2K2,CTNNB1,9606.ENSP00000262948,9606.ENSP00000495360,0.776,STRING
FLT4,COL18A1,9606.ENSP00000261937,9606.ENSP00000352798,0.776,STRING
EP300,PGR,9606.ENSP00000263253,9606.ENSP00000325120,0.776,STRING
CDH1,ANXA1,9606.ENSP00000261769,9606.ENSP00000366109,0.776,STRING
RPS27A,MAP3K7,9606.ENSP00000272317,9606.ENSP00000358335,0.776,STRING
ACE,IL6,9606.ENSP00000290866,9606.ENSP00000385675,0.776,STRING
RRM1,CHEK2,9606.ENSP00000300738,9606.ENSP00000372023,0.776,STRING
IL23A,IL6R,9606.ENSP00000228534,9606.ENSP00000357470,0.776,STRING
SCN8A,SCN11A,9606.ENSP00000346534,9606.ENSP00000499569,0.776,STRING
TNFSF13B,CD8A,9606.ENSP00000365048,9606.ENSP00000386559,0.776,STRING
CD8A,ITK,9606.ENSP00000386559,9606.ENSP00000398655,0.776,STRING
NRAS,JAK3,9606.ENSP00000358548,9606.ENSP00000432511,0.776,STRING
RBX1,TP53,9606.ENSP00000216225,9606.ENSP00000269305,0.776,STRING
CD4,TNFRSF8,9606.ENSP00000011653,9606.ENSP00000263932,0.776,STRING
KIT,CSF2RA,9606.ENSP00000288135,9606.ENSP00000394227,0.776,STRING
CLCN2,GABRD,9606.ENSP00000265593,9606.ENSP00000367848,0.776,STRING
FLT4,TGFA,9606.ENSP00000261937,9606.ENSP00000404131,0.776,STRING
NPM1,TET2,9606.ENSP00000296930,9606.ENSP00000442788,0.776,STRING
CXCL8,TLR9,9606.ENSP00000306512,9606.ENSP00000353874,0.776,STRING
ATP4A,ALB,9606.ENSP00000262623,9606.ENSP00000295897,0.776,STRING
NCOR1,RARG,9606.ENSP00000268712,9606.ENSP00000388510,0.776,STRING
GSR,IDH1,9606.ENSP00000221130,9606.ENSP00000390265,0.776,STRING
DNMT3A,U2AF1,9606.ENSP00000264709,9606.ENSP00000291552,0.776,STRING
SNAP25,KCNB1,9606.ENSP00000254976,9606.ENSP00000360806,0.776,STRING
APP,GRIN1,9606.ENSP00000284981,9606.ENSP00000360608,0.776,STRING
DNMT3A,SRSF2,9606.ENSP00000264709,9606.ENSP00000376276,0.776,STRING
GABRA5,GABRG2,9606.ENSP00000382953,9606.ENSP00000410732,0.776,STRING
PDGFRA,IL10,9606.ENSP00000257290,9606.ENSP00000412237,0.776,STRING
FGF10,ERBB4,9606.ENSP00000264664,9606.ENSP00000342235,0.776,STRING
TP53,CD274,9606.ENSP00000269305,9606.ENSP00000370989,0.776,STRING
GABRQ,GABRG3,9606.ENSP00000469332,9606.ENSP00000479113,0.776,STRING
HDAC3,THRB,9606.ENSP00000302967,9606.ENSP00000379904,0.776,STRING
NFKB1,NOD2,9606.ENSP00000226574,9606.ENSP00000300589,0.776,STRING
PTGS2,AKT1,9606.ENSP00000356438,9606.ENSP00000451828,0.775,STRING
IL10,IRF5,9606.ENSP00000412237,9606.ENSP00000418037,0.775,STRING
PBX1,KMT2A,9606.ENSP00000405890,9606.ENSP00000436786,0.775,STRING
EPHA2,LYN,9606.ENSP00000351209,9606.ENSP00000428924,0.775,STRING
TP53,CDK12,9606.ENSP00000269305,9606.ENSP00000398880,0.775,STRING
IL2,NFATC1,9606.ENSP00000226730,9606.ENSP00000389377,0.775,STRING
ERBB2,ALK,9606.ENSP00000269571,9606.ENSP00000373700,0.775,STRING
PARP1,CHEK2,9606.ENSP00000355759,9606.ENSP00000372023,0.775,STRING
CHRNB1,CHRNA7,9606.ENSP00000304290,9606.ENSP00000407546,0.775,STRING
IL5,PDGFRA,9606.ENSP00000231454,9606.ENSP00000257290,0.775,STRING
BRIP1,ATR,9606.ENSP00000259008,9606.ENSP00000343741,0.775,STRING
TBX5,SCN5A,9606.ENSP00000309913,9606.ENSP00000328968,0.775,STRING
HNF4A,RUNX2,9606.ENSP00000312987,9606.ENSP00000360493,0.775,STRING
IL2,CSF2RA,9606.ENSP00000226730,9606.ENSP00000394227,0.775,STRING
PDE3A,NPR1,9606.ENSP00000351957,9606.ENSP00000357669,0.775,STRING
FGFR3,COL2A1,9606.ENSP00000339824,9606.ENSP00000369889,0.775,STRING
FGFR3,CDKN2A,9606.ENSP00000339824,9606.ENSP00000418915,0.775,STRING
CBL,AKT1,9606.ENSP00000264033,9606.ENSP00000451828,0.775,STRING
TGFB1,CXCL8,9606.ENSP00000221930,9606.ENSP00000306512,0.775,STRING
STAT3,CXCR4,9606.ENSP00000264657,9606.ENSP00000386884,0.775,STRING
BTK,PRKCB,9606.ENSP00000483570,9606.ENSP00000496129,0.775,STRING
CD86,ITGAL,9606.ENSP00000332049,9606.ENSP00000349252,0.775,STRING
FSTL1,TLR4,9606.ENSP00000295633,9606.ENSP00000363089,0.775,STRING
CD40LG,BCL6,9606.ENSP00000359663,9606.ENSP00000384371,0.775,STRING
GUCY1A2,PDE6B,9606.ENSP00000282249,9606.ENSP00000420295,0.775,STRING
KIT,SOCS1,9606.ENSP00000288135,9606.ENSP00000496577,0.775,STRING
RRM1,PRIM1,9606.ENSP00000300738,9606.ENSP00000350491,0.775,STRING
AVPR1A,OXTR,9606.ENSP00000299178,9606.ENSP00000324270,0.775,STRING
CACNA1C,PDE4B,9606.ENSP00000266376,9606.ENSP00000342637,0.775,STRING
FLT1,PTPN11,9606.ENSP00000282397,9606.ENSP00000489597,0.775,STRING
PDCD1,CD40LG,9606.ENSP00000335062,9606.ENSP00000359663,0.775,STRING
GRM1,GRIK1,9606.ENSP00000282753,9606.ENSP00000327687,0.775,STRING
HDAC6,CDKN1A,9606.ENSP00000365804,9606.ENSP00000384849,0.775,STRING
FYN,ITK,9606.ENSP00000346671,9606.ENSP00000398655,0.775,STRING
CDH1,HDAC1,9606.ENSP00000261769,9606.ENSP00000362649,0.775,STRING
FGF10,ERBB3,9606.ENSP00000264664,9606.ENSP00000267101,0.775,STRING
SMAD3,FOXA2,9606.ENSP00000332973,9606.ENSP00000400341,0.775,STRING
IL5,CSF2RA,9606.ENSP00000231454,9606.ENSP00000394227,0.774,STRING
APOB,PLG,9606.ENSP00000233242,9606.ENSP00000308938,0.774,STRING
PARP1,SOD2,9606.ENSP00000355759,9606.ENSP00000446252,0.774,STRING
TGFB1,PDGFRA,9606.ENSP00000221930,9606.ENSP00000257290,0.774,STRING
CACNG2,CACNA1S,9606.ENSP00000300105,9606.ENSP00000355192,0.774,STRING
GABRB3,GABRG3,9606.ENSP00000308725,9606.ENSP00000479113,0.774,STRING
SRSF2,SETBP1,9606.ENSP00000376276,9606.ENSP00000497406,0.774,STRING
HDAC3,RXRA,9606.ENSP00000302967,9606.ENSP00000419692,0.774,STRING
STK11,MYC,9606.ENSP00000324856,9606.ENSP00000478887,0.774,STRING
CACNG4,GRIN3A,9606.ENSP00000262138,9606.ENSP00000355155,0.774,STRING
CSF3R,SYK,9606.ENSP00000362195,9606.ENSP00000364898,0.774,STRING
ERBB4,INS,9606.ENSP00000342235,9606.ENSP00000380432,0.774,STRING
MMP7,TP53,9606.ENSP00000260227,9606.ENSP00000269305,0.774,STRING
TOP2B,AR,9606.ENSP00000264331,9606.ENSP00000363822,0.774,STRING
COL18A1,COL4A1,9606.ENSP00000352798,9606.ENSP00000364979,0.774,STRING
SRC,ANXA1,9606.ENSP00000362680,9606.ENSP00000366109,0.774,STRING
GABRG2,SCN2A,9606.ENSP00000410732,9606.ENSP00000490107,0.774,STRING
HGF,CSF1R,9606.ENSP00000222390,9606.ENSP00000286301,0.774,STRING
RYR2,TTN,9606.ENSP00000355533,9606.ENSP00000467141,0.774,STRING
ADRA1B,AGT,9606.ENSP00000306662,9606.ENSP00000355627,0.774,STRING
KRAS,CD274,9606.ENSP00000256078,9606.ENSP00000370989,0.774,STRING
NDUFA4L2,NDUFA6,9606.ENSP00000377411,9606.ENSP00000482543,0.774,STRING
MPO,HMGB1,9606.ENSP00000225275,9606.ENSP00000345347,0.774,STRING
ESR1,FGFR2,9606.ENSP00000405330,9606.ENSP00000410294,0.774,STRING
MAPK14,PTGS2,9606.ENSP00000229795,9606.ENSP00000356438,0.774,STRING
MINK1,TNIK,9606.ENSP00000347427,9606.ENSP00000399511,0.774,STRING
TRRAP,MTOR,9606.ENSP00000352925,9606.ENSP00000354558,0.774,STRING
GABBR2,GABRG3,9606.ENSP00000259455,9606.ENSP00000479113,0.774,STRING
CRP,REN,9606.ENSP00000255030,9606.ENSP00000272190,0.774,STRING
CD4,DPP4,9606.ENSP00000011653,9606.ENSP00000353731,0.774,STRING
NTRK2,SOS1,9606.ENSP00000277120,9606.ENSP00000384675,0.774,STRING
TP53,JAK1,9606.ENSP00000269305,9606.ENSP00000499900,0.774,STRING
INS,NR1H4,9606.ENSP00000380432,9606.ENSP00000447149,0.774,STRING
TP53,TYMS,9606.ENSP00000269305,9606.ENSP00000315644,0.774,STRING
ERBB2,CDKN2A,9606.ENSP00000269571,9606.ENSP00000418915,0.773,STRING
IL1B,GRIN2B,9606.ENSP00000263341,9606.ENSP00000477455,0.773,STRING
EP300,HDAC8,9606.ENSP00000263253,9606.ENSP00000362674,0.773,STRING
COL1A1,SMAD3,9606.ENSP00000225964,9606.ENSP00000332973,0.773,STRING
CD4,MBP,9606.ENSP00000011653,9606.ENSP00000380958,0.773,STRING
BRAF,CTLA4,9606.ENSP00000419060,9606.ENSP00000497102,0.773,STRING
F5,SERPINA1,9606.ENSP00000356771,9606.ENSP00000416066,0.773,STRING
SPP1,PIK3R1,9606.ENSP00000378517,9606.ENSP00000428056,0.773,STRING
CACNG4,GRIN1,9606.ENSP00000262138,9606.ENSP00000360608,0.773,STRING
PRDM1,CD40,9606.ENSP00000358092,9606.ENSP00000361359,0.773,STRING
TTR,FGA,9606.ENSP00000237014,9606.ENSP00000498441,0.773,STRING
CCND1,HNF4A,9606.ENSP00000227507,9606.ENSP00000312987,0.773,STRING
IL1RL1,IL18,9606.ENSP00000233954,9606.ENSP00000280357,0.773,STRING
IL4,STAT4,9606.ENSP00000231449,9606.ENSP00000351255,0.773,STRING
CDK4,TOP2A,9606.ENSP00000257904,9606.ENSP00000411532,0.773,STRING
IL5,CD86,9606.ENSP00000231454,9606.ENSP00000332049,0.773,STRING
TP53,NF2,9606.ENSP00000269305,9606.ENSP00000344666,0.773,STRING
PDGFRB,NGF,9606.ENSP00000261799,9606.ENSP00000358525,0.773,STRING
NPM1,BRCA1,9606.ENSP00000296930,9606.ENSP00000418960,0.773,STRING
TBX3,GATA4,9606.ENSP00000257566,9606.ENSP00000435712,0.773,STRING
APOB,ABCG5,9606.ENSP00000233242,9606.ENSP00000384513,0.773,STRING
KIT,ETV1,9606.ENSP00000288135,9606.ENSP00000405327,0.773,STRING
PLA2G6,PTGS2,9606.ENSP00000333142,9606.ENSP00000356438,0.773,STRING
STAT3,BRAF,9606.ENSP00000264657,9606.ENSP00000419060,0.773,STRING
PRKAG2,TNNT2,9606.ENSP00000287878,9606.ENSP00000499593,0.773,STRING
AURKA,LATS2,9606.ENSP00000216911,9606.ENSP00000372035,0.773,STRING
CSF3R,IL10,9606.ENSP00000362195,9606.ENSP00000412237,0.773,STRING
KIT,RUNX1,9606.ENSP00000288135,9606.ENSP00000300305,0.773,STRING
NOS3,ESR1,9606.ENSP00000297494,9606.ENSP00000405330,0.773,STRING
RXRA,CEBPA,9606.ENSP00000419692,9606.ENSP00000427514,0.773,STRING
GJA1,TNNI3,9606.ENSP00000282561,9606.ENSP00000341838,0.773,STRING
HDAC3,GATA3,9606.ENSP00000302967,9606.ENSP00000368632,0.773,STRING
NTRK2,FGF9,9606.ENSP00000277120,9606.ENSP00000371790,0.773,STRING
GRIN3B,CACNG4,9606.ENSP00000234389,9606.ENSP00000262138,0.773,STRING
KCNH2,CACNB2,9606.ENSP00000262186,9606.ENSP00000320025,0.773,STRING
IFNGR1,IL6R,9606.ENSP00000356713,9606.ENSP00000357470,0.773,STRING
ALB,PTGS2,9606.ENSP00000295897,9606.ENSP00000356438,0.772,STRING
CHRNB1,CHRNA4,9606.ENSP00000304290,9606.ENSP00000359285,0.772,STRING
GABRB1,GABRG3,9606.ENSP00000295454,9606.ENSP00000479113,0.772,STRING
IFNGR1,TNF,9606.ENSP00000356713,9606.ENSP00000398698,0.772,STRING
NF1,CDKN2A,9606.ENSP00000351015,9606.ENSP00000418915,0.772,STRING
GABBR1,GABRA2,9606.ENSP00000366233,9606.ENSP00000427603,0.772,STRING
GRIN2A,CACNG7,9606.ENSP00000332549,9606.ENSP00000375647,0.772,STRING
CACNA1H,CACNA1B,9606.ENSP00000334198,9606.ENSP00000360423,0.772,STRING
GRIN2A,DRD1,9606.ENSP00000332549,9606.ENSP00000377353,0.772,STRING
HRAS,LYN,9606.ENSP00000407586,9606.ENSP00000428924,0.772,STRING
CRP,VWF,9606.ENSP00000255030,9606.ENSP00000261405,0.772,STRING
IL5,GHR,9606.ENSP00000231454,9606.ENSP00000483403,0.772,STRING
SYK,IL2RA,9606.ENSP00000364898,9606.ENSP00000369293,0.772,STRING
CACNA1D,CACNA1B,9606.ENSP00000288139,9606.ENSP00000360423,0.772,STRING
ATM,TRRAP,9606.ENSP00000278616,9606.ENSP00000352925,0.772,STRING
GABRA1,CACNB4,9606.ENSP00000393097,9606.ENSP00000438949,0.772,STRING
MTOR,IL6,9606.ENSP00000354558,9606.ENSP00000385675,0.772,STRING
CD40LG,FOXP3,9606.ENSP00000359663,9606.ENSP00000365380,0.772,STRING
MYH9,CALM1,9606.ENSP00000216181,9606.ENSP00000499717,0.772,STRING
PDGFB,NTRK1,9606.ENSP00000330382,9606.ENSP00000431418,0.772,STRING
MAPK1,SOS1,9606.ENSP00000215832,9606.ENSP00000384675,0.772,STRING
MMP2,PLG,9606.ENSP00000219070,9606.ENSP00000308938,0.772,STRING
IL2RB,IL5,9606.ENSP00000216223,9606.ENSP00000231454,0.772,STRING
TGFBR2,PIK3R1,9606.ENSP00000351905,9606.ENSP00000428056,0.772,STRING
PAX8,TP53,9606.ENSP00000263334,9606.ENSP00000269305,0.772,STRING
FLNC,RHOA,9606.ENSP00000327145,9606.ENSP00000400175,0.772,STRING
EPHA3,EPHB2,9606.ENSP00000337451,9606.ENSP00000383053,0.772,STRING
NGF,FGFR1,9606.ENSP00000358525,9606.ENSP00000393312,0.772,STRING
MMP9,ESR1,9606.ENSP00000361405,9606.ENSP00000405330,0.772,STRING
RBX1,PSMB1,9606.ENSP00000216225,9606.ENSP00000262193,0.772,STRING
SMAD4,PBX1,9606.ENSP00000341551,9606.ENSP00000405890,0.772,STRING
IL12A,LEPR,9606.ENSP00000303231,9606.ENSP00000330393,0.772,STRING
TP53,ALK,9606.ENSP00000269305,9606.ENSP00000373700,0.772,STRING
PDE3B,GUCY1B1,9606.ENSP00000282096,9606.ENSP00000426786,0.772,STRING
MEN1,CASR,9606.ENSP00000337088,9606.ENSP00000420194,0.772,STRING
GRIN2C,CACNG7,9606.ENSP00000293190,9606.ENSP00000375647,0.772,STRING
ATRX,PBRM1,9606.ENSP00000362441,9606.ENSP00000386593,0.772,STRING
TLR7,BTK,9606.ENSP00000370034,9606.ENSP00000483570,0.772,STRING
SMPD1,PSAP,9606.ENSP00000340409,9606.ENSP00000378394,0.771,STRING
ERBB2,PDGFB,9606.ENSP00000269571,9606.ENSP00000330382,0.771,STRING
CDH1,AXIN1,9606.ENSP00000261769,9606.ENSP00000262320,0.771,STRING
FGFR1,TGFA,9606.ENSP00000393312,9606.ENSP00000404131,0.771,STRING
STAT5B,TET2,9606.ENSP00000293328,9606.ENSP00000442788,0.771,STRING
MAPT,CALM1,9606.ENSP00000340820,9606.ENSP00000499717,0.771,STRING
ERBB2,NF1,9606.ENSP00000269571,9606.ENSP00000351015,0.771,STRING
SOS1,NTRK1,9606.ENSP00000384675,9606.ENSP00000431418,0.771,STRING
IL7R,CTLA4,9606.ENSP00000306157,9606.ENSP00000497102,0.771,STRING
RBX1,CTNNB1,9606.ENSP00000216225,9606.ENSP00000495360,0.771,STRING
IL1B,HIF1A,9606.ENSP00000263341,9606.ENSP00000437955,0.771,STRING
ATR,ERCC2,9606.ENSP00000343741,9606.ENSP00000375809,0.771,STRING
CAV1,GLP1R,9606.ENSP00000339191,9606.ENSP00000362353,0.771,STRING
CAV1,NTRK1,9606.ENSP00000339191,9606.ENSP00000431418,0.771,STRING
KIT,FYN,9606.ENSP00000288135,9606.ENSP00000346671,0.771,STRING
CCR5,CD40LG,9606.ENSP00000292303,9606.ENSP00000359663,0.771,STRING
AKT1,PLCG2,9606.ENSP00000451828,9606.ENSP00000482457,0.771,STRING
TGFA,FGFR2,9606.ENSP00000404131,9606.ENSP00000410294,0.771,STRING
CCR2,TNF,9606.ENSP00000292301,9606.ENSP00000398698,0.771,STRING
HGF,FLT3,9606.ENSP00000222390,9606.ENSP00000241453,0.771,STRING
MPO,IL10,9606.ENSP00000225275,9606.ENSP00000412237,0.771,STRING
ALB,CD8A,9606.ENSP00000295897,9606.ENSP00000386559,0.771,STRING
STAG2,ASXL1,9606.ENSP00000218089,9606.ENSP00000364839,0.771,STRING
ATP4A,ACE,9606.ENSP00000262623,9606.ENSP00000290866,0.771,STRING
IL12A,STAT4,9606.ENSP00000303231,9606.ENSP00000351255,0.771,STRING
TNFRSF8,NCAM1,9606.ENSP00000263932,9606.ENSP00000480132,0.771,STRING
SMAD2,RUNX1,9606.ENSP00000262160,9606.ENSP00000300305,0.771,STRING
SCN1A,SCN8A,9606.ENSP00000303540,9606.ENSP00000346534,0.771,STRING
JAK3,CTLA4,9606.ENSP00000432511,9606.ENSP00000497102,0.771,STRING
GABRA3,GABRQ,9606.ENSP00000359337,9606.ENSP00000469332,0.771,STRING
NOD2,CARD14,9606.ENSP00000300589,9606.ENSP00000498071,0.771,STRING
CBL,IL6,9606.ENSP00000264033,9606.ENSP00000385675,0.771,STRING
AGT,ADRA1A,9606.ENSP00000355627,9606.ENSP00000369960,0.77,STRING
TP53,CD8A,9606.ENSP00000269305,9606.ENSP00000386559,0.77,STRING
RAC1,RHOA,9606.ENSP00000348461,9606.ENSP00000400175,0.77,STRING
GRIN1,GRIK2,9606.ENSP00000360608,9606.ENSP00000397026,0.77,STRING
DNMT1,PAX6,9606.ENSP00000352516,9606.ENSP00000492024,0.77,STRING
LEP,IL6R,9606.ENSP00000312652,9606.ENSP00000357470,0.77,STRING
SOX3,HESX1,9606.ENSP00000359567,9606.ENSP00000498190,0.77,STRING
CDH1,MAPK3,9606.ENSP00000261769,9606.ENSP00000263025,0.77,STRING
FBN1,TGFB2,9606.ENSP00000325527,9606.ENSP00000355896,0.77,STRING
HCK,PIK3CD,9606.ENSP00000365012,9606.ENSP00000366563,0.77,STRING
HDAC8,TBL1XR1,9606.ENSP00000362674,9606.ENSP00000405574,0.77,STRING
ERBB2,PGF,9606.ENSP00000269571,9606.ENSP00000451040,0.77,STRING
ATP4B,ATP1A2,9606.ENSP00000334216,9606.ENSP00000354490,0.77,STRING
FGF10,CXCL8,9606.ENSP00000264664,9606.ENSP00000306512,0.77,STRING
MAP3K1,BRCA1,9606.ENSP00000382423,9606.ENSP00000418960,0.77,STRING
NPR1,PDE6B,9606.ENSP00000357669,9606.ENSP00000420295,0.77,STRING
RAD51C,MUTYH,9606.ENSP00000336701,9606.ENSP00000500891,0.77,STRING
IL5,CD80,9606.ENSP00000231454,9606.ENSP00000264246,0.77,STRING
GABRB2,GABRA3,9606.ENSP00000274547,9606.ENSP00000359337,0.77,STRING
EZH2,SOX2,9606.ENSP00000320147,9606.ENSP00000323588,0.77,STRING
IRAK1,CD40,9606.ENSP00000358997,9606.ENSP00000361359,0.77,STRING
ADRA1D,AGTR1,9606.ENSP00000368766,9606.ENSP00000398832,0.77,STRING
NFKB1,TLR1,9606.ENSP00000226574,9606.ENSP00000354932,0.77,STRING
CD38,CD40LG,9606.ENSP00000226279,9606.ENSP00000359663,0.77,STRING
GATA3,BRCA1,9606.ENSP00000368632,9606.ENSP00000418960,0.77,STRING
IFNG,NOD2,9606.ENSP00000229135,9606.ENSP00000300589,0.77,STRING
GABBR2,GABRA6,9606.ENSP00000259455,9606.ENSP00000274545,0.77,STRING
CALM3,INS,9606.ENSP00000291295,9606.ENSP00000380432,0.77,STRING
IL33,TNF,9606.ENSP00000370842,9606.ENSP00000398698,0.77,STRING
IL2RB,TSLP,9606.ENSP00000216223,9606.ENSP00000339804,0.77,STRING
MET,ANGPT1,9606.ENSP00000317272,9606.ENSP00000428340,0.77,STRING
ACE2,TNF,9606.ENSP00000389326,9606.ENSP00000398698,0.77,STRING
NOD2,TNFSF15,9606.ENSP00000300589,9606.ENSP00000363157,0.77,STRING
GSR,GRIA3,9606.ENSP00000221130,9606.ENSP00000481554,0.77,STRING
AURKB,MECP2,9606.ENSP00000313950,9606.ENSP00000395535,0.77,STRING
CHRND,CHRNB4,9606.ENSP00000258385,9606.ENSP00000261751,0.769,STRING
EZH2,PRDM1,9606.ENSP00000320147,9606.ENSP00000358092,0.769,STRING
SRSF2,IDH1,9606.ENSP00000376276,9606.ENSP00000390265,0.769,STRING
APOE,ACHE,9606.ENSP00000252486,9606.ENSP00000303211,0.769,STRING
SPP1,TNFSF11,9606.ENSP00000378517,9606.ENSP00000381775,0.769,STRING
PDCD1,IDO1,9606.ENSP00000335062,9606.ENSP00000430950,0.769,STRING
FLT1,BDNF,9606.ENSP00000282397,9606.ENSP00000414303,0.769,STRING
NFKB1,MAP3K7,9606.ENSP00000226574,9606.ENSP00000358335,0.769,STRING
PDGFB,FGFR2,9606.ENSP00000330382,9606.ENSP00000410294,0.769,STRING
CACNG3,GRIN3B,9606.ENSP00000005284,9606.ENSP00000234389,0.769,STRING
HGF,NGF,9606.ENSP00000222390,9606.ENSP00000358525,0.769,STRING
IL33,IL4R,9606.ENSP00000370842,9606.ENSP00000379111,0.769,STRING
RPS27A,EGFR,9606.ENSP00000272317,9606.ENSP00000275493,0.769,STRING
IL12B,TYK2,9606.ENSP00000231228,9606.ENSP00000431885,0.769,STRING
SHBG,CYP19A1,9606.ENSP00000369816,9606.ENSP00000379683,0.769,STRING
SCN8A,KCNA2,9606.ENSP00000346534,9606.ENSP00000487785,0.769,STRING
SCN9A,TRPV1,9606.ENSP00000386306,9606.ENSP00000459962,0.769,STRING
GSK3A,MAP3K7,9606.ENSP00000222330,9606.ENSP00000358335,0.769,STRING
CCR5,JAK3,9606.ENSP00000292303,9606.ENSP00000432511,0.769,STRING
IFNG,MAPK14,9606.ENSP00000229135,9606.ENSP00000229795,0.769,STRING
GABRG1,GABRD,9606.ENSP00000295452,9606.ENSP00000367848,0.769,STRING
CSF2RB,IL6,9606.ENSP00000384053,9606.ENSP00000385675,0.769,STRING
TLR4,AKT1,9606.ENSP00000363089,9606.ENSP00000451828,0.769,STRING
FGF9,BDNF,9606.ENSP00000371790,9606.ENSP00000414303,0.769,STRING
RB1,BCL11B,9606.ENSP00000267163,9606.ENSP00000349723,0.769,STRING
ATP4B,ATP1A4,9606.ENSP00000334216,9606.ENSP00000357060,0.769,STRING
AURKA,ESR1,9606.ENSP00000216911,9606.ENSP00000405330,0.769,STRING
STAT4,SOD2,9606.ENSP00000351255,9606.ENSP00000446252,0.769,STRING
CD80,TLR7,9606.ENSP00000264246,9606.ENSP00000370034,0.769,STRING
APOE,MMP9,9606.ENSP00000252486,9606.ENSP00000361405,0.769,STRING
AURKA,GSK3B,9606.ENSP00000216911,9606.ENSP00000324806,0.769,STRING
ACVR1,FBXW7,9606.ENSP00000405004,9606.ENSP00000474725,0.769,STRING
F9,F5,9606.ENSP00000218099,9606.ENSP00000356771,0.769,STRING
SOX2,FOXC1,9606.ENSP00000323588,9606.ENSP00000493906,0.769,STRING
CD80,ITGAL,9606.ENSP00000264246,9606.ENSP00000349252,0.769,STRING
EZH2,JAK2,9606.ENSP00000320147,9606.ENSP00000371067,0.768,STRING
STAT4,PPIA,9606.ENSP00000351255,9606.ENSP00000419425,0.768,STRING
PTGS2,CTNNB1,9606.ENSP00000356438,9606.ENSP00000495360,0.768,STRING
AXIN1,RPS27A,9606.ENSP00000262320,9606.ENSP00000272317,0.768,STRING
HDAC5,TP53,9606.ENSP00000225983,9606.ENSP00000269305,0.768,STRING
RAD51B,POLD1,9606.ENSP00000419881,9606.ENSP00000472445,0.768,STRING
IRF4,MYC,9606.ENSP00000370343,9606.ENSP00000478887,0.768,STRING
RAC1,CTNNB1,9606.ENSP00000348461,9606.ENSP00000495360,0.768,STRING
CASP8,CTNNB1,9606.ENSP00000351273,9606.ENSP00000495360,0.768,STRING
SMAD2,MEN1,9606.ENSP00000262160,9606.ENSP00000337088,0.768,STRING
SH2B3,LCK,9606.ENSP00000345492,9606.ENSP00000477713,0.768,STRING
HBEGF,MMP7,9606.ENSP00000230990,9606.ENSP00000260227,0.768,STRING
NFKB1,TNFSF11,9606.ENSP00000226574,9606.ENSP00000381775,0.768,STRING
MSH2,PRIM1,9606.ENSP00000233146,9606.ENSP00000350491,0.768,STRING
PSMC5,SEM1,9606.ENSP00000310572,9606.ENSP00000481021,0.768,STRING
ATP4B,ATP1A3,9606.ENSP00000334216,9606.ENSP00000444688,0.768,STRING
KRAS,FBXW7,9606.ENSP00000256078,9606.ENSP00000474725,0.768,STRING
IDH2,NRAS,9606.ENSP00000331897,9606.ENSP00000358548,0.768,STRING
FTO,TCF7L2,9606.ENSP00000418823,9606.ENSP00000486891,0.768,STRING
ITGB3,PRKCB,9606.ENSP00000452786,9606.ENSP00000496129,0.768,STRING
GABRD,GABRG2,9606.ENSP00000367848,9606.ENSP00000410732,0.768,STRING
CDH1,CAV1,9606.ENSP00000261769,9606.ENSP00000339191,0.768,STRING
PDGFRA,ERBB2,9606.ENSP00000257290,9606.ENSP00000269571,0.768,STRING
IL5,IFNAR1,9606.ENSP00000231454,9606.ENSP00000270139,0.768,STRING
CACNA2D1,CACNA1G,9606.ENSP00000349320,9606.ENSP00000352011,0.768,STRING
CHUK,SPP1,9606.ENSP00000359424,9606.ENSP00000378517,0.768,STRING
CASR,SLC12A1,9606.ENSP00000420194,9606.ENSP00000495332,0.768,STRING
IFNAR1,IL13,9606.ENSP00000270139,9606.ENSP00000304915,0.768,STRING
GRIN2A,ERBB4,9606.ENSP00000332549,9606.ENSP00000342235,0.768,STRING
PSMB8,PSMB11,9606.ENSP00000364016,9606.ENSP00000386212,0.768,STRING
CDH1,DNMT1,9606.ENSP00000261769,9606.ENSP00000352516,0.768,STRING
STAT3,SMAD4,9606.ENSP00000264657,9606.ENSP00000341551,0.768,STRING
CHUK,TNFAIP3,9606.ENSP00000359424,9606.ENSP00000481570,0.768,STRING
EIF2AK4,MTOR,9606.ENSP00000263791,9606.ENSP00000354558,0.768,STRING
TRPA1,CALM3,9606.ENSP00000262209,9606.ENSP00000291295,0.767,STRING
RIPK2,NFKB1,9606.ENSP00000220751,9606.ENSP00000226574,0.767,STRING
GHSR,LEP,9606.ENSP00000241256,9606.ENSP00000312652,0.767,STRING
GRIA2,GRIK2,9606.ENSP00000296526,9606.ENSP00000397026,0.767,STRING
SHH,LMX1B,9606.ENSP00000297261,9606.ENSP00000347684,0.767,STRING
CACNG7,GRIN2B,9606.ENSP00000375647,9606.ENSP00000477455,0.767,STRING
NFKB1,HDAC3,9606.ENSP00000226574,9606.ENSP00000302967,0.767,STRING
KLKB1,SERPINC1,9606.ENSP00000264690,9606.ENSP00000356671,0.767,STRING
GABBR2,CHRNA2,9606.ENSP00000259455,9606.ENSP00000385026,0.767,STRING
NR3C1,BCL2,9606.ENSP00000231509,9606.ENSP00000381185,0.767,STRING
GABRB1,GABRA3,9606.ENSP00000295454,9606.ENSP00000359337,0.767,STRING
F2,F11,9606.ENSP00000308541,9606.ENSP00000384957,0.767,STRING
COL1A1,MMP1,9606.ENSP00000225964,9606.ENSP00000322788,0.767,STRING
POLE,RAD51B,9606.ENSP00000322570,9606.ENSP00000419881,0.767,STRING
SMAD2,PBX1,9606.ENSP00000262160,9606.ENSP00000405890,0.767,STRING
CACNG8,CACNB2,9606.ENSP00000270458,9606.ENSP00000320025,0.767,STRING
PDE6A,ABCA4,9606.ENSP00000255266,9606.ENSP00000359245,0.767,STRING
DPP4,ADORA2A,9606.ENSP00000353731,9606.ENSP00000480012,0.767,STRING
LCK,PTPN11,9606.ENSP00000477713,9606.ENSP00000489597,0.767,STRING
BDNF,NCAM1,9606.ENSP00000414303,9606.ENSP00000480132,0.767,STRING
PDE3B,GUCY1A1,9606.ENSP00000282096,9606.ENSP00000296518,0.767,STRING
CHRNA1,CHRNB4,9606.ENSP00000261007,9606.ENSP00000261751,0.767,STRING
REN,SLC12A1,9606.ENSP00000272190,9606.ENSP00000495332,0.767,STRING
AGT,PPARA,9606.ENSP00000355627,9606.ENSP00000385523,0.767,STRING
PAX6,FOXC1,9606.ENSP00000492024,9606.ENSP00000493906,0.767,STRING
NDUFB4,NDUFA4L2,9606.ENSP00000184266,9606.ENSP00000377411,0.767,STRING
RUNX2,CEBPA,9606.ENSP00000360493,9606.ENSP00000427514,0.767,STRING
CRP,CD8A,9606.ENSP00000255030,9606.ENSP00000386559,0.766,STRING
NRAS,TET2,9606.ENSP00000358548,9606.ENSP00000442788,0.766,STRING
FGF23,FLT1,9606.ENSP00000237837,9606.ENSP00000282397,0.766,STRING
PDGFB,ANGPT1,9606.ENSP00000330382,9606.ENSP00000428340,0.766,STRING
BRCA1,PIK3R1,9606.ENSP00000418960,9606.ENSP00000428056,0.766,STRING
CACNB2,CACNA1G,9606.ENSP00000320025,9606.ENSP00000352011,0.766,STRING
SCN5A,SCNN1A,9606.ENSP00000328968,9606.ENSP00000353292,0.766,STRING
CSK,CD3E,9606.ENSP00000220003,9606.ENSP00000354566,0.766,STRING
IL4,IL17F,9606.ENSP00000231449,9606.ENSP00000337432,0.766,STRING
RELB,MYD88,9606.ENSP00000221452,9606.ENSP00000498321,0.766,STRING
EP300,GATA2,9606.ENSP00000263253,9606.ENSP00000345681,0.766,STRING
FGF10,NTRK2,9606.ENSP00000264664,9606.ENSP00000277120,0.766,STRING
BRD4,PARP1,9606.ENSP00000263377,9606.ENSP00000355759,0.766,STRING
CBL,FGR,9606.ENSP00000264033,9606.ENSP00000363117,0.766,STRING
PTEN,MMP9,9606.ENSP00000361021,9606.ENSP00000361405,0.766,STRING
PGR,AR,9606.ENSP00000325120,9606.ENSP00000363822,0.766,STRING
COL1A1,RB1,9606.ENSP00000225964,9606.ENSP00000267163,0.766,STRING
GABRA5,GABRG3,9606.ENSP00000382953,9606.ENSP00000479113,0.766,STRING
TLR2,IL17A,9606.ENSP00000260010,9606.ENSP00000497968,0.766,STRING
GABRG1,GABRA5,9606.ENSP00000295452,9606.ENSP00000382953,0.766,STRING
IL2,STAT4,9606.ENSP00000226730,9606.ENSP00000351255,0.766,STRING
IL7R,CD3G,9606.ENSP00000306157,9606.ENSP00000431445,0.766,STRING
HDAC4,RUNX3,9606.ENSP00000264606,9606.ENSP00000382800,0.766,STRING
HDAC4,TBL1XR1,9606.ENSP00000264606,9606.ENSP00000405574,0.766,STRING
TNFRSF1A,CD8A,9606.ENSP00000162749,9606.ENSP00000386559,0.766,STRING
APP,B2M,9606.ENSP00000284981,9606.ENSP00000497910,0.766,STRING
STAT3,GHR,9606.ENSP00000264657,9606.ENSP00000483403,0.766,STRING
CD19,CTLA4,9606.ENSP00000313419,9606.ENSP00000497102,0.766,STRING
NCOR1,HNF4A,9606.ENSP00000268712,9606.ENSP00000312987,0.766,STRING
MAPK3,RUNX2,9606.ENSP00000263025,9606.ENSP00000360493,0.766,STRING
GAK,ATP13A2,9606.ENSP00000314499,9606.ENSP00000327214,0.766,STRING
FLT3,WT1,9606.ENSP00000241453,9606.ENSP00000368370,0.766,STRING
NRAS,NOTCH1,9606.ENSP00000358548,9606.ENSP00000498587,0.765,STRING
CSF1R,CSF2RA,9606.ENSP00000286301,9606.ENSP00000394227,0.765,STRING
PDE1C,GUCY1B1,9606.ENSP00000379496,9606.ENSP00000426786,0.765,STRING
ALB,GLP1R,9606.ENSP00000295897,9606.ENSP00000362353,0.765,STRING
CXCL8,PLAU,9606.ENSP00000306512,9606.ENSP00000361850,0.765,STRING
EGFR,HDAC1,9606.ENSP00000275493,9606.ENSP00000362649,0.765,STRING
MET,PLAU,9606.ENSP00000317272,9606.ENSP00000361850,0.765,STRING
PALB2,NDUFC1,9606.ENSP00000261584,9606.ENSP00000441126,0.765,STRING
CARD9,IFIH1,9606.ENSP00000360797,9606.ENSP00000497271,0.765,STRING
CHRND,CHRNA7,9606.ENSP00000258385,9606.ENSP00000407546,0.765,STRING
LMNA,BRCA1,9606.ENSP00000357283,9606.ENSP00000418960,0.765,STRING
GATA1,FLI1,9606.ENSP00000365858,9606.ENSP00000433488,0.765,STRING
GABRA1,SCN1B,9606.ENSP00000393097,9606.ENSP00000396915,0.765,STRING
KIT,NPM1,9606.ENSP00000288135,9606.ENSP00000296930,0.765,STRING
PPARG,MMP9,9606.ENSP00000287820,9606.ENSP00000361405,0.765,STRING
PPARG,CAV1,9606.ENSP00000287820,9606.ENSP00000339191,0.765,STRING
IL1B,PLAU,9606.ENSP00000263341,9606.ENSP00000361850,0.765,STRING
MTOR,BCL2,9606.ENSP00000354558,9606.ENSP00000381185,0.765,STRING
CDK7,BRCA1,9606.ENSP00000256443,9606.ENSP00000418960,0.765,STRING
RBX1,PSMA6,9606.ENSP00000216225,9606.ENSP00000261479,0.765,STRING
IFNG,TNFSF13B,9606.ENSP00000229135,9606.ENSP00000365048,0.765,STRING
TLR2,CSF1R,9606.ENSP00000260010,9606.ENSP00000286301,0.765,STRING
NFKB1,SMAD3,9606.ENSP00000226574,9606.ENSP00000332973,0.765,STRING
TLR4,FPR1,9606.ENSP00000363089,9606.ENSP00000471493,0.765,STRING
IL18,CD40LG,9606.ENSP00000280357,9606.ENSP00000359663,0.765,STRING
SOS1,AKT1,9606.ENSP00000384675,9606.ENSP00000451828,0.765,STRING
AR,KDM6A,9606.ENSP00000363822,9606.ENSP00000367203,0.765,STRING
ERBB2,FGFR3,9606.ENSP00000269571,9606.ENSP00000339824,0.765,STRING
RB1,DNMT1,9606.ENSP00000267163,9606.ENSP00000352516,0.765,STRING
CRP,SERPINC1,9606.ENSP00000255030,9606.ENSP00000356671,0.765,STRING
RARA,AKT1,9606.ENSP00000254066,9606.ENSP00000451828,0.765,STRING
KCNA5,KCNA3,9606.ENSP00000252321,9606.ENSP00000358784,0.765,STRING
APP,SERPINA1,9606.ENSP00000284981,9606.ENSP00000416066,0.764,STRING
CACNG4,GRIN2A,9606.ENSP00000262138,9606.ENSP00000332549,0.764,STRING
IL1B,ACE2,9606.ENSP00000263341,9606.ENSP00000389326,0.764,STRING
TP53,PRKAA1,9606.ENSP00000269305,9606.ENSP00000346148,0.764,STRING
TLR2,CCR2,9606.ENSP00000260010,9606.ENSP00000292301,0.764,STRING
LEP,SPP1,9606.ENSP00000312652,9606.ENSP00000378517,0.764,STRING
SCN1A,ARX,9606.ENSP00000303540,9606.ENSP00000368332,0.764,STRING
PROS1,FGA,9606.ENSP00000377783,9606.ENSP00000498441,0.764,STRING
PALB2,POLE,9606.ENSP00000261584,9606.ENSP00000322570,0.764,STRING
ERCC2,RAD51D,9606.ENSP00000375809,9606.ENSP00000466399,0.764,STRING
PPARG,TCF4,9606.ENSP00000287820,9606.ENSP00000381382,0.764,STRING
FANCA,CTNNB1,9606.ENSP00000373952,9606.ENSP00000495360,0.764,STRING
MMP2,PTGS2,9606.ENSP00000219070,9606.ENSP00000356438,0.764,STRING
NRAS,BCL2,9606.ENSP00000358548,9606.ENSP00000381185,0.764,STRING
FOXA1,MYC,9606.ENSP00000250448,9606.ENSP00000478887,0.764,STRING
CHRNA1,AIRE,9606.ENSP00000261007,9606.ENSP00000291582,0.764,STRING
SCN8A,SCN4A,9606.ENSP00000346534,9606.ENSP00000396320,0.764,STRING
SCNN1G,SCN5A,9606.ENSP00000300061,9606.ENSP00000328968,0.764,STRING
KRAS,ESR1,9606.ENSP00000256078,9606.ENSP00000405330,0.764,STRING
MLH1,NF1,9606.ENSP00000231790,9606.ENSP00000351015,0.764,STRING
IL7R,PRDM1,9606.ENSP00000306157,9606.ENSP00000358092,0.764,STRING
KRAS,JAK3,9606.ENSP00000256078,9606.ENSP00000432511,0.764,STRING
PDGFRA,TGFA,9606.ENSP00000257290,9606.ENSP00000404131,0.764,STRING
BMPR2,ALK,9606.ENSP00000363708,9606.ENSP00000373700,0.764,STRING
TGFA,AKT1,9606.ENSP00000404131,9606.ENSP00000451828,0.764,STRING
KCNA2,SCN2A,9606.ENSP00000487785,9606.ENSP00000490107,0.764,STRING
HGF,FGFR3,9606.ENSP00000222390,9606.ENSP00000339824,0.764,STRING
IL4,PTGS2,9606.ENSP00000231449,9606.ENSP00000356438,0.764,STRING
FGF23,REN,9606.ENSP00000237837,9606.ENSP00000272190,0.764,STRING
RARA,DNMT1,9606.ENSP00000254066,9606.ENSP00000352516,0.764,STRING
TGFB1,ITGB3,9606.ENSP00000221930,9606.ENSP00000452786,0.764,STRING
BRD4,TOP1,9606.ENSP00000263377,9606.ENSP00000354522,0.764,STRING
CCR5,FPR1,9606.ENSP00000292303,9606.ENSP00000471493,0.764,STRING
NBN,TP53,9606.ENSP00000265433,9606.ENSP00000269305,0.763,STRING
MAPK1,INS,9606.ENSP00000215832,9606.ENSP00000380432,0.763,STRING
NCOR1,KMT2D,9606.ENSP00000268712,9606.ENSP00000301067,0.763,STRING
GUCY1A1,PDE1A,9606.ENSP00000296518,9606.ENSP00000410309,0.763,STRING
AHR,CYP1B1,9606.ENSP00000242057,9606.ENSP00000478561,0.763,STRING
TLR1,IL1R1,9606.ENSP00000354932,9606.ENSP00000386380,0.763,STRING
MMP9,RHOA,9606.ENSP00000361405,9606.ENSP00000400175,0.763,STRING
U2AF1,IDH1,9606.ENSP00000291552,9606.ENSP00000390265,0.763,STRING
HDAC3,MECP2,9606.ENSP00000302967,9606.ENSP00000395535,0.763,STRING
ERBB2,AXL,9606.ENSP00000269571,9606.ENSP00000301178,0.763,STRING
GABRB2,GABRG3,9606.ENSP00000274547,9606.ENSP00000479113,0.763,STRING
CCND1,IL6,9606.ENSP00000227507,9606.ENSP00000385675,0.763,STRING
TRPA1,SCN10A,9606.ENSP00000262209,9606.ENSP00000390600,0.763,STRING
PDE6B,GUCY1B1,9606.ENSP00000420295,9606.ENSP00000426786,0.763,STRING
FGF23,KDR,9606.ENSP00000237837,9606.ENSP00000263923,0.763,STRING
ABL1,CDKN2A,9606.ENSP00000361423,9606.ENSP00000418915,0.763,STRING
TYMS,YES1,9606.ENSP00000315644,9606.ENSP00000462468,0.763,STRING
PRPH2,IMPDH1,9606.ENSP00000230381,9606.ENSP00000345096,0.763,STRING
PIK3CA,ABL1,9606.ENSP00000263967,9606.ENSP00000361423,0.763,STRING
RB1,ARID2,9606.ENSP00000267163,9606.ENSP00000335044,0.763,STRING
CACNA1C,KCNJ5,9606.ENSP00000266376,9606.ENSP00000433295,0.763,STRING
SCN5A,KCNJ5,9606.ENSP00000328968,9606.ENSP00000433295,0.763,STRING
LCK,NOTCH1,9606.ENSP00000477713,9606.ENSP00000498587,0.763,STRING
TNFRSF1A,IL2RA,9606.ENSP00000162749,9606.ENSP00000369293,0.763,STRING
TGFB1,ZFHX3,9606.ENSP00000221930,9606.ENSP00000493252,0.763,STRING
STAT5B,SYK,9606.ENSP00000293328,9606.ENSP00000364898,0.763,STRING
SLC6A4,ALDH2,9606.ENSP00000261707,9606.ENSP00000261733,0.763,STRING
STAT5B,GATA3,9606.ENSP00000293328,9606.ENSP00000368632,0.763,STRING
FLT3,INS,9606.ENSP00000241453,9606.ENSP00000380432,0.763,STRING
AQP2,SLC12A3,9606.ENSP00000199280,9606.ENSP00000402152,0.763,STRING
ZEB1,PTEN,9606.ENSP00000354487,9606.ENSP00000361021,0.763,STRING
TNNI3,RBM20,9606.ENSP00000341838,9606.ENSP00000358532,0.763,STRING
ATP4B,ATP1A1,9606.ENSP00000334216,9606.ENSP00000445306,0.763,STRING
IL1B,LYN,9606.ENSP00000263341,9606.ENSP00000428924,0.763,STRING
LEP,SHBG,9606.ENSP00000312652,9606.ENSP00000369816,0.763,STRING
CACNG8,GRIK2,9606.ENSP00000270458,9606.ENSP00000397026,0.763,STRING
CACNG4,GRIN2B,9606.ENSP00000262138,9606.ENSP00000477455,0.763,STRING
PLAU,IL6,9606.ENSP00000361850,9606.ENSP00000385675,0.763,STRING
SLC6A4,DRD1,9606.ENSP00000261707,9606.ENSP00000377353,0.763,STRING
ALB,NGF,9606.ENSP00000295897,9606.ENSP00000358525,0.763,STRING
TGFB1,IL2,9606.ENSP00000221930,9606.ENSP00000226730,0.763,STRING
PARP1,MYC,9606.ENSP00000355759,9606.ENSP00000478887,0.762,STRING
SCN5A,MYH6,9606.ENSP00000328968,9606.ENSP00000386041,0.762,STRING
CXCL8,MMP1,9606.ENSP00000306512,9606.ENSP00000322788,0.762,STRING
GABRA3,GABRG2,9606.ENSP00000359337,9606.ENSP00000410732,0.762,STRING
STAT4,CA1,9606.ENSP00000351255,9606.ENSP00000430656,0.762,STRING
CD274,FAS,9606.ENSP00000370989,9606.ENSP00000498466,0.762,STRING
TP53,ANXA1,9606.ENSP00000269305,9606.ENSP00000366109,0.762,STRING
MAPK3,MTOR,9606.ENSP00000263025,9606.ENSP00000354558,0.762,STRING
PDGFRA,TP53,9606.ENSP00000257290,9606.ENSP00000269305,0.762,STRING
HDAC7,BCL6,9606.ENSP00000080059,9606.ENSP00000384371,0.762,STRING
NFKB1,MAP2K1,9606.ENSP00000226574,9606.ENSP00000302486,0.762,STRING
TBL1XR1,HDAC2,9606.ENSP00000405574,9606.ENSP00000430432,0.762,STRING
EPHB4,HEY2,9606.ENSP00000350896,9606.ENSP00000357348,0.762,STRING
AAK1,ACE2,9606.ENSP00000386456,9606.ENSP00000389326,0.762,STRING
CDKAL1,JAZF1,9606.ENSP00000274695,9606.ENSP00000283928,0.762,STRING
DST,DSP,9606.ENSP00000307959,9606.ENSP00000369129,0.762,STRING
IL5,EGFR,9606.ENSP00000231454,9606.ENSP00000275493,0.762,STRING
PDE1A,GUCY1B1,9606.ENSP00000410309,9606.ENSP00000426786,0.762,STRING
TP53,DICER1,9606.ENSP00000269305,9606.ENSP00000437256,0.762,STRING
PIK3R1,CD3G,9606.ENSP00000428056,9606.ENSP00000431445,0.762,STRING
BCHE,MAOA,9606.ENSP00000264381,9606.ENSP00000340684,0.762,STRING
KRAS,IDH1,9606.ENSP00000256078,9606.ENSP00000390265,0.762,STRING
IDH1,FGFR2,9606.ENSP00000390265,9606.ENSP00000410294,0.762,STRING
STAT3,RUNX2,9606.ENSP00000264657,9606.ENSP00000360493,0.762,STRING
STAT3,RAF1,9606.ENSP00000264657,9606.ENSP00000401888,0.762,STRING
MAPK14,TLR4,9606.ENSP00000229795,9606.ENSP00000363089,0.762,STRING
CHRNA1,CHRNB2,9606.ENSP00000261007,9606.ENSP00000357461,0.762,STRING
AKT1,PTPN11,9606.ENSP00000451828,9606.ENSP00000489597,0.762,STRING
GUCY1A1,PDE10A,9606.ENSP00000296518,9606.ENSP00000355847,0.762,STRING
TEK,TGFA,9606.ENSP00000369375,9606.ENSP00000404131,0.762,STRING
CSK,FRK,9606.ENSP00000220003,9606.ENSP00000476145,0.762,STRING
CACNA1H,CACNA1A,9606.ENSP00000334198,9606.ENSP00000489829,0.762,STRING
WT1,PAX6,9606.ENSP00000368370,9606.ENSP00000492024,0.762,STRING
ATRX,SETD2,9606.ENSP00000362441,9606.ENSP00000386759,0.762,STRING
FLT3,LCK,9606.ENSP00000241453,9606.ENSP00000477713,0.762,STRING
KRAS,TGFA,9606.ENSP00000256078,9606.ENSP00000404131,0.762,STRING
BMP4,FSTL1,9606.ENSP00000245451,9606.ENSP00000295633,0.762,STRING
TLR7,IL1R1,9606.ENSP00000370034,9606.ENSP00000386380,0.762,STRING
CCR2,TLR7,9606.ENSP00000292301,9606.ENSP00000370034,0.761,STRING
ACHE,MAOA,9606.ENSP00000303211,9606.ENSP00000340684,0.761,STRING
BCL2,BRAF,9606.ENSP00000381185,9606.ENSP00000419060,0.761,STRING
TGFB2,BMPR2,9606.ENSP00000355896,9606.ENSP00000363708,0.761,STRING
MAPK14,TGFBR1,9606.ENSP00000229795,9606.ENSP00000447297,0.761,STRING
ROS1,CD274,9606.ENSP00000357494,9606.ENSP00000370989,0.761,STRING
AGT,ADRA1D,9606.ENSP00000355627,9606.ENSP00000368766,0.761,STRING
CREBBP,HDAC11,9606.ENSP00000262367,9606.ENSP00000295757,0.761,STRING
LEP,FTO,9606.ENSP00000312652,9606.ENSP00000418823,0.761,STRING
ADA,XDH,9606.ENSP00000361965,9606.ENSP00000368727,0.761,STRING
FANCD2,ATRX,9606.ENSP00000287647,9606.ENSP00000362441,0.761,STRING
LAMA5,COL1A2,9606.ENSP00000252999,9606.ENSP00000297268,0.761,STRING
IL13,IL1R1,9606.ENSP00000304915,9606.ENSP00000386380,0.761,STRING
AURKA,EZH2,9606.ENSP00000216911,9606.ENSP00000320147,0.761,STRING
CACNG8,GRIN2C,9606.ENSP00000270458,9606.ENSP00000293190,0.761,STRING
IFNGR1,IL17A,9606.ENSP00000356713,9606.ENSP00000497968,0.761,STRING
RARA,BCR,9606.ENSP00000254066,9606.ENSP00000303507,0.761,STRING
CETP,APP,9606.ENSP00000200676,9606.ENSP00000284981,0.761,STRING
CACNA1H,CACNB1,9606.ENSP00000334198,9606.ENSP00000377840,0.761,STRING
EP300,SETD2,9606.ENSP00000263253,9606.ENSP00000386759,0.761,STRING
CDH1,DSP,9606.ENSP00000261769,9606.ENSP00000369129,0.761,STRING
PDGFRB,BDNF,9606.ENSP00000261799,9606.ENSP00000414303,0.761,STRING
RUNX1,SMARCA4,9606.ENSP00000300305,9606.ENSP00000343896,0.761,STRING
GNAS,BRAF,9606.ENSP00000360141,9606.ENSP00000419060,0.761,STRING
KCNA5,SRC,9606.ENSP00000252321,9606.ENSP00000362680,0.761,STRING
TUBA3C,TUBB8,9606.ENSP00000382982,9606.ENSP00000456206,0.761,STRING
PPARA,HIF1A,9606.ENSP00000385523,9606.ENSP00000437955,0.761,STRING
VHL,CA9,9606.ENSP00000256474,9606.ENSP00000367608,0.761,STRING
ABCC9,SCN5A,9606.ENSP00000261200,9606.ENSP00000328968,0.761,STRING
AURKB,MYC,9606.ENSP00000313950,9606.ENSP00000478887,0.761,STRING
CHEK2,CDKN1A,9606.ENSP00000372023,9606.ENSP00000384849,0.761,STRING
TSC1,NF2,9606.ENSP00000298552,9606.ENSP00000344666,0.761,STRING
MMP2,IL10,9606.ENSP00000219070,9606.ENSP00000412237,0.761,STRING
MC4R,BDNF,9606.ENSP00000299766,9606.ENSP00000414303,0.761,STRING
CDH1,PTK2,9606.ENSP00000261769,9606.ENSP00000341189,0.761,STRING
MYD88,JAK1,9606.ENSP00000498321,9606.ENSP00000499900,0.76,STRING
CCR5,IL17A,9606.ENSP00000292303,9606.ENSP00000497968,0.76,STRING
HDAC5,GATA3,9606.ENSP00000225983,9606.ENSP00000368632,0.76,STRING
GABRE,GABRA1,9606.ENSP00000359353,9606.ENSP00000393097,0.76,STRING
ACE,CALM3,9606.ENSP00000290866,9606.ENSP00000291295,0.76,STRING
AURKB,KCNJ11,9606.ENSP00000313950,9606.ENSP00000345708,0.76,STRING
IL1B,RUNX2,9606.ENSP00000263341,9606.ENSP00000360493,0.76,STRING
CNR1,HTR2A,9606.ENSP00000358513,9606.ENSP00000437737,0.76,STRING
CCR2,CD86,9606.ENSP00000292301,9606.ENSP00000332049,0.76,STRING
CSF1R,BDNF,9606.ENSP00000286301,9606.ENSP00000414303,0.76,STRING
KCNJ2,GJA1,9606.ENSP00000243457,9606.ENSP00000282561,0.76,STRING
IL2RA,IL1R1,9606.ENSP00000369293,9606.ENSP00000386380,0.76,STRING
ERCC4,CHEK2,9606.ENSP00000310520,9606.ENSP00000372023,0.76,STRING
EZH2,PTEN,9606.ENSP00000320147,9606.ENSP00000361021,0.76,STRING
MMP2,HGF,9606.ENSP00000219070,9606.ENSP00000222390,0.76,STRING
PIK3CD,TYK2,9606.ENSP00000366563,9606.ENSP00000431885,0.76,STRING
F2,TNF,9606.ENSP00000308541,9606.ENSP00000398698,0.76,STRING
NFKB1,MTOR,9606.ENSP00000226574,9606.ENSP00000354558,0.76,STRING
STAT3,CAV1,9606.ENSP00000264657,9606.ENSP00000339191,0.759,STRING
RHOA,LYN,9606.ENSP00000400175,9606.ENSP00000428924,0.759,STRING
HDAC4,DNMT1,9606.ENSP00000264606,9606.ENSP00000352516,0.759,STRING
EPHA4,EPHA5,9606.ENSP00000281821,9606.ENSP00000480763,0.759,STRING
HCK,BTK,9606.ENSP00000365012,9606.ENSP00000483570,0.759,STRING
ESR2,SHBG,9606.ENSP00000343925,9606.ENSP00000369816,0.759,STRING
NOD2,IRAK1,9606.ENSP00000300589,9606.ENSP00000358997,0.759,STRING
TBK1,IRAK1,9606.ENSP00000329967,9606.ENSP00000358997,0.759,STRING
BRCA2,MYC,9606.ENSP00000369497,9606.ENSP00000478887,0.759,STRING
IKZF1,GATA3,9606.ENSP00000331614,9606.ENSP00000368632,0.759,STRING
SERPING1,F11,9606.ENSP00000278407,9606.ENSP00000384957,0.759,STRING
DDB1,ERCC4,9606.ENSP00000301764,9606.ENSP00000310520,0.759,STRING
KCNQ3,SPTBN4,9606.ENSP00000373648,9606.ENSP00000469242,0.759,STRING
HMGB1,ITGB3,9606.ENSP00000345347,9606.ENSP00000452786,0.759,STRING
HDAC3,HDAC9,9606.ENSP00000302967,9606.ENSP00000408617,0.759,STRING
NCOR1,MED12,9606.ENSP00000268712,9606.ENSP00000363193,0.759,STRING
FBXW7,PTPN11,9606.ENSP00000474725,9606.ENSP00000489597,0.759,STRING
GATA3,IL10,9606.ENSP00000368632,9606.ENSP00000412237,0.759,STRING
NFKB1,BTK,9606.ENSP00000226574,9606.ENSP00000483570,0.759,STRING
SMARCA4,DNMT1,9606.ENSP00000343896,9606.ENSP00000352516,0.759,STRING
IL13,MMP9,9606.ENSP00000304915,9606.ENSP00000361405,0.759,STRING
GCK,HNF1B,9606.ENSP00000223366,9606.ENSP00000480291,0.759,STRING
EPHB4,EPHA5,9606.ENSP00000350896,9606.ENSP00000480763,0.759,STRING
IL2,KRAS,9606.ENSP00000226730,9606.ENSP00000256078,0.759,STRING
EPHA2,CTNNB1,9606.ENSP00000351209,9606.ENSP00000495360,0.759,STRING
BCL2,CXCR4,9606.ENSP00000381185,9606.ENSP00000386884,0.759,STRING
ALB,MYC,9606.ENSP00000295897,9606.ENSP00000478887,0.759,STRING
ROCK2,BRCA2,9606.ENSP00000317985,9606.ENSP00000369497,0.759,STRING
CACNB2,RYR1,9606.ENSP00000320025,9606.ENSP00000352608,0.759,STRING
CACNB2,RYR2,9606.ENSP00000320025,9606.ENSP00000355533,0.759,STRING
IL12B,CSF3R,9606.ENSP00000231228,9606.ENSP00000362195,0.759,STRING
GRIN3B,CACNG8,9606.ENSP00000234389,9606.ENSP00000270458,0.758,STRING
TGFB1,INS,9606.ENSP00000221930,9606.ENSP00000380432,0.758,STRING
KCNQ2,SCN9A,9606.ENSP00000352035,9606.ENSP00000386306,0.758,STRING
CHEK2,CDKN2A,9606.ENSP00000372023,9606.ENSP00000418915,0.758,STRING
IL1B,IL7R,9606.ENSP00000263341,9606.ENSP00000306157,0.758,STRING
GNRHR,FGFR1,9606.ENSP00000226413,9606.ENSP00000393312,0.758,STRING
RYR1,DMD,9606.ENSP00000352608,9606.ENSP00000354923,0.758,STRING
MAPK3,PARP1,9606.ENSP00000263025,9606.ENSP00000355759,0.758,STRING
HCN4,PITX2,9606.ENSP00000261917,9606.ENSP00000495061,0.758,STRING
STAT3,CUX1,9606.ENSP00000264657,9606.ENSP00000353401,0.758,STRING
RUNX1,KMT2D,9606.ENSP00000300305,9606.ENSP00000301067,0.758,STRING
MLLT10,CTNNB1,9606.ENSP00000307411,9606.ENSP00000495360,0.758,STRING
CCND1,ZEB1,9606.ENSP00000227507,9606.ENSP00000354487,0.758,STRING
DES,NEFL,9606.ENSP00000363071,9606.ENSP00000482169,0.758,STRING
SOX2,HIF1A,9606.ENSP00000323588,9606.ENSP00000437955,0.758,STRING
GRM1,GRIN2B,9606.ENSP00000282753,9606.ENSP00000477455,0.758,STRING
FGF10,ALB,9606.ENSP00000264664,9606.ENSP00000295897,0.758,STRING
NR3C1,ARID1A,9606.ENSP00000231509,9606.ENSP00000320485,0.758,STRING
PSMB5,PRNP,9606.ENSP00000355325,9606.ENSP00000399376,0.758,STRING
PSMB5,PSMB11,9606.ENSP00000355325,9606.ENSP00000386212,0.758,STRING
RIPK1,RPS27A,9606.ENSP00000259808,9606.ENSP00000272317,0.758,STRING
MAPK3,ITGB3,9606.ENSP00000263025,9606.ENSP00000452786,0.758,STRING
NR3C1,CEBPA,9606.ENSP00000231509,9606.ENSP00000427514,0.758,STRING
FGF23,FLT3,9606.ENSP00000237837,9606.ENSP00000241453,0.758,STRING
PTEN,NOTCH1,9606.ENSP00000361021,9606.ENSP00000498587,0.758,STRING
SERPINA1,APOC1,9606.ENSP00000416066,9606.ENSP00000465356,0.758,STRING
NR1I2,ABCG2,9606.ENSP00000336528,9606.ENSP00000498246,0.758,STRING
TNF,IDO1,9606.ENSP00000398698,9606.ENSP00000430950,0.758,STRING
EGFR,SOX2,9606.ENSP00000275493,9606.ENSP00000323588,0.758,STRING
HDAC1,AKT1,9606.ENSP00000362649,9606.ENSP00000451828,0.758,STRING
EP300,TRRAP,9606.ENSP00000263253,9606.ENSP00000352925,0.758,STRING
IL2,CCR5,9606.ENSP00000226730,9606.ENSP00000292303,0.758,STRING
FLT1,NGF,9606.ENSP00000282397,9606.ENSP00000358525,0.758,STRING
CXCL8,JAK2,9606.ENSP00000306512,9606.ENSP00000371067,0.758,STRING
CALM3,GRIN2C,9606.ENSP00000291295,9606.ENSP00000293190,0.758,STRING
IL2,BCL2,9606.ENSP00000226730,9606.ENSP00000381185,0.758,STRING
CHUK,CTNNB1,9606.ENSP00000359424,9606.ENSP00000495360,0.757,STRING
ABL1,SOCS1,9606.ENSP00000361423,9606.ENSP00000496577,0.757,STRING
COL1A2,COL4A1,9606.ENSP00000297268,9606.ENSP00000364979,0.757,STRING
KMT2C,ARID1B,9606.ENSP00000262189,9606.ENSP00000490491,0.757,STRING
IL12B,IL6R,9606.ENSP00000231228,9606.ENSP00000357470,0.757,STRING
MAPK14,INS,9606.ENSP00000229795,9606.ENSP00000380432,0.757,STRING
GRIN2B,CTNNB1,9606.ENSP00000477455,9606.ENSP00000495360,0.757,STRING
CSF1R,PIK3CG,9606.ENSP00000286301,9606.ENSP00000419260,0.757,STRING
MAP2K1,JAK2,9606.ENSP00000302486,9606.ENSP00000371067,0.757,STRING
FLT4,INS,9606.ENSP00000261937,9606.ENSP00000380432,0.757,STRING
MMP1,PTGS2,9606.ENSP00000322788,9606.ENSP00000356438,0.757,STRING
VWF,TEK,9606.ENSP00000261405,9606.ENSP00000369375,0.757,STRING
MMP9,TNFSF11,9606.ENSP00000361405,9606.ENSP00000381775,0.757,STRING
MT-ND4L,NDUFAF4,9606.ENSP00000354728,9606.ENSP00000358272,0.757,STRING
SOX2,NFIB,9606.ENSP00000323588,9606.ENSP00000370340,0.757,STRING
NCOR1,ETV6,9606.ENSP00000268712,9606.ENSP00000379658,0.757,STRING
PLAT,BDNF,9606.ENSP00000220809,9606.ENSP00000414303,0.757,STRING
SOX2,TCF4,9606.ENSP00000323588,9606.ENSP00000381382,0.757,STRING
PDE4B,PDE4D,9606.ENSP00000342637,9606.ENSP00000345502,0.757,STRING
GLI3,AKT1,9606.ENSP00000379258,9606.ENSP00000451828,0.757,STRING
KCNQ3,SCN1B,9606.ENSP00000373648,9606.ENSP00000396915,0.757,STRING
NTRK3,NRAS,9606.ENSP00000354207,9606.ENSP00000358548,0.757,STRING
SH2B3,MPL,9606.ENSP00000345492,9606.ENSP00000361548,0.757,STRING
IL2,PDGFRB,9606.ENSP00000226730,9606.ENSP00000261799,0.757,STRING
IL4,PDGFRB,9606.ENSP00000231449,9606.ENSP00000261799,0.757,STRING
MMP13,IL6,9606.ENSP00000260302,9606.ENSP00000385675,0.757,STRING
CXCR4,ANGPT1,9606.ENSP00000386884,9606.ENSP00000428340,0.757,STRING
MAPK1,TNF,9606.ENSP00000215832,9606.ENSP00000398698,0.757,STRING
KIT,MC1R,9606.ENSP00000288135,9606.ENSP00000451605,0.757,STRING
RXRA,CTNNB1,9606.ENSP00000419692,9606.ENSP00000495360,0.757,STRING
PDE3B,PIK3CG,9606.ENSP00000282096,9606.ENSP00000419260,0.757,STRING
KRAS,NTRK3,9606.ENSP00000256078,9606.ENSP00000354207,0.757,STRING
TNFSF4,IL10,9606.ENSP00000281834,9606.ENSP00000412237,0.757,STRING
KRAS,PPARG,9606.ENSP00000256078,9606.ENSP00000287820,0.757,STRING
TGFB1,FSTL1,9606.ENSP00000221930,9606.ENSP00000295633,0.757,STRING
KRAS,EP300,9606.ENSP00000256078,9606.ENSP00000263253,0.757,STRING
IL4,BCL6,9606.ENSP00000231449,9606.ENSP00000384371,0.757,STRING
TP53,KMT2A,9606.ENSP00000269305,9606.ENSP00000436786,0.757,STRING
CDK4,PARP1,9606.ENSP00000257904,9606.ENSP00000355759,0.756,STRING
MAPK3,PTEN,9606.ENSP00000263025,9606.ENSP00000361021,0.756,STRING
TP53,IL10,9606.ENSP00000269305,9606.ENSP00000412237,0.756,STRING
SCN1B,KCNC2,9606.ENSP00000396915,9606.ENSP00000449253,0.756,STRING
CD8A,MYC,9606.ENSP00000386559,9606.ENSP00000478887,0.756,STRING
CACNA1C,CACNA1B,9606.ENSP00000266376,9606.ENSP00000360423,0.756,STRING
PPARD,HDAC1,9606.ENSP00000310928,9606.ENSP00000362649,0.756,STRING
NFKB1,SRC,9606.ENSP00000226574,9606.ENSP00000362680,0.756,STRING
KRAS,KMT2C,9606.ENSP00000256078,9606.ENSP00000262189,0.756,STRING
NLRP3,CARD9,9606.ENSP00000337383,9606.ENSP00000360797,0.756,STRING
SMAD3,WWOX,9606.ENSP00000332973,9606.ENSP00000457230,0.756,STRING
BRIP1,RAD51B,9606.ENSP00000259008,9606.ENSP00000419881,0.756,STRING
MSH6,NF1,9606.ENSP00000234420,9606.ENSP00000351015,0.756,STRING
BMP4,PITX2,9606.ENSP00000245451,9606.ENSP00000495061,0.756,STRING
CALM3,DRD2,9606.ENSP00000291295,9606.ENSP00000354859,0.756,STRING
CHRND,CHRNB2,9606.ENSP00000258385,9606.ENSP00000357461,0.756,STRING
CAV1,ITGB3,9606.ENSP00000339191,9606.ENSP00000452786,0.756,STRING
TBX5,YES1,9606.ENSP00000309913,9606.ENSP00000462468,0.756,STRING
SLC6A4,DDC,9606.ENSP00000261707,9606.ENSP00000403644,0.756,STRING
IL4,PDGFRA,9606.ENSP00000231449,9606.ENSP00000257290,0.756,STRING
EGFR,TNFSF11,9606.ENSP00000275493,9606.ENSP00000381775,0.756,STRING
ATM,FBXW7,9606.ENSP00000278616,9606.ENSP00000474725,0.756,STRING
CACNG3,CACNG2,9606.ENSP00000005284,9606.ENSP00000300105,0.756,STRING
CSF1R,P2RY12,9606.ENSP00000286301,9606.ENSP00000307259,0.756,STRING
RIPK2,TLR4,9606.ENSP00000220751,9606.ENSP00000363089,0.756,STRING
CACNG6,CACNA2D3,9606.ENSP00000252729,9606.ENSP00000419101,0.756,STRING
PROP1,GHR,9606.ENSP00000311290,9606.ENSP00000483403,0.756,STRING
TLR2,PTGS2,9606.ENSP00000260010,9606.ENSP00000356438,0.756,STRING
HMGA2,MYC,9606.ENSP00000437621,9606.ENSP00000478887,0.756,STRING
SMAD4,BRAF,9606.ENSP00000341551,9606.ENSP00000419060,0.756,STRING
GABRA4,GABRB2,9606.ENSP00000264318,9606.ENSP00000274547,0.756,STRING
SMAD4,ZEB1,9606.ENSP00000341551,9606.ENSP00000354487,0.756,STRING
SMAD2,SOX2,9606.ENSP00000262160,9606.ENSP00000323588,0.756,STRING
IL23R,JAK3,9606.ENSP00000321345,9606.ENSP00000432511,0.756,STRING
F10,F11,9606.ENSP00000364709,9606.ENSP00000384957,0.756,STRING
GRIA4,GRIK4,9606.ENSP00000282499,9606.ENSP00000435648,0.756,STRING
TP53,HDAC8,9606.ENSP00000269305,9606.ENSP00000362674,0.756,STRING
ITK,CTLA4,9606.ENSP00000398655,9606.ENSP00000497102,0.756,STRING
CDK4,TERT,9606.ENSP00000257904,9606.ENSP00000309572,0.756,STRING
CCND1,PBRM1,9606.ENSP00000227507,9606.ENSP00000386593,0.756,STRING
PDGFRA,CTNNB1,9606.ENSP00000257290,9606.ENSP00000495360,0.756,STRING
KRAS,CSF1R,9606.ENSP00000256078,9606.ENSP00000286301,0.755,STRING
PDE10A,NPR1,9606.ENSP00000355847,9606.ENSP00000357669,0.755,STRING
VWF,ANGPT1,9606.ENSP00000261405,9606.ENSP00000428340,0.755,STRING
KDR,RHOA,9606.ENSP00000263923,9606.ENSP00000400175,0.755,STRING
SMARCA4,PBX1,9606.ENSP00000343896,9606.ENSP00000405890,0.755,STRING
HDAC1,RXRA,9606.ENSP00000362649,9606.ENSP00000419692,0.755,STRING
EGFR,ESR2,9606.ENSP00000275493,9606.ENSP00000343925,0.755,STRING
EP300,FBXW7,9606.ENSP00000263253,9606.ENSP00000474725,0.755,STRING
CD40LG,FAS,9606.ENSP00000359663,9606.ENSP00000498466,0.755,STRING
MET,NGF,9606.ENSP00000317272,9606.ENSP00000358525,0.755,STRING
MET,PTEN,9606.ENSP00000317272,9606.ENSP00000361021,0.755,STRING
RAD51C,SEM1,9606.ENSP00000336701,9606.ENSP00000481021,0.755,STRING
CD40LG,CXCR4,9606.ENSP00000359663,9606.ENSP00000386884,0.755,STRING
PIK3CG,PTPN11,9606.ENSP00000419260,9606.ENSP00000489597,0.755,STRING
PDGFRA,NGF,9606.ENSP00000257290,9606.ENSP00000358525,0.755,STRING
CACNA1S,CACNA2D3,9606.ENSP00000355192,9606.ENSP00000419101,0.755,STRING
IL2RG,LCK,9606.ENSP00000363318,9606.ENSP00000477713,0.755,STRING
TP53,TET2,9606.ENSP00000269305,9606.ENSP00000442788,0.755,STRING
FGF23,FLT4,9606.ENSP00000237837,9606.ENSP00000261937,0.755,STRING
C3,F10,9606.ENSP00000245907,9606.ENSP00000364709,0.755,STRING
IRF4,IL10,9606.ENSP00000370343,9606.ENSP00000412237,0.755,STRING
GATA3,IL4R,9606.ENSP00000368632,9606.ENSP00000379111,0.755,STRING
PTK2,RELN,9606.ENSP00000341189,9606.ENSP00000392423,0.755,STRING
CD4,CSF1R,9606.ENSP00000011653,9606.ENSP00000286301,0.755,STRING
GRIN2D,CALM3,9606.ENSP00000263269,9606.ENSP00000291295,0.755,STRING
CYP51A1,EGR2,9606.ENSP00000003100,9606.ENSP00000242480,0.755,STRING
RAF1,MYC,9606.ENSP00000401888,9606.ENSP00000478887,0.755,STRING
CD4,B2M,9606.ENSP00000011653,9606.ENSP00000497910,0.755,STRING
ADRB2,AVPR2,9606.ENSP00000305372,9606.ENSP00000496396,0.755,STRING
KRAS,WT1,9606.ENSP00000256078,9606.ENSP00000368370,0.755,STRING
FGR,PIK3CD,9606.ENSP00000363117,9606.ENSP00000366563,0.755,STRING
MT-ND2,SRC,9606.ENSP00000355046,9606.ENSP00000362680,0.755,STRING
CXCL8,SPP1,9606.ENSP00000306512,9606.ENSP00000378517,0.755,STRING
MMP2,PLAU,9606.ENSP00000219070,9606.ENSP00000361850,0.755,STRING
IL2,IL17F,9606.ENSP00000226730,9606.ENSP00000337432,0.754,STRING
C5,CXCL8,9606.ENSP00000223642,9606.ENSP00000306512,0.754,STRING
IL2RG,FOXP3,9606.ENSP00000363318,9606.ENSP00000365380,0.754,STRING
ABCA1,NR1H4,9606.ENSP00000363868,9606.ENSP00000447149,0.754,STRING
MBP,NEFL,9606.ENSP00000380958,9606.ENSP00000482169,0.754,STRING
RBX1,SOCS1,9606.ENSP00000216225,9606.ENSP00000496577,0.754,STRING
RYR1,CACNA2D4,9606.ENSP00000352608,9606.ENSP00000372169,0.754,STRING
FGFR2,PIK3CB,9606.ENSP00000410294,9606.ENSP00000501150,0.754,STRING
GABBR2,GABRQ,9606.ENSP00000259455,9606.ENSP00000469332,0.754,STRING
IL2RB,TYK2,9606.ENSP00000216223,9606.ENSP00000431885,0.754,STRING
COL1A1,PTK2,9606.ENSP00000225964,9606.ENSP00000341189,0.754,STRING
CACNG1,CACNG6,9606.ENSP00000226021,9606.ENSP00000252729,0.754,STRING
CCR2,JAK3,9606.ENSP00000292301,9606.ENSP00000432511,0.754,STRING
EWSR1,ERG,9606.ENSP00000400142,9606.ENSP00000414150,0.754,STRING
BRD4,HDAC2,9606.ENSP00000263377,9606.ENSP00000430432,0.754,STRING
NRG1,NTRK1,9606.ENSP00000287842,9606.ENSP00000431418,0.754,STRING
TNFSF4,TNF,9606.ENSP00000281834,9606.ENSP00000398698,0.754,STRING
EPHA4,EPHB1,9606.ENSP00000281821,9606.ENSP00000381097,0.754,STRING
CACNG6,CACNA1H,9606.ENSP00000252729,9606.ENSP00000334198,0.754,STRING
CACNA1D,ATP1A1,9606.ENSP00000288139,9606.ENSP00000445306,0.754,STRING
FYN,CD3G,9606.ENSP00000346671,9606.ENSP00000431445,0.754,STRING
GABRA3,GABBR1,9606.ENSP00000359337,9606.ENSP00000366233,0.754,STRING
PDCD1,IL2RA,9606.ENSP00000335062,9606.ENSP00000369293,0.754,STRING
LAMA5,LAMA2,9606.ENSP00000252999,9606.ENSP00000400365,0.754,STRING
WT1,ZFPM2,9606.ENSP00000368370,9606.ENSP00000384179,0.754,STRING
NCOR1,SMARCB1,9606.ENSP00000268712,9606.ENSP00000340883,0.754,STRING
ABCC2,CYP3A4,9606.ENSP00000497274,9606.ENSP00000498939,0.754,STRING
SERPING1,SERPINC1,9606.ENSP00000278407,9606.ENSP00000356671,0.753,STRING
MMP9,COL4A1,9606.ENSP00000361405,9606.ENSP00000364979,0.753,STRING
MPO,SERPINA1,9606.ENSP00000225275,9606.ENSP00000416066,0.753,STRING
SERPINC1,ELANE,9606.ENSP00000356671,9606.ENSP00000466090,0.753,STRING
GSK3B,INS,9606.ENSP00000324806,9606.ENSP00000380432,0.753,STRING
STAT3,APP,9606.ENSP00000264657,9606.ENSP00000284981,0.753,STRING
ABCB4,NR1H4,9606.ENSP00000265723,9606.ENSP00000447149,0.753,STRING
NF1,ATRX,9606.ENSP00000351015,9606.ENSP00000362441,0.753,STRING
GUCY1A1,PDE6B,9606.ENSP00000296518,9606.ENSP00000420295,0.753,STRING
SCNN1B,SCN10A,9606.ENSP00000345751,9606.ENSP00000390600,0.753,STRING
SCNN1G,SCN10A,9606.ENSP00000300061,9606.ENSP00000390600,0.753,STRING
CD4,CD79A,9606.ENSP00000011653,9606.ENSP00000221972,0.753,STRING
CDK4,SMARCB1,9606.ENSP00000257904,9606.ENSP00000340883,0.753,STRING
ERBB4,GRIN2B,9606.ENSP00000342235,9606.ENSP00000477455,0.753,STRING
HMGB1,TNF,9606.ENSP00000345347,9606.ENSP00000398698,0.753,STRING
SPP1,CXCR4,9606.ENSP00000378517,9606.ENSP00000386884,0.753,STRING
SCN10A,SCN4A,9606.ENSP00000390600,9606.ENSP00000396320,0.753,STRING
TLR2,CD40LG,9606.ENSP00000260010,9606.ENSP00000359663,0.753,STRING
SSTR1,SSTR5,9606.ENSP00000267377,9606.ENSP00000293897,0.753,STRING
LATS2,CDKN1A,9606.ENSP00000372035,9606.ENSP00000384849,0.753,STRING
CHEK2,POLD1,9606.ENSP00000372023,9606.ENSP00000472445,0.753,STRING
CACNB3,RYR1,9606.ENSP00000301050,9606.ENSP00000352608,0.753,STRING
KIT,CSF3R,9606.ENSP00000288135,9606.ENSP00000362195,0.753,STRING
MAPK3,APP,9606.ENSP00000263025,9606.ENSP00000284981,0.753,STRING
PTGER1,PTGS2,9606.ENSP00000292513,9606.ENSP00000356438,0.753,STRING
STAT5B,IL10,9606.ENSP00000293328,9606.ENSP00000412237,0.753,STRING
TGFB1,NGF,9606.ENSP00000221930,9606.ENSP00000358525,0.753,STRING
CXCL8,FGF9,9606.ENSP00000306512,9606.ENSP00000371790,0.753,STRING
PTGIR,PTGS1,9606.ENSP00000291294,9606.ENSP00000354612,0.753,STRING
CD274,CXCR4,9606.ENSP00000370989,9606.ENSP00000386884,0.752,STRING
GLP1R,TCF7L2,9606.ENSP00000362353,9606.ENSP00000486891,0.752,STRING
F10,FGA,9606.ENSP00000364709,9606.ENSP00000498441,0.752,STRING
IFNG,SPP1,9606.ENSP00000229135,9606.ENSP00000378517,0.752,STRING
KCNH2,KCNQ4,9606.ENSP00000262186,9606.ENSP00000262916,0.752,STRING
MYC,FOXP1,9606.ENSP00000478887,9606.ENSP00000484803,0.752,STRING
GH1,JAK2,9606.ENSP00000312673,9606.ENSP00000371067,0.752,STRING
SLC47A1,ABCG2,9606.ENSP00000270570,9606.ENSP00000498246,0.752,STRING
MECP2,DLX5,9606.ENSP00000395535,9606.ENSP00000498116,0.752,STRING
CCND1,ARID1A,9606.ENSP00000227507,9606.ENSP00000320485,0.752,STRING
SRC,AVPR2,9606.ENSP00000362680,9606.ENSP00000496396,0.752,STRING
TNNC1,MYH6,9606.ENSP00000232975,9606.ENSP00000386041,0.752,STRING
SCN10A,SCN2A,9606.ENSP00000390600,9606.ENSP00000490107,0.752,STRING
ARID1A,PGR,9606.ENSP00000320485,9606.ENSP00000325120,0.752,STRING
LCK,BTK,9606.ENSP00000477713,9606.ENSP00000483570,0.752,STRING
CD86,IL17A,9606.ENSP00000332049,9606.ENSP00000497968,0.752,STRING
GABRG1,GABRA3,9606.ENSP00000295452,9606.ENSP00000359337,0.752,STRING
IRF4,RUNX3,9606.ENSP00000370343,9606.ENSP00000382800,0.752,STRING
CHRNA4,KCNQ3,9606.ENSP00000359285,9606.ENSP00000373648,0.752,STRING
GRIA1,GRIK4,9606.ENSP00000428994,9606.ENSP00000435648,0.752,STRING
RPS27A,PTEN,9606.ENSP00000272317,9606.ENSP00000361021,0.752,STRING
CDK6,CTNNB1,9606.ENSP00000265734,9606.ENSP00000495360,0.752,STRING
HDAC6,HIF1A,9606.ENSP00000365804,9606.ENSP00000437955,0.752,STRING
HDAC2,GATA4,9606.ENSP00000430432,9606.ENSP00000435712,0.752,STRING
INSR,SOS1,9606.ENSP00000303830,9606.ENSP00000384675,0.752,STRING
PRKAG2,LMNA,9606.ENSP00000287878,9606.ENSP00000357283,0.752,STRING
TERT,SOX2,9606.ENSP00000309572,9606.ENSP00000323588,0.752,STRING
TLR7,CD274,9606.ENSP00000370034,9606.ENSP00000370989,0.752,STRING
ERBB2,IL6,9606.ENSP00000269571,9606.ENSP00000385675,0.752,STRING
EGFR,CDKN1A,9606.ENSP00000275493,9606.ENSP00000384849,0.752,STRING
STAT5B,CSF3R,9606.ENSP00000293328,9606.ENSP00000362195,0.752,STRING
ERBB2,ANGPT2,9606.ENSP00000269571,9606.ENSP00000314897,0.752,STRING
HIF1A,IGF1R,9606.ENSP00000437955,9606.ENSP00000497069,0.752,STRING
IFNG,MMP9,9606.ENSP00000229135,9606.ENSP00000361405,0.751,STRING
PTGER4,PTGS1,9606.ENSP00000302846,9606.ENSP00000354612,0.751,STRING
EGFR,PARP1,9606.ENSP00000275493,9606.ENSP00000355759,0.751,STRING
SYK,SOS1,9606.ENSP00000364898,9606.ENSP00000384675,0.751,STRING
NFKB1,CDKN1A,9606.ENSP00000226574,9606.ENSP00000384849,0.751,STRING
GRIN2D,CACNG5,9606.ENSP00000263269,9606.ENSP00000436836,0.751,STRING
ACHE,PSEN1,9606.ENSP00000303211,9606.ENSP00000326366,0.751,STRING
SCN3A,KCNQ2,9606.ENSP00000283254,9606.ENSP00000352035,0.751,STRING
IL10,HIF1A,9606.ENSP00000412237,9606.ENSP00000437955,0.751,STRING
SMARCA4,NF1,9606.ENSP00000343896,9606.ENSP00000351015,0.751,STRING
APOB,IL6,9606.ENSP00000233242,9606.ENSP00000385675,0.751,STRING
CREBBP,CDKN2A,9606.ENSP00000262367,9606.ENSP00000418915,0.751,STRING
CACNG7,CACNG5,9606.ENSP00000375647,9606.ENSP00000436836,0.751,STRING
CDH1,RHOA,9606.ENSP00000261769,9606.ENSP00000400175,0.751,STRING
CRP,IL17A,9606.ENSP00000255030,9606.ENSP00000497968,0.751,STRING
ACVRL1,FKBP1A,9606.ENSP00000373574,9606.ENSP00000383003,0.751,STRING
PMS2,TGFBR2,9606.ENSP00000265849,9606.ENSP00000351905,0.751,STRING
LYN,SOCS1,9606.ENSP00000428924,9606.ENSP00000496577,0.751,STRING
CAV1,LYN,9606.ENSP00000339191,9606.ENSP00000428924,0.751,STRING
GRIN1,CACNG5,9606.ENSP00000360608,9606.ENSP00000436836,0.751,STRING
HDAC5,HDAC2,9606.ENSP00000225983,9606.ENSP00000430432,0.751,STRING
CCR2,IL17A,9606.ENSP00000292301,9606.ENSP00000497968,0.751,STRING
CCR5,CD40,9606.ENSP00000292303,9606.ENSP00000361359,0.751,STRING
GBA,PLA2G6,9606.ENSP00000314508,9606.ENSP00000333142,0.751,STRING
ERBB2,NTRK1,9606.ENSP00000269571,9606.ENSP00000431418,0.751,STRING
CD38,PDCD1,9606.ENSP00000226279,9606.ENSP00000335062,0.751,STRING
IL2RA,IL4R,9606.ENSP00000369293,9606.ENSP00000379111,0.751,STRING
CCND1,MAP2K1,9606.ENSP00000227507,9606.ENSP00000302486,0.751,STRING
GRIK2,GRIA1,9606.ENSP00000397026,9606.ENSP00000428994,0.751,STRING
SCN5A,SCNN1B,9606.ENSP00000328968,9606.ENSP00000345751,0.751,STRING
RARA,PBX1,9606.ENSP00000254066,9606.ENSP00000405890,0.751,STRING
TNFSF11,AKT1,9606.ENSP00000381775,9606.ENSP00000451828,0.751,STRING
NPM1,ETV6,9606.ENSP00000296930,9606.ENSP00000379658,0.751,STRING
ALB,PPARA,9606.ENSP00000295897,9606.ENSP00000385523,0.751,STRING
PLAU,TNF,9606.ENSP00000361850,9606.ENSP00000398698,0.751,STRING
IL2,CCR2,9606.ENSP00000226730,9606.ENSP00000292301,0.751,STRING
IL1B,IL23R,9606.ENSP00000263341,9606.ENSP00000321345,0.751,STRING
OXTR,ESR1,9606.ENSP00000324270,9606.ENSP00000405330,0.751,STRING
CDKN2C,CDKN2B,9606.ENSP00000262662,9606.ENSP00000276925,0.751,STRING
ATRX,ARID1B,9606.ENSP00000362441,9606.ENSP00000490491,0.751,STRING
CREBBP,HNF1A,9606.ENSP00000262367,9606.ENSP00000438804,0.751,STRING
SEM1,PSMC3,9606.ENSP00000481021,9606.ENSP00000481029,0.75,STRING
TP53,DDX3X,9606.ENSP00000269305,9606.ENSP00000494040,0.75,STRING
FKBP1A,CALM1,9606.ENSP00000383003,9606.ENSP00000499717,0.75,STRING
FYN,PIK3CG,9606.ENSP00000346671,9606.ENSP00000419260,0.75,STRING
EPAS1,CTNNB1,9606.ENSP00000263734,9606.ENSP00000495360,0.75,STRING
IL23A,STAT3,9606.ENSP00000228534,9606.ENSP00000264657,0.75,STRING
NFE2L2,HIF1A,9606.ENSP00000380252,9606.ENSP00000437955,0.75,STRING
PLA2G6,ALOX5,9606.ENSP00000333142,9606.ENSP00000363512,0.75,STRING
CHUK,SRC,9606.ENSP00000359424,9606.ENSP00000362680,0.75,STRING
PDE3B,NPR1,9606.ENSP00000282096,9606.ENSP00000357669,0.75,STRING
CDK4,SMARCA4,9606.ENSP00000257904,9606.ENSP00000343896,0.75,STRING
TSC2,FKBP1A,9606.ENSP00000219476,9606.ENSP00000383003,0.75,STRING
KMT2C,RUNX1,9606.ENSP00000262189,9606.ENSP00000300305,0.75,STRING
RPS27A,CDKN2A,9606.ENSP00000272317,9606.ENSP00000418915,0.75,STRING
CXCR4,AKT1,9606.ENSP00000386884,9606.ENSP00000451828,0.75,STRING
PRF1,LCK,9606.ENSP00000398568,9606.ENSP00000477713,0.75,STRING
INS,BDNF,9606.ENSP00000380432,9606.ENSP00000414303,0.75,STRING
PDE3B,GUCY1A2,9606.ENSP00000282096,9606.ENSP00000282249,0.75,STRING
NFE2L2,CDKN1A,9606.ENSP00000380252,9606.ENSP00000384849,0.75,STRING
CD3D,CD40LG,9606.ENSP00000300692,9606.ENSP00000359663,0.75,STRING
PDE6C,GUCY1B1,9606.ENSP00000360502,9606.ENSP00000426786,0.75,STRING
HDAC3,GATA2,9606.ENSP00000302967,9606.ENSP00000345681,0.75,STRING
PSMD2,PRNP,9606.ENSP00000310129,9606.ENSP00000399376,0.75,STRING
NF1,BRCA2,9606.ENSP00000351015,9606.ENSP00000369497,0.75,STRING
SCNN1A,SCN10A,9606.ENSP00000353292,9606.ENSP00000390600,0.75,STRING
NF1,IDH1,9606.ENSP00000351015,9606.ENSP00000390265,0.75,STRING
CD86,IL1R1,9606.ENSP00000332049,9606.ENSP00000386380,0.75,STRING
HGF,NTRK2,9606.ENSP00000222390,9606.ENSP00000277120,0.75,STRING
ANGPT2,IL6,9606.ENSP00000314897,9606.ENSP00000385675,0.75,STRING
TGFB1,HSPG2,9606.ENSP00000221930,9606.ENSP00000363827,0.75,STRING
HNF4A,SRC,9606.ENSP00000312987,9606.ENSP00000362680,0.75,STRING
KCNK3,SCN10A,9606.ENSP00000306275,9606.ENSP00000390600,0.75,STRING
TP53,SRSF2,9606.ENSP00000269305,9606.ENSP00000376276,0.75,STRING
CD40,CXCR4,9606.ENSP00000361359,9606.ENSP00000386884,0.75,STRING
KMT2C,SMARCB1,9606.ENSP00000262189,9606.ENSP00000340883,0.749,STRING
CACNA1D,ATP1A4,9606.ENSP00000288139,9606.ENSP00000357060,0.749,STRING
RUNX3,CD8A,9606.ENSP00000382800,9606.ENSP00000386559,0.749,STRING
TLR2,CD80,9606.ENSP00000260010,9606.ENSP00000264246,0.749,STRING
HTR1E,HTR1B,9606.ENSP00000307766,9606.ENSP00000358963,0.749,STRING
F9,MBL2,9606.ENSP00000218099,9606.ENSP00000363079,0.749,STRING
WFS1,ABCC8,9606.ENSP00000226760,9606.ENSP00000494321,0.749,STRING
IL23R,TSLP,9606.ENSP00000321345,9606.ENSP00000339804,0.749,STRING
RELB,TNF,9606.ENSP00000221452,9606.ENSP00000398698,0.749,STRING
PARP1,CTNNB1,9606.ENSP00000355759,9606.ENSP00000495360,0.749,STRING
IFNG,LCK,9606.ENSP00000229135,9606.ENSP00000477713,0.749,STRING
NGF,RHOA,9606.ENSP00000358525,9606.ENSP00000400175,0.749,STRING
GABRA5,GABRA1,9606.ENSP00000382953,9606.ENSP00000393097,0.749,STRING
CD3D,MS4A1,9606.ENSP00000300692,9606.ENSP00000433277,0.749,STRING
TRPA1,SCN9A,9606.ENSP00000262209,9606.ENSP00000386306,0.749,STRING
MAP2K1,BCL2,9606.ENSP00000302486,9606.ENSP00000381185,0.749,STRING
IL4,STAT5B,9606.ENSP00000231449,9606.ENSP00000293328,0.749,STRING
SSTR5,DRD2,9606.ENSP00000293897,9606.ENSP00000354859,0.749,STRING
ANGPT2,FGFR2,9606.ENSP00000314897,9606.ENSP00000410294,0.749,STRING
SLC6A3,LRRK2,9606.ENSP00000270349,9606.ENSP00000298910,0.749,STRING
KCNQ1,KCNJ11,9606.ENSP00000155840,9606.ENSP00000345708,0.749,STRING
NR1I2,CYP2C19,9606.ENSP00000336528,9606.ENSP00000360372,0.749,STRING
PSMB11,PSMD6,9606.ENSP00000386212,9606.ENSP00000418695,0.749,STRING
MAPK14,FYN,9606.ENSP00000229795,9606.ENSP00000346671,0.749,STRING
CD4,FURIN,9606.ENSP00000011653,9606.ENSP00000483552,0.749,STRING
ITGAL,SRC,9606.ENSP00000349252,9606.ENSP00000362680,0.749,STRING
GRID2,GRIK5,9606.ENSP00000282020,9606.ENSP00000301218,0.749,STRING
CARD9,TLR4,9606.ENSP00000360797,9606.ENSP00000363089,0.749,STRING
REN,KL,9606.ENSP00000272190,9606.ENSP00000369442,0.749,STRING
CHRNB1,CHRNA3,9606.ENSP00000304290,9606.ENSP00000315602,0.749,STRING
TLR1,CD8A,9606.ENSP00000354932,9606.ENSP00000386559,0.749,STRING
IL2,IL1R1,9606.ENSP00000226730,9606.ENSP00000386380,0.749,STRING
IL1B,NFE2L2,9606.ENSP00000263341,9606.ENSP00000380252,0.749,STRING
IL6,GHR,9606.ENSP00000385675,9606.ENSP00000483403,0.749,STRING
MEN1,SMAD4,9606.ENSP00000337088,9606.ENSP00000341551,0.749,STRING
SMAD2,INSR,9606.ENSP00000262160,9606.ENSP00000303830,0.749,STRING
NPM1,ESR1,9606.ENSP00000296930,9606.ENSP00000405330,0.749,STRING
CCND1,KIT,9606.ENSP00000227507,9606.ENSP00000288135,0.749,STRING
MTNR1B,GCKR,9606.ENSP00000257068,9606.ENSP00000264717,0.749,STRING
PPARG,KCNJ11,9606.ENSP00000287820,9606.ENSP00000345708,0.748,STRING
ITGB2,LYN,9606.ENSP00000380948,9606.ENSP00000428924,0.748,STRING
FGF9,GATA4,9606.ENSP00000371790,9606.ENSP00000435712,0.748,STRING
IL1B,IDO1,9606.ENSP00000263341,9606.ENSP00000430950,0.748,STRING
SLC6A3,HTR1B,9606.ENSP00000270349,9606.ENSP00000358963,0.748,STRING
HTR1A,HTR3A,9606.ENSP00000316244,9606.ENSP00000347754,0.748,STRING
GABBR2,CALCR,9606.ENSP00000259455,9606.ENSP00000352561,0.748,STRING
SPP1,IL6,9606.ENSP00000378517,9606.ENSP00000385675,0.748,STRING
ALB,BCL2,9606.ENSP00000295897,9606.ENSP00000381185,0.748,STRING
CACNA1H,SCN1B,9606.ENSP00000334198,9606.ENSP00000396915,0.748,STRING
IL23A,IL7R,9606.ENSP00000228534,9606.ENSP00000306157,0.748,STRING
COL4A2,ITGB3,9606.ENSP00000353654,9606.ENSP00000452786,0.748,STRING
IL6,SOCS1,9606.ENSP00000385675,9606.ENSP00000496577,0.748,STRING
GSK3A,LRP6,9606.ENSP00000222330,9606.ENSP00000261349,0.748,STRING
TBX5,PITX2,9606.ENSP00000309913,9606.ENSP00000495061,0.748,STRING
CACNG2,HTR3A,9606.ENSP00000300105,9606.ENSP00000347754,0.748,STRING
IL1B,PTGS1,9606.ENSP00000263341,9606.ENSP00000354612,0.748,STRING
ERBB3,NGF,9606.ENSP00000267101,9606.ENSP00000358525,0.748,STRING
TLR2,CD8A,9606.ENSP00000260010,9606.ENSP00000386559,0.748,STRING
F9,VKORC1,9606.ENSP00000218099,9606.ENSP00000378426,0.748,STRING
GRIN3B,HTR3A,9606.ENSP00000234389,9606.ENSP00000347754,0.748,STRING
CACNG5,GRIN2B,9606.ENSP00000436836,9606.ENSP00000477455,0.748,STRING
FGF10,TBX5,9606.ENSP00000264664,9606.ENSP00000309913,0.748,STRING
ERBB2,ATM,9606.ENSP00000269571,9606.ENSP00000278616,0.748,STRING
CYP19A1,AKT1,9606.ENSP00000379683,9606.ENSP00000451828,0.748,STRING
HCK,ITGB2,9606.ENSP00000365012,9606.ENSP00000380948,0.748,STRING
AGT,ADRA2C,9606.ENSP00000355627,9606.ENSP00000386069,0.748,STRING
RAC1,CALM1,9606.ENSP00000348461,9606.ENSP00000499717,0.748,STRING
ALB,TNNI3,9606.ENSP00000295897,9606.ENSP00000341838,0.748,STRING
CACNG8,CACNG2,9606.ENSP00000270458,9606.ENSP00000300105,0.748,STRING
BARD1,POLD1,9606.ENSP00000260947,9606.ENSP00000472445,0.748,STRING
STK11,AKT1,9606.ENSP00000324856,9606.ENSP00000451828,0.748,STRING
STAT5B,FOXP3,9606.ENSP00000293328,9606.ENSP00000365380,0.748,STRING
FLT3,PDGFB,9606.ENSP00000241453,9606.ENSP00000330382,0.748,STRING
CALCR,GABBR1,9606.ENSP00000352561,9606.ENSP00000366233,0.748,STRING
NFKB1,GATA3,9606.ENSP00000226574,9606.ENSP00000368632,0.748,STRING
EGFR,LCK,9606.ENSP00000275493,9606.ENSP00000477713,0.748,STRING
TET2,SETBP1,9606.ENSP00000442788,9606.ENSP00000497406,0.748,STRING
RELB,ANK1,9606.ENSP00000221452,9606.ENSP00000265709,0.748,STRING
EGFR,PIK3CG,9606.ENSP00000275493,9606.ENSP00000419260,0.748,STRING
CSF1R,TGFA,9606.ENSP00000286301,9606.ENSP00000404131,0.748,STRING
EZH2,GATA4,9606.ENSP00000320147,9606.ENSP00000435712,0.748,STRING
CACNG3,GRIN2D,9606.ENSP00000005284,9606.ENSP00000263269,0.748,STRING
AVPR1A,GNAS,9606.ENSP00000299178,9606.ENSP00000360141,0.747,STRING
CACNA1H,CACNA1E,9606.ENSP00000334198,9606.ENSP00000356545,0.747,STRING
COL1A1,SPP1,9606.ENSP00000225964,9606.ENSP00000378517,0.747,STRING
CD86,TLR9,9606.ENSP00000332049,9606.ENSP00000353874,0.747,STRING
ALB,F5,9606.ENSP00000295897,9606.ENSP00000356771,0.747,STRING
NGF,IL6,9606.ENSP00000358525,9606.ENSP00000385675,0.747,STRING
PIK3CA,RAC1,9606.ENSP00000263967,9606.ENSP00000348461,0.747,STRING
ATP1A2,ABCG5,9606.ENSP00000354490,9606.ENSP00000384513,0.747,STRING
CACNG6,RYR1,9606.ENSP00000252729,9606.ENSP00000352608,0.747,STRING
FGFR3,BDNF,9606.ENSP00000339824,9606.ENSP00000414303,0.747,STRING
RORA,GATA3,9606.ENSP00000261523,9606.ENSP00000368632,0.747,STRING
ATM,CHUK,9606.ENSP00000278616,9606.ENSP00000359424,0.747,STRING
CACNG2,GRIK2,9606.ENSP00000300105,9606.ENSP00000397026,0.747,STRING
CDH1,CXCR4,9606.ENSP00000261769,9606.ENSP00000386884,0.747,STRING
KRAS,PAX8,9606.ENSP00000256078,9606.ENSP00000263334,0.747,STRING
EGFR,MAP4K1,9606.ENSP00000275493,9606.ENSP00000465039,0.747,STRING
CCND1,HRAS,9606.ENSP00000227507,9606.ENSP00000407586,0.747,STRING
REN,ADRB1,9606.ENSP00000272190,9606.ENSP00000358301,0.747,STRING
G6PD,NFE2L2,9606.ENSP00000377192,9606.ENSP00000380252,0.747,STRING
ERBB4,NGF,9606.ENSP00000342235,9606.ENSP00000358525,0.747,STRING
CASP8,MAP3K7,9606.ENSP00000351273,9606.ENSP00000358335,0.747,STRING
NLRP3,MYD88,9606.ENSP00000337383,9606.ENSP00000498321,0.747,STRING
GRIN2C,CACNG5,9606.ENSP00000293190,9606.ENSP00000436836,0.747,STRING
DNMT3A,ATRX,9606.ENSP00000264709,9606.ENSP00000362441,0.747,STRING
GABRE,GABRQ,9606.ENSP00000359353,9606.ENSP00000469332,0.747,STRING
SOX2,GLI3,9606.ENSP00000323588,9606.ENSP00000379258,0.747,STRING
EGFR,INSR,9606.ENSP00000275493,9606.ENSP00000303830,0.747,STRING
MMP13,TNFSF11,9606.ENSP00000260302,9606.ENSP00000381775,0.747,STRING
GABRD,GABRA5,9606.ENSP00000367848,9606.ENSP00000382953,0.747,STRING
RRM2,PRIM2,9606.ENSP00000353770,9606.ENSP00000484105,0.746,STRING
TRAF3IP2,CHUK,9606.ENSP00000345984,9606.ENSP00000359424,0.746,STRING
SMARCA4,NFATC1,9606.ENSP00000343896,9606.ENSP00000389377,0.746,STRING
CACNG8,CACNA2D2,9606.ENSP00000270458,9606.ENSP00000418081,0.746,STRING
NDUFA4L2,NDUFA13,9606.ENSP00000377411,9606.ENSP00000423673,0.746,STRING
CACNG8,RYR1,9606.ENSP00000270458,9606.ENSP00000352608,0.746,STRING
WAS,PIK3R1,9606.ENSP00000365891,9606.ENSP00000428056,0.746,STRING
FBN1,MMP9,9606.ENSP00000325527,9606.ENSP00000361405,0.746,STRING
NFKB1,ATM,9606.ENSP00000226574,9606.ENSP00000278616,0.746,STRING
ALB,FGF9,9606.ENSP00000295897,9606.ENSP00000371790,0.746,STRING
KCNH2,RYR2,9606.ENSP00000262186,9606.ENSP00000355533,0.746,STRING
CBL,TYK2,9606.ENSP00000264033,9606.ENSP00000431885,0.746,STRING
SLC7A9,AIRE,9606.ENSP00000023064,9606.ENSP00000291582,0.746,STRING
PARP1,ESR1,9606.ENSP00000355759,9606.ENSP00000405330,0.746,STRING
PARP1,CUL4A,9606.ENSP00000355759,9606.ENSP00000364589,0.746,STRING
NDUFB11,SDHD,9606.ENSP00000276062,9606.ENSP00000364699,0.746,STRING
IL1B,IL4R,9606.ENSP00000263341,9606.ENSP00000379111,0.746,STRING
ESR1,BRAF,9606.ENSP00000405330,9606.ENSP00000419060,0.746,STRING
CACNA1D,ATP1A3,9606.ENSP00000288139,9606.ENSP00000444688,0.746,STRING
LIPC,ABCA1,9606.ENSP00000299022,9606.ENSP00000363868,0.746,STRING
HTR2B,AGTR1,9606.ENSP00000258400,9606.ENSP00000398832,0.746,STRING
CDKN1B,ABL1,9606.ENSP00000228872,9606.ENSP00000361423,0.746,STRING
NLRP3,TLR9,9606.ENSP00000337383,9606.ENSP00000353874,0.746,STRING
CALM3,BDNF,9606.ENSP00000291295,9606.ENSP00000414303,0.746,STRING
RYR1,CACNB1,9606.ENSP00000352608,9606.ENSP00000377840,0.746,STRING
HBEGF,NRG1,9606.ENSP00000230990,9606.ENSP00000287842,0.746,STRING
DNMT3A,KMT2A,9606.ENSP00000264709,9606.ENSP00000436786,0.746,STRING
ERBB2,BDNF,9606.ENSP00000269571,9606.ENSP00000414303,0.746,STRING
CDK7,CDK6,9606.ENSP00000256443,9606.ENSP00000265734,0.746,STRING
EZH2,SH2B3,9606.ENSP00000320147,9606.ENSP00000345492,0.746,STRING
FOXP3,NFATC1,9606.ENSP00000365380,9606.ENSP00000389377,0.746,STRING
KCNH2,SCN4A,9606.ENSP00000262186,9606.ENSP00000396320,0.746,STRING
MET,MMP9,9606.ENSP00000317272,9606.ENSP00000361405,0.746,STRING
SYK,CARD11,9606.ENSP00000364898,9606.ENSP00000380150,0.746,STRING
MMP7,PLAU,9606.ENSP00000260227,9606.ENSP00000361850,0.746,STRING
HGF,HSPG2,9606.ENSP00000222390,9606.ENSP00000363827,0.746,STRING
BRAF,MC1R,9606.ENSP00000419060,9606.ENSP00000451605,0.746,STRING
TP53,MUTYH,9606.ENSP00000269305,9606.ENSP00000500891,0.746,STRING
STAT3,IL7R,9606.ENSP00000264657,9606.ENSP00000306157,0.746,STRING
RUNX3,NOTCH1,9606.ENSP00000382800,9606.ENSP00000498587,0.746,STRING
MTNR1B,KCNJ11,9606.ENSP00000257068,9606.ENSP00000345708,0.745,STRING
IKZF1,IRF4,9606.ENSP00000331614,9606.ENSP00000370343,0.745,STRING
NFE2L2,CDKN2A,9606.ENSP00000380252,9606.ENSP00000418915,0.745,STRING
CHRNB1,CHRNB2,9606.ENSP00000304290,9606.ENSP00000357461,0.745,STRING
PMS2,NF1,9606.ENSP00000265849,9606.ENSP00000351015,0.745,STRING
ABCG5,ATP1A1,9606.ENSP00000384513,9606.ENSP00000445306,0.745,STRING
ALB,MMP9,9606.ENSP00000295897,9606.ENSP00000361405,0.745,STRING
SCN1B,KCNC3,9606.ENSP00000396915,9606.ENSP00000434241,0.745,STRING
MYH9,RHOA,9606.ENSP00000216181,9606.ENSP00000400175,0.745,STRING
RELB,TNFRSF8,9606.ENSP00000221452,9606.ENSP00000263932,0.745,STRING
ERCC4,ATR,9606.ENSP00000310520,9606.ENSP00000343741,0.745,STRING
ABCG5,ATP1A3,9606.ENSP00000384513,9606.ENSP00000444688,0.745,STRING
ABL1,SOS1,9606.ENSP00000361423,9606.ENSP00000384675,0.745,STRING
NPR1,PDE1A,9606.ENSP00000357669,9606.ENSP00000410309,0.745,STRING
BMP4,SOX2,9606.ENSP00000245451,9606.ENSP00000323588,0.745,STRING
FLT3,PGF,9606.ENSP00000241453,9606.ENSP00000451040,0.745,STRING
CREBBP,HDAC4,9606.ENSP00000262367,9606.ENSP00000264606,0.745,STRING
CBL,JAK1,9606.ENSP00000264033,9606.ENSP00000499900,0.745,STRING
ADRB2,PDE4D,9606.ENSP00000305372,9606.ENSP00000345502,0.745,STRING
PIK3CA,NTRK3,9606.ENSP00000263967,9606.ENSP00000354207,0.745,STRING
NTRK1,CTNNB1,9606.ENSP00000431418,9606.ENSP00000495360,0.745,STRING
IL1B,CTNNB1,9606.ENSP00000263341,9606.ENSP00000495360,0.745,STRING
GRIN1,BDNF,9606.ENSP00000360608,9606.ENSP00000414303,0.745,STRING
MMP2,PTEN,9606.ENSP00000219070,9606.ENSP00000361021,0.745,STRING
NR3C1,TNF,9606.ENSP00000231509,9606.ENSP00000398698,0.745,STRING
CD4,IRF4,9606.ENSP00000011653,9606.ENSP00000370343,0.745,STRING
TNFRSF1A,TLR2,9606.ENSP00000162749,9606.ENSP00000260010,0.745,STRING
SRC,CDKN2A,9606.ENSP00000362680,9606.ENSP00000418915,0.745,STRING
GATA3,CTLA4,9606.ENSP00000368632,9606.ENSP00000497102,0.745,STRING
APC,LRRK2,9606.ENSP00000257430,9606.ENSP00000298910,0.745,STRING
MMP2,IL1B,9606.ENSP00000219070,9606.ENSP00000263341,0.745,STRING
EPOR,CSF3R,9606.ENSP00000222139,9606.ENSP00000362195,0.745,STRING
IFNG,IRAK1,9606.ENSP00000229135,9606.ENSP00000358997,0.745,STRING
MAPK1,JAK1,9606.ENSP00000215832,9606.ENSP00000499900,0.745,STRING
TNFRSF1A,MAP3K1,9606.ENSP00000162749,9606.ENSP00000382423,0.745,STRING
FGFR3,PIK3CB,9606.ENSP00000339824,9606.ENSP00000501150,0.745,STRING
KCNQ1,KCNJ5,9606.ENSP00000155840,9606.ENSP00000433295,0.745,STRING
ERBB2,RET,9606.ENSP00000269571,9606.ENSP00000347942,0.745,STRING
PTEN,PTPN11,9606.ENSP00000361021,9606.ENSP00000489597,0.745,STRING
CDKN2B,SMAD3,9606.ENSP00000276925,9606.ENSP00000332973,0.745,STRING
MTOR,ESR1,9606.ENSP00000354558,9606.ENSP00000405330,0.745,STRING
PDGFRA,IL13,9606.ENSP00000257290,9606.ENSP00000304915,0.745,STRING
GATA3,CD8A,9606.ENSP00000368632,9606.ENSP00000386559,0.745,STRING
PTGS2,BCL2,9606.ENSP00000356438,9606.ENSP00000381185,0.745,STRING
TNFSF11,IL10,9606.ENSP00000381775,9606.ENSP00000412237,0.745,STRING
PSMC4,SEM1,9606.ENSP00000157812,9606.ENSP00000481021,0.745,STRING
TNK2,AKT1,9606.ENSP00000371341,9606.ENSP00000451828,0.745,STRING
NGF,TEK,9606.ENSP00000358525,9606.ENSP00000369375,0.744,STRING
ESR1,NR1H4,9606.ENSP00000405330,9606.ENSP00000447149,0.744,STRING
INSR,LEP,9606.ENSP00000303830,9606.ENSP00000312652,0.744,STRING
STAT5B,CTLA4,9606.ENSP00000293328,9606.ENSP00000497102,0.744,STRING
ABCG8,ATP1A1,9606.ENSP00000272286,9606.ENSP00000445306,0.744,STRING
TNFSF11,IL17A,9606.ENSP00000381775,9606.ENSP00000497968,0.744,STRING
PGF,IGF1R,9606.ENSP00000451040,9606.ENSP00000497069,0.744,STRING
NOTCH2,EGFR,9606.ENSP00000256646,9606.ENSP00000275493,0.744,STRING
TGFB1,IGF1R,9606.ENSP00000221930,9606.ENSP00000497069,0.744,STRING
AURKA,HRAS,9606.ENSP00000216911,9606.ENSP00000407586,0.744,STRING
GNRHR,LHCGR,9606.ENSP00000226413,9606.ENSP00000294954,0.744,STRING
CACNA1G,CACNA2D3,9606.ENSP00000352011,9606.ENSP00000419101,0.744,STRING
GNRHR,CHD7,9606.ENSP00000226413,9606.ENSP00000392028,0.744,STRING
GUCY1A2,PDE6C,9606.ENSP00000282249,9606.ENSP00000360502,0.744,STRING
INSR,PDGFB,9606.ENSP00000303830,9606.ENSP00000330382,0.744,STRING
FGF23,KIT,9606.ENSP00000237837,9606.ENSP00000288135,0.744,STRING
RYR2,MYBPC3,9606.ENSP00000355533,9606.ENSP00000442795,0.744,STRING
GABRG1,GABBR1,9606.ENSP00000295452,9606.ENSP00000366233,0.744,STRING
MYH6,MUTYH,9606.ENSP00000386041,9606.ENSP00000500891,0.744,STRING
SCN2A,SCN11A,9606.ENSP00000490107,9606.ENSP00000499569,0.744,STRING
IFNG,PSMB10,9606.ENSP00000229135,9606.ENSP00000351314,0.744,STRING
CHRNB4,CHRNB1,9606.ENSP00000261751,9606.ENSP00000304290,0.744,STRING
ABCG8,ATP1A3,9606.ENSP00000272286,9606.ENSP00000444688,0.744,STRING
IDH1,CDKN2A,9606.ENSP00000390265,9606.ENSP00000418915,0.744,STRING
IL4,LEPR,9606.ENSP00000231449,9606.ENSP00000330393,0.744,STRING
MAPK3,SMAD4,9606.ENSP00000263025,9606.ENSP00000341551,0.744,STRING
ERBB2,FGFR2,9606.ENSP00000269571,9606.ENSP00000410294,0.744,STRING
CDH1,CREBBP,9606.ENSP00000261769,9606.ENSP00000262367,0.744,STRING
IL4,MTOR,9606.ENSP00000231449,9606.ENSP00000354558,0.744,STRING
ALB,CYP3A4,9606.ENSP00000295897,9606.ENSP00000498939,0.744,STRING
CCND1,MAPK3,9606.ENSP00000227507,9606.ENSP00000263025,0.744,STRING
STAT3,NPM1,9606.ENSP00000264657,9606.ENSP00000296930,0.744,STRING
GUCY1A1,PDE6C,9606.ENSP00000296518,9606.ENSP00000360502,0.744,STRING
APP,MBP,9606.ENSP00000284981,9606.ENSP00000380958,0.744,STRING
TGFBR2,FBN2,9606.ENSP00000351905,9606.ENSP00000424571,0.744,STRING
RYR1,CACNA1B,9606.ENSP00000352608,9606.ENSP00000360423,0.744,STRING
BCR,PIK3R1,9606.ENSP00000303507,9606.ENSP00000428056,0.744,STRING
CHUK,TLR7,9606.ENSP00000359424,9606.ENSP00000370034,0.744,STRING
NFKB1,FOXP3,9606.ENSP00000226574,9606.ENSP00000365380,0.744,STRING
KDR,TEK,9606.ENSP00000263923,9606.ENSP00000369375,0.744,STRING
NR3C2,SCNN1A,9606.ENSP00000350815,9606.ENSP00000353292,0.744,STRING
ABCG8,ATP1A2,9606.ENSP00000272286,9606.ENSP00000354490,0.744,STRING
SLC4A1,SLC2A1,9606.ENSP00000262418,9606.ENSP00000416293,0.744,STRING
APOB,ADRB2,9606.ENSP00000233242,9606.ENSP00000305372,0.744,STRING
ALB,CAV1,9606.ENSP00000295897,9606.ENSP00000339191,0.743,STRING
MET,CD274,9606.ENSP00000317272,9606.ENSP00000370989,0.743,STRING
KRAS,CDK4,9606.ENSP00000256078,9606.ENSP00000257904,0.743,STRING
PDE6A,NPR1,9606.ENSP00000255266,9606.ENSP00000357669,0.743,STRING
CD4,IL1R1,9606.ENSP00000011653,9606.ENSP00000386380,0.743,STRING
MAP2K3,MYC,9606.ENSP00000345083,9606.ENSP00000478887,0.743,STRING
HMGCR,ABCG5,9606.ENSP00000287936,9606.ENSP00000384513,0.743,STRING
PDE1B,GUCY1B1,9606.ENSP00000243052,9606.ENSP00000426786,0.743,STRING
CACNG8,GRIN3A,9606.ENSP00000270458,9606.ENSP00000355155,0.743,STRING
TGFB1,PDGFB,9606.ENSP00000221930,9606.ENSP00000330382,0.743,STRING
GRIN3B,CACNG5,9606.ENSP00000234389,9606.ENSP00000436836,0.743,STRING
FLT3,ANGPT2,9606.ENSP00000241453,9606.ENSP00000314897,0.743,STRING
APOB,ACE,9606.ENSP00000233242,9606.ENSP00000290866,0.743,STRING
SORT1,FURIN,9606.ENSP00000256637,9606.ENSP00000483552,0.743,STRING
FYN,GRIN1,9606.ENSP00000346671,9606.ENSP00000360608,0.743,STRING
APOE,SORT1,9606.ENSP00000252486,9606.ENSP00000256637,0.743,STRING
RUNX1,DNMT1,9606.ENSP00000300305,9606.ENSP00000352516,0.743,STRING
PIK3CA,RHOA,9606.ENSP00000263967,9606.ENSP00000400175,0.743,STRING
PIK3CA,AXL,9606.ENSP00000263967,9606.ENSP00000301178,0.743,STRING
MLH1,CDK4,9606.ENSP00000231790,9606.ENSP00000257904,0.743,STRING
KMT2C,ATRX,9606.ENSP00000262189,9606.ENSP00000362441,0.743,STRING
SCN8A,SCN9A,9606.ENSP00000346534,9606.ENSP00000386306,0.743,STRING
CHRND,CHRNA3,9606.ENSP00000258385,9606.ENSP00000315602,0.743,STRING
PDGFRA,ENG,9606.ENSP00000257290,9606.ENSP00000362299,0.743,STRING
SOX2,PTEN,9606.ENSP00000323588,9606.ENSP00000361021,0.743,STRING
NPR1,PDE6C,9606.ENSP00000357669,9606.ENSP00000360502,0.743,STRING
ERBB2,RPS27A,9606.ENSP00000269571,9606.ENSP00000272317,0.743,STRING
CDK7,ESR1,9606.ENSP00000256443,9606.ENSP00000405330,0.743,STRING
FGR,LYN,9606.ENSP00000363117,9606.ENSP00000428924,0.743,STRING
FGF23,PDGFRB,9606.ENSP00000237837,9606.ENSP00000261799,0.743,STRING
RUNX1,NRAS,9606.ENSP00000300305,9606.ENSP00000358548,0.743,STRING
CCND1,SMAD2,9606.ENSP00000227507,9606.ENSP00000262160,0.743,STRING
SLC12A1,AVPR2,9606.ENSP00000495332,9606.ENSP00000496396,0.743,STRING
CACNA1C,CAV1,9606.ENSP00000266376,9606.ENSP00000339191,0.743,STRING
SERPINC1,PROS1,9606.ENSP00000356671,9606.ENSP00000377783,0.743,STRING
ARID1A,PTEN,9606.ENSP00000320485,9606.ENSP00000361021,0.743,STRING
MAPK3,NGF,9606.ENSP00000263025,9606.ENSP00000358525,0.743,STRING
ADRB2,OPRM1,9606.ENSP00000305372,9606.ENSP00000394624,0.743,STRING
STAT3,NFE2L2,9606.ENSP00000264657,9606.ENSP00000380252,0.742,STRING
PSMC4,PSMB11,9606.ENSP00000157812,9606.ENSP00000386212,0.742,STRING
MAPK1,GSK3B,9606.ENSP00000215832,9606.ENSP00000324806,0.742,STRING
HMGA2,CTNNB1,9606.ENSP00000437621,9606.ENSP00000495360,0.742,STRING
SCN1A,KCNA1,9606.ENSP00000303540,9606.ENSP00000371985,0.742,STRING
LRRK2,TUBB6,9606.ENSP00000298910,9606.ENSP00000318697,0.742,STRING
MSH6,PTEN,9606.ENSP00000234420,9606.ENSP00000361021,0.742,STRING
CREBBP,HDAC6,9606.ENSP00000262367,9606.ENSP00000365804,0.742,STRING
EP300,CHUK,9606.ENSP00000263253,9606.ENSP00000359424,0.742,STRING
PARP1,TOP2A,9606.ENSP00000355759,9606.ENSP00000411532,0.742,STRING
PDE10A,PDE4A,9606.ENSP00000355847,9606.ENSP00000370078,0.742,STRING
ABCA1,INS,9606.ENSP00000363868,9606.ENSP00000380432,0.742,STRING
ATM,AKT1,9606.ENSP00000278616,9606.ENSP00000451828,0.742,STRING
MET,BDNF,9606.ENSP00000317272,9606.ENSP00000414303,0.742,STRING
TACR1,OPRM1,9606.ENSP00000303522,9606.ENSP00000394624,0.742,STRING
HTR1E,HTR1D,9606.ENSP00000307766,9606.ENSP00000363748,0.742,STRING
CD8A,SOCS1,9606.ENSP00000386559,9606.ENSP00000496577,0.742,STRING
CCND1,JAG1,9606.ENSP00000227507,9606.ENSP00000254958,0.742,STRING
C5,BCL2,9606.ENSP00000223642,9606.ENSP00000381185,0.742,STRING
NFKB1,PSMA1,9606.ENSP00000226574,9606.ENSP00000414359,0.742,STRING
PDGFRB,RAF1,9606.ENSP00000261799,9606.ENSP00000401888,0.742,STRING
BMP4,FBN1,9606.ENSP00000245451,9606.ENSP00000325527,0.742,STRING
STAG2,U2AF1,9606.ENSP00000218089,9606.ENSP00000291552,0.742,STRING
CYP2C9,ABCB1,9606.ENSP00000260682,9606.ENSP00000478255,0.742,STRING
MMP7,IL1B,9606.ENSP00000260227,9606.ENSP00000263341,0.742,STRING
PTGS2,MYD88,9606.ENSP00000356438,9606.ENSP00000498321,0.742,STRING
IL4R,SOCS1,9606.ENSP00000379111,9606.ENSP00000496577,0.742,STRING
C3,KLKB1,9606.ENSP00000245907,9606.ENSP00000264690,0.742,STRING
IL7R,BCL2,9606.ENSP00000306157,9606.ENSP00000381185,0.742,STRING
CASP8,MYD88,9606.ENSP00000351273,9606.ENSP00000498321,0.742,STRING
RARA,HDAC4,9606.ENSP00000254066,9606.ENSP00000264606,0.742,STRING
MTOR,JAK2,9606.ENSP00000354558,9606.ENSP00000371067,0.742,STRING
PDE2A,PDE4A,9606.ENSP00000334910,9606.ENSP00000370078,0.742,STRING
CDH1,IGF1R,9606.ENSP00000261769,9606.ENSP00000497069,0.742,STRING
IL5,IFNAR2,9606.ENSP00000231454,9606.ENSP00000343957,0.742,STRING
GH1,LEPR,9606.ENSP00000312673,9606.ENSP00000330393,0.742,STRING
HTR3A,HTR1B,9606.ENSP00000347754,9606.ENSP00000358963,0.742,STRING
IFNG,CD3E,9606.ENSP00000229135,9606.ENSP00000354566,0.742,STRING
CCND1,ABL1,9606.ENSP00000227507,9606.ENSP00000361423,0.742,STRING
RET,BDNF,9606.ENSP00000347942,9606.ENSP00000414303,0.741,STRING
TNFRSF1A,TP53,9606.ENSP00000162749,9606.ENSP00000269305,0.741,STRING
NFKB1,STAT5B,9606.ENSP00000226574,9606.ENSP00000293328,0.741,STRING
MAPK14,EP300,9606.ENSP00000229795,9606.ENSP00000263253,0.741,STRING
MAPK3,FGF9,9606.ENSP00000263025,9606.ENSP00000371790,0.741,STRING
SLC6A4,ITGB3,9606.ENSP00000261707,9606.ENSP00000452786,0.741,STRING
CD8A,PCSK5,9606.ENSP00000386559,9606.ENSP00000446280,0.741,STRING
MAOA,BDNF,9606.ENSP00000340684,9606.ENSP00000414303,0.741,STRING
IL13,IFNAR2,9606.ENSP00000304915,9606.ENSP00000343957,0.741,STRING
IL2,TP53,9606.ENSP00000226730,9606.ENSP00000269305,0.741,STRING
TP53,HDAC3,9606.ENSP00000269305,9606.ENSP00000302967,0.741,STRING
POLD4,POLA1,9606.ENSP00000311368,9606.ENSP00000368358,0.741,STRING
ARID1A,SOX2,9606.ENSP00000320485,9606.ENSP00000323588,0.741,STRING
REN,SCNN1A,9606.ENSP00000272190,9606.ENSP00000353292,0.741,STRING
SYK,RHOA,9606.ENSP00000364898,9606.ENSP00000400175,0.741,STRING
EGFR,EZH2,9606.ENSP00000275493,9606.ENSP00000320147,0.741,STRING
CACNA2D1,CACNA2D2,9606.ENSP00000349320,9606.ENSP00000418081,0.741,STRING
CACNG6,CACNG2,9606.ENSP00000252729,9606.ENSP00000300105,0.741,STRING
TRRAP,MAP3K7,9606.ENSP00000352925,9606.ENSP00000358335,0.741,STRING
CSF1R,CD8A,9606.ENSP00000286301,9606.ENSP00000386559,0.741,STRING
PDE10A,PDE7A,9606.ENSP00000355847,9606.ENSP00000385632,0.741,STRING
MAPK3,MMP9,9606.ENSP00000263025,9606.ENSP00000361405,0.741,STRING
HDAC6,HDAC2,9606.ENSP00000365804,9606.ENSP00000430432,0.741,STRING
NFKB1,SYK,9606.ENSP00000226574,9606.ENSP00000364898,0.741,STRING
HDAC4,CALM3,9606.ENSP00000264606,9606.ENSP00000291295,0.741,STRING
CD40,BCL6,9606.ENSP00000361359,9606.ENSP00000384371,0.741,STRING
FLT1,COL18A1,9606.ENSP00000282397,9606.ENSP00000352798,0.741,STRING
ERBB2,PARP1,9606.ENSP00000269571,9606.ENSP00000355759,0.741,STRING
TSC1,FKBP1A,9606.ENSP00000298552,9606.ENSP00000383003,0.741,STRING
GUCY1A2,PDE1C,9606.ENSP00000282249,9606.ENSP00000379496,0.741,STRING
HMGB1,TLR1,9606.ENSP00000345347,9606.ENSP00000354932,0.741,STRING
CTSL,TLR7,9606.ENSP00000345344,9606.ENSP00000370034,0.741,STRING
FBN2,TGFBR1,9606.ENSP00000424571,9606.ENSP00000447297,0.741,STRING
PTEN,BAP1,9606.ENSP00000361021,9606.ENSP00000417132,0.741,STRING
CD3D,IL2RG,9606.ENSP00000300692,9606.ENSP00000363318,0.741,STRING
SMAD4,ENG,9606.ENSP00000341551,9606.ENSP00000362299,0.741,STRING
TP63,CDKN2A,9606.ENSP00000264731,9606.ENSP00000418915,0.741,STRING
IL4,CSF3R,9606.ENSP00000231449,9606.ENSP00000362195,0.741,STRING
GABBR2,GRIN2B,9606.ENSP00000259455,9606.ENSP00000477455,0.741,STRING
NTRK2,PIK3R1,9606.ENSP00000277120,9606.ENSP00000428056,0.741,STRING
SCNN1A,SCN2A,9606.ENSP00000353292,9606.ENSP00000490107,0.741,STRING
NDUFA2,NDUFA4L2,9606.ENSP00000252102,9606.ENSP00000377411,0.741,STRING
FGR,PIK3R1,9606.ENSP00000363117,9606.ENSP00000428056,0.741,STRING
IL2,LEPR,9606.ENSP00000226730,9606.ENSP00000330393,0.74,STRING
CD4,JAK1,9606.ENSP00000011653,9606.ENSP00000499900,0.74,STRING
PIK3CA,MYC,9606.ENSP00000263967,9606.ENSP00000478887,0.74,STRING
GRM1,CALCR,9606.ENSP00000282753,9606.ENSP00000352561,0.74,STRING
STK11,BRCA1,9606.ENSP00000324856,9606.ENSP00000418960,0.74,STRING
APOE,PPARG,9606.ENSP00000252486,9606.ENSP00000287820,0.74,STRING
NR3C1,PTK6,9606.ENSP00000231509,9606.ENSP00000442460,0.74,STRING
MYC,CALM1,9606.ENSP00000478887,9606.ENSP00000499717,0.74,STRING
TNFRSF1A,IL2,9606.ENSP00000162749,9606.ENSP00000226730,0.74,STRING
SHH,OTX2,9606.ENSP00000297261,9606.ENSP00000500595,0.74,STRING
ERBB2,ABCG2,9606.ENSP00000269571,9606.ENSP00000498246,0.74,STRING
HTR1A,TRPV1,9606.ENSP00000316244,9606.ENSP00000459962,0.74,STRING
RIPK1,IFIH1,9606.ENSP00000259808,9606.ENSP00000497271,0.74,STRING
SCN9A,SCN10A,9606.ENSP00000386306,9606.ENSP00000390600,0.74,STRING
LPA,ABCA1,9606.ENSP00000321334,9606.ENSP00000363868,0.74,STRING
MMP9,BDNF,9606.ENSP00000361405,9606.ENSP00000414303,0.74,STRING
HDAC8,HDAC9,9606.ENSP00000362674,9606.ENSP00000408617,0.74,STRING
APOB,ABCG8,9606.ENSP00000233242,9606.ENSP00000272286,0.74,STRING
SMAD4,RUNX3,9606.ENSP00000341551,9606.ENSP00000382800,0.74,STRING
FOXA1,SOX2,9606.ENSP00000250448,9606.ENSP00000323588,0.74,STRING
MTOR,IL10,9606.ENSP00000354558,9606.ENSP00000412237,0.74,STRING
IFNG,IL12B,9606.ENSP00000229135,9606.ENSP00000231228,0.74,STRING
QKI,BRAF,9606.ENSP00000355094,9606.ENSP00000419060,0.74,STRING
AURKA,CDKN1B,9606.ENSP00000216911,9606.ENSP00000228872,0.74,STRING
TNFSF13B,IL6,9606.ENSP00000365048,9606.ENSP00000385675,0.74,STRING
DRD1,GRIA1,9606.ENSP00000377353,9606.ENSP00000428994,0.74,STRING
EGR2,NFATC1,9606.ENSP00000242480,9606.ENSP00000389377,0.74,STRING
TSLP,IL6R,9606.ENSP00000339804,9606.ENSP00000357470,0.74,STRING
CD40,TLR7,9606.ENSP00000361359,9606.ENSP00000370034,0.74,STRING
IDH1,MYC,9606.ENSP00000390265,9606.ENSP00000478887,0.74,STRING
NDUFAF3,MT-ND4L,9606.ENSP00000323076,9606.ENSP00000354728,0.74,STRING
KLKB1,GBA,9606.ENSP00000264690,9606.ENSP00000314508,0.74,STRING
BRCA2,CDK12,9606.ENSP00000369497,9606.ENSP00000398880,0.74,STRING
BMP4,SPP1,9606.ENSP00000245451,9606.ENSP00000378517,0.74,STRING
CD80,TLR9,9606.ENSP00000264246,9606.ENSP00000353874,0.74,STRING
HDAC4,EZH2,9606.ENSP00000264606,9606.ENSP00000320147,0.739,STRING
CACNA1G,CACNB4,9606.ENSP00000352011,9606.ENSP00000438949,0.739,STRING
MAPK3,FGF10,9606.ENSP00000263025,9606.ENSP00000264664,0.739,STRING
HDAC6,MYD88,9606.ENSP00000365804,9606.ENSP00000498321,0.739,STRING
PSMC1,GPD2,9606.ENSP00000261303,9606.ENSP00000308610,0.739,STRING
MAPK3,HMGB1,9606.ENSP00000263025,9606.ENSP00000345347,0.739,STRING
TNF,BDNF,9606.ENSP00000398698,9606.ENSP00000414303,0.739,STRING
FGB,AGT,9606.ENSP00000306099,9606.ENSP00000355627,0.739,STRING
RPS27A,ATXN7,9606.ENSP00000272317,9606.ENSP00000295900,0.739,STRING
CDKN1B,ERBB2,9606.ENSP00000228872,9606.ENSP00000269571,0.739,STRING
CAV1,PTPN11,9606.ENSP00000339191,9606.ENSP00000489597,0.739,STRING
CYP19A1,CYP1B1,9606.ENSP00000379683,9606.ENSP00000478561,0.739,STRING
SCNN1B,SCN2A,9606.ENSP00000345751,9606.ENSP00000490107,0.739,STRING
CA12,CA9,9606.ENSP00000178638,9606.ENSP00000367608,0.739,STRING
IL6,CEBPA,9606.ENSP00000385675,9606.ENSP00000427514,0.739,STRING
SCN1A,SCN5A,9606.ENSP00000303540,9606.ENSP00000328968,0.739,STRING
RB1,CUX1,9606.ENSP00000267163,9606.ENSP00000353401,0.739,STRING
CD4,IFNGR1,9606.ENSP00000011653,9606.ENSP00000356713,0.739,STRING
ACHE,XDH,9606.ENSP00000303211,9606.ENSP00000368727,0.739,STRING
CD3E,IL10,9606.ENSP00000354566,9606.ENSP00000412237,0.739,STRING
CASP8,IL6,9606.ENSP00000351273,9606.ENSP00000385675,0.739,STRING
RSPO3,FURIN,9606.ENSP00000349131,9606.ENSP00000483552,0.739,STRING
CRP,BCHE,9606.ENSP00000255030,9606.ENSP00000264381,0.739,STRING
ACVRL1,BMPR1B,9606.ENSP00000373574,9606.ENSP00000401907,0.739,STRING
HDAC1,SPEN,9606.ENSP00000362649,9606.ENSP00000364912,0.739,STRING
EPOR,TSLP,9606.ENSP00000222139,9606.ENSP00000339804,0.739,STRING
EGFR,TLR4,9606.ENSP00000275493,9606.ENSP00000363089,0.739,STRING
CHEK2,MUTYH,9606.ENSP00000372023,9606.ENSP00000500891,0.739,STRING
HTR5A,HTR3A,9606.ENSP00000287907,9606.ENSP00000347754,0.739,STRING
GCK,HNF4A,9606.ENSP00000223366,9606.ENSP00000312987,0.739,STRING
CREBBP,BCL2,9606.ENSP00000262367,9606.ENSP00000381185,0.739,STRING
FGR,YES1,9606.ENSP00000363117,9606.ENSP00000462468,0.739,STRING
GPD2,PSMC5,9606.ENSP00000308610,9606.ENSP00000310572,0.739,STRING
ADRB3,PPARA,9606.ENSP00000343782,9606.ENSP00000385523,0.739,STRING
SOS1,LYN,9606.ENSP00000384675,9606.ENSP00000428924,0.739,STRING
TEK,BDNF,9606.ENSP00000369375,9606.ENSP00000414303,0.739,STRING
GPD2,PSMC2,9606.ENSP00000308610,9606.ENSP00000391211,0.739,STRING
TGFB1,MET,9606.ENSP00000221930,9606.ENSP00000317272,0.739,STRING
EZH2,CDKN1A,9606.ENSP00000320147,9606.ENSP00000384849,0.739,STRING
IFNG,CSF2RB,9606.ENSP00000229135,9606.ENSP00000384053,0.739,STRING
AVPR1B,GNAS,9606.ENSP00000356094,9606.ENSP00000360141,0.739,STRING
CDK7,CDK4,9606.ENSP00000256443,9606.ENSP00000257904,0.739,STRING
CHRNB1,CHRNG,9606.ENSP00000304290,9606.ENSP00000498757,0.739,STRING
HCN4,RYR2,9606.ENSP00000261917,9606.ENSP00000355533,0.739,STRING
IFNAR1,TLR7,9606.ENSP00000270139,9606.ENSP00000370034,0.738,STRING
PPARG,TLR4,9606.ENSP00000287820,9606.ENSP00000363089,0.738,STRING
CCR2,TLR4,9606.ENSP00000292301,9606.ENSP00000363089,0.738,STRING
CXCL8,TNFAIP3,9606.ENSP00000306512,9606.ENSP00000481570,0.738,STRING
BARD1,PMS2,9606.ENSP00000260947,9606.ENSP00000265849,0.738,STRING
INHBA,SMAD2,9606.ENSP00000242208,9606.ENSP00000262160,0.738,STRING
MMP2,CCND1,9606.ENSP00000219070,9606.ENSP00000227507,0.738,STRING
VWF,PTK2,9606.ENSP00000261405,9606.ENSP00000341189,0.738,STRING
CNTNAP1,SPTBN4,9606.ENSP00000264638,9606.ENSP00000469242,0.738,STRING
GRM1,GRIN2A,9606.ENSP00000282753,9606.ENSP00000332549,0.738,STRING
IL1B,PTEN,9606.ENSP00000263341,9606.ENSP00000361021,0.738,STRING
RSPO3,CTNNB1,9606.ENSP00000349131,9606.ENSP00000495360,0.738,STRING
EZH2,SRSF2,9606.ENSP00000320147,9606.ENSP00000376276,0.738,STRING
AURKB,TYMS,9606.ENSP00000313950,9606.ENSP00000315644,0.738,STRING
LEPR,TYK2,9606.ENSP00000330393,9606.ENSP00000431885,0.738,STRING
CREBBP,PARP1,9606.ENSP00000262367,9606.ENSP00000355759,0.738,STRING
PALB2,TP53,9606.ENSP00000261584,9606.ENSP00000269305,0.738,STRING
ANGPT2,IGF1R,9606.ENSP00000314897,9606.ENSP00000497069,0.738,STRING
BLK,MS4A1,9606.ENSP00000259089,9606.ENSP00000433277,0.738,STRING
CD4,JAK3,9606.ENSP00000011653,9606.ENSP00000432511,0.738,STRING
CREBBP,MED12,9606.ENSP00000262367,9606.ENSP00000363193,0.738,STRING
FGFR2,ANGPT1,9606.ENSP00000410294,9606.ENSP00000428340,0.738,STRING
MMP2,ERBB2,9606.ENSP00000219070,9606.ENSP00000269571,0.738,STRING
EPOR,IFNG,9606.ENSP00000222139,9606.ENSP00000229135,0.738,STRING
RUNX2,IL6,9606.ENSP00000360493,9606.ENSP00000385675,0.738,STRING
ATP4A,CYP3A4,9606.ENSP00000262623,9606.ENSP00000498939,0.738,STRING
CDK4,DNMT1,9606.ENSP00000257904,9606.ENSP00000352516,0.738,STRING
AKT1,CALM1,9606.ENSP00000451828,9606.ENSP00000499717,0.738,STRING
SLC6A2,MAOA,9606.ENSP00000219833,9606.ENSP00000340684,0.738,STRING
TP53,LATS2,9606.ENSP00000269305,9606.ENSP00000372035,0.738,STRING
TP53,LRRK2,9606.ENSP00000269305,9606.ENSP00000298910,0.738,STRING
TERT,MTOR,9606.ENSP00000309572,9606.ENSP00000354558,0.738,STRING
GABRA4,GABBR1,9606.ENSP00000264318,9606.ENSP00000366233,0.737,STRING
TNF,TYK2,9606.ENSP00000398698,9606.ENSP00000431885,0.737,STRING
FLT1,ENG,9606.ENSP00000282397,9606.ENSP00000362299,0.737,STRING
FLT1,PIK3CD,9606.ENSP00000282397,9606.ENSP00000366563,0.737,STRING
CACNA1G,CACNA1F,9606.ENSP00000352011,9606.ENSP00000365441,0.737,STRING
WFS1,CDKAL1,9606.ENSP00000226760,9606.ENSP00000274695,0.737,STRING
TRAF3IP2,TNFAIP3,9606.ENSP00000345984,9606.ENSP00000481570,0.737,STRING
CSF2RB,JAK3,9606.ENSP00000384053,9606.ENSP00000432511,0.737,STRING
ABCC9,MYBPC3,9606.ENSP00000261200,9606.ENSP00000442795,0.737,STRING
ATM,FANCA,9606.ENSP00000278616,9606.ENSP00000373952,0.737,STRING
SSTR5,SSTR2,9606.ENSP00000293897,9606.ENSP00000350198,0.737,STRING
NTRK2,ERBB4,9606.ENSP00000277120,9606.ENSP00000342235,0.737,STRING
CACNG3,HTR3A,9606.ENSP00000005284,9606.ENSP00000347754,0.737,STRING
NRG1,BDNF,9606.ENSP00000287842,9606.ENSP00000414303,0.737,STRING
PDGFRA,JAK3,9606.ENSP00000257290,9606.ENSP00000432511,0.737,STRING
ALB,FOXA2,9606.ENSP00000295897,9606.ENSP00000400341,0.737,STRING
CD8A,CTNNB1,9606.ENSP00000386559,9606.ENSP00000495360,0.737,STRING
ERBB2,FGFR1,9606.ENSP00000269571,9606.ENSP00000393312,0.737,STRING
ITGAL,CD40LG,9606.ENSP00000349252,9606.ENSP00000359663,0.737,STRING
EGFR,CASP8,9606.ENSP00000275493,9606.ENSP00000351273,0.737,STRING
ABCG5,ABCC8,9606.ENSP00000384513,9606.ENSP00000494321,0.737,STRING
TRRAP,POLE3,9606.ENSP00000352925,9606.ENSP00000363286,0.737,STRING
MMP1,IL10,9606.ENSP00000322788,9606.ENSP00000412237,0.737,STRING
PLAT,IL6,9606.ENSP00000220809,9606.ENSP00000385675,0.737,STRING
FGFR1,NOTCH1,9606.ENSP00000393312,9606.ENSP00000498587,0.737,STRING
COL4A1,COL4A3,9606.ENSP00000364979,9606.ENSP00000379823,0.736,STRING
CCR5,IL7R,9606.ENSP00000292303,9606.ENSP00000306157,0.736,STRING
NRG1,SOS1,9606.ENSP00000287842,9606.ENSP00000384675,0.736,STRING
PDGFRA,LEP,9606.ENSP00000257290,9606.ENSP00000312652,0.736,STRING
ERBB2,ANGPT1,9606.ENSP00000269571,9606.ENSP00000428340,0.736,STRING
MAP3K3,AKT1,9606.ENSP00000354927,9606.ENSP00000451828,0.736,STRING
ROS1,NRAS,9606.ENSP00000357494,9606.ENSP00000358548,0.736,STRING
EPAS1,TP53,9606.ENSP00000263734,9606.ENSP00000269305,0.736,STRING
SMARCA4,ALK,9606.ENSP00000343896,9606.ENSP00000373700,0.736,STRING
CACNA1C,CACNA1I,9606.ENSP00000266376,9606.ENSP00000385019,0.736,STRING
SNAP25,CACNA1D,9606.ENSP00000254976,9606.ENSP00000288139,0.736,STRING
CDH1,BCL2,9606.ENSP00000261769,9606.ENSP00000381185,0.736,STRING
GJA1,MYH6,9606.ENSP00000282561,9606.ENSP00000386041,0.736,STRING
MAPK1,CTNNB1,9606.ENSP00000215832,9606.ENSP00000495360,0.736,STRING
SMAD2,EGFR,9606.ENSP00000262160,9606.ENSP00000275493,0.736,STRING
MAPK1,PPARG,9606.ENSP00000215832,9606.ENSP00000287820,0.736,STRING
NDUFS8,NDUFA4L2,9606.ENSP00000315774,9606.ENSP00000377411,0.736,STRING
WT1,ESR1,9606.ENSP00000368370,9606.ENSP00000405330,0.736,STRING
SIGMAR1,DRD2,9606.ENSP00000277010,9606.ENSP00000354859,0.736,STRING
NGF,FGFR2,9606.ENSP00000358525,9606.ENSP00000410294,0.736,STRING
LAMA5,COL4A1,9606.ENSP00000252999,9606.ENSP00000364979,0.736,STRING
TOP2A,CTNNB1,9606.ENSP00000411532,9606.ENSP00000495360,0.736,STRING
APOE,LRP5,9606.ENSP00000252486,9606.ENSP00000294304,0.736,STRING
SCN1A,SCN9A,9606.ENSP00000303540,9606.ENSP00000386306,0.736,STRING
GSK3B,TNFAIP3,9606.ENSP00000324806,9606.ENSP00000481570,0.736,STRING
PPARG,SRC,9606.ENSP00000287820,9606.ENSP00000362680,0.736,STRING
ABCC6,ENPP1,9606.ENSP00000205557,9606.ENSP00000498074,0.736,STRING
CFH,F5,9606.ENSP00000356399,9606.ENSP00000356771,0.736,STRING
CDKN1B,EGFR,9606.ENSP00000228872,9606.ENSP00000275493,0.736,STRING
TP53,FBXO11,9606.ENSP00000269305,9606.ENSP00000384823,0.736,STRING
LRP5,LRRK2,9606.ENSP00000294304,9606.ENSP00000298910,0.736,STRING
ITGA2B,F2,9606.ENSP00000262407,9606.ENSP00000308541,0.736,STRING
CACNA1H,GABRG2,9606.ENSP00000334198,9606.ENSP00000410732,0.736,STRING
MAOA,DRD2,9606.ENSP00000340684,9606.ENSP00000354859,0.736,STRING
ALB,CD86,9606.ENSP00000295897,9606.ENSP00000332049,0.736,STRING
CD4,CCR4,9606.ENSP00000011653,9606.ENSP00000332659,0.736,STRING
IFNAR1,MMP9,9606.ENSP00000270139,9606.ENSP00000361405,0.736,STRING
FLT4,PIK3CB,9606.ENSP00000261937,9606.ENSP00000501150,0.735,STRING
FGF23,TEK,9606.ENSP00000237837,9606.ENSP00000369375,0.735,STRING
CDH1,ALB,9606.ENSP00000261769,9606.ENSP00000295897,0.735,STRING
PDGFRB,LEP,9606.ENSP00000261799,9606.ENSP00000312652,0.735,STRING
PIK3CA,ROS1,9606.ENSP00000263967,9606.ENSP00000357494,0.735,STRING
FOXA1,TP53,9606.ENSP00000250448,9606.ENSP00000269305,0.735,STRING
IL1B,CD274,9606.ENSP00000263341,9606.ENSP00000370989,0.735,STRING
PARP1,LMNA,9606.ENSP00000355759,9606.ENSP00000357283,0.735,STRING
RIPK2,IL1B,9606.ENSP00000220751,9606.ENSP00000263341,0.735,STRING
KCNJ2,HCN4,9606.ENSP00000243457,9606.ENSP00000261917,0.735,STRING
POLA2,RRM1,9606.ENSP00000265465,9606.ENSP00000300738,0.735,STRING
TEK,PIK3R1,9606.ENSP00000369375,9606.ENSP00000428056,0.735,STRING
FLT1,HIF1A,9606.ENSP00000282397,9606.ENSP00000437955,0.735,STRING
MC3R,MC1R,9606.ENSP00000243911,9606.ENSP00000451605,0.735,STRING
REN,IL6,9606.ENSP00000272190,9606.ENSP00000385675,0.735,STRING
IL2,INS,9606.ENSP00000226730,9606.ENSP00000380432,0.735,STRING
IL2,CSF3R,9606.ENSP00000226730,9606.ENSP00000362195,0.735,STRING
TSC2,ATM,9606.ENSP00000219476,9606.ENSP00000278616,0.735,STRING
TNFRSF8,CD19,9606.ENSP00000263932,9606.ENSP00000313419,0.735,STRING
CHUK,ESR1,9606.ENSP00000359424,9606.ENSP00000405330,0.735,STRING
GABRA3,GABRG3,9606.ENSP00000359337,9606.ENSP00000479113,0.735,STRING
SCN5A,TNNI3,9606.ENSP00000328968,9606.ENSP00000341838,0.735,STRING
ETV6,PIK3R1,9606.ENSP00000379658,9606.ENSP00000428056,0.735,STRING
TP53,CSNK1E,9606.ENSP00000269305,9606.ENSP00000380044,0.735,STRING
TACR1,TRPV1,9606.ENSP00000303522,9606.ENSP00000459962,0.735,STRING
SLC5A2,SLC2A1,9606.ENSP00000327943,9606.ENSP00000416293,0.735,STRING
NFKB1,RHOA,9606.ENSP00000226574,9606.ENSP00000400175,0.735,STRING
NFKB1,TNFSF13B,9606.ENSP00000226574,9606.ENSP00000365048,0.735,STRING
PARP1,TNF,9606.ENSP00000355759,9606.ENSP00000398698,0.735,STRING
KRAS,NCAM1,9606.ENSP00000256078,9606.ENSP00000480132,0.735,STRING
CD80,ITGB2,9606.ENSP00000264246,9606.ENSP00000380948,0.735,STRING
PDGFRA,SDHD,9606.ENSP00000257290,9606.ENSP00000364699,0.735,STRING
EGFR,SMAD4,9606.ENSP00000275493,9606.ENSP00000341551,0.735,STRING
FLT3,ERBB2,9606.ENSP00000241453,9606.ENSP00000269571,0.735,STRING
CSF1R,CD86,9606.ENSP00000286301,9606.ENSP00000332049,0.735,STRING
ERBB2,CAV1,9606.ENSP00000269571,9606.ENSP00000339191,0.735,STRING
PPARG,PTGS2,9606.ENSP00000287820,9606.ENSP00000356438,0.735,STRING
TNF,IRF5,9606.ENSP00000398698,9606.ENSP00000418037,0.735,STRING
RPS27A,CTNNB1,9606.ENSP00000272317,9606.ENSP00000495360,0.735,STRING
IFNAR1,TBK1,9606.ENSP00000270139,9606.ENSP00000329967,0.735,STRING
SRC,CD8A,9606.ENSP00000362680,9606.ENSP00000386559,0.735,STRING
HDAC10,NCOR1,9606.ENSP00000216271,9606.ENSP00000268712,0.735,STRING
MAPK1,CXCL8,9606.ENSP00000215832,9606.ENSP00000306512,0.735,STRING
NRG1,TGFA,9606.ENSP00000287842,9606.ENSP00000404131,0.735,STRING
HTR1A,MAOB,9606.ENSP00000316244,9606.ENSP00000367309,0.735,STRING
HDAC1,HDAC6,9606.ENSP00000362649,9606.ENSP00000365804,0.735,STRING
IL12A,CSF3R,9606.ENSP00000303231,9606.ENSP00000362195,0.734,STRING
ERBB2,NF2,9606.ENSP00000269571,9606.ENSP00000344666,0.734,STRING
APOE,IL10,9606.ENSP00000252486,9606.ENSP00000412237,0.734,STRING
KCNQ2,CACNA1A,9606.ENSP00000352035,9606.ENSP00000489829,0.734,STRING
MAOA,HTR1B,9606.ENSP00000340684,9606.ENSP00000358963,0.734,STRING
REN,UMOD,9606.ENSP00000272190,9606.ENSP00000379438,0.734,STRING
VHL,PSMC6,9606.ENSP00000256474,9606.ENSP00000484998,0.734,STRING
MAPK3,MYD88,9606.ENSP00000263025,9606.ENSP00000498321,0.734,STRING
FKBP1A,AKT1,9606.ENSP00000383003,9606.ENSP00000451828,0.734,STRING
CALM3,HDAC9,9606.ENSP00000291295,9606.ENSP00000408617,0.734,STRING
STAT3,FLT1,9606.ENSP00000264657,9606.ENSP00000282397,0.734,STRING
RPS27A,PSMB9,9606.ENSP00000272317,9606.ENSP00000363993,0.734,STRING
EPHA2,INS,9606.ENSP00000351209,9606.ENSP00000380432,0.734,STRING
CXCL8,CTNNB1,9606.ENSP00000306512,9606.ENSP00000495360,0.734,STRING
IL4,TNFSF11,9606.ENSP00000231449,9606.ENSP00000381775,0.734,STRING
STAT4,TNF,9606.ENSP00000351255,9606.ENSP00000398698,0.734,STRING
H3-3A,KDM6A,9606.ENSP00000355780,9606.ENSP00000367203,0.734,STRING
KCNA5,FYN,9606.ENSP00000252321,9606.ENSP00000346671,0.734,STRING
TGFB1,KDR,9606.ENSP00000221930,9606.ENSP00000263923,0.734,STRING
RYR1,CACNA1E,9606.ENSP00000352608,9606.ENSP00000356545,0.734,STRING
CSK,GJA1,9606.ENSP00000220003,9606.ENSP00000282561,0.734,STRING
CACNG4,CACNG2,9606.ENSP00000262138,9606.ENSP00000300105,0.734,STRING
F8,MBL2,9606.ENSP00000353393,9606.ENSP00000363079,0.734,STRING
PPARG,LEPR,9606.ENSP00000287820,9606.ENSP00000330393,0.734,STRING
STAT5B,FYN,9606.ENSP00000293328,9606.ENSP00000346671,0.734,STRING
HDAC6,CTNNB1,9606.ENSP00000365804,9606.ENSP00000495360,0.734,STRING
CD3E,CD40LG,9606.ENSP00000354566,9606.ENSP00000359663,0.734,STRING
APP,AGTR1,9606.ENSP00000284981,9606.ENSP00000398832,0.734,STRING
GATA3,PBX1,9606.ENSP00000368632,9606.ENSP00000405890,0.734,STRING
HMGCR,ALB,9606.ENSP00000287936,9606.ENSP00000295897,0.734,STRING
ARSA,IDUA,9606.ENSP00000216124,9606.ENSP00000247933,0.734,STRING
GRIN2A,GABRA1,9606.ENSP00000332549,9606.ENSP00000393097,0.734,STRING
ANK1,TP53,9606.ENSP00000265709,9606.ENSP00000269305,0.734,STRING
PMS2,CHEK2,9606.ENSP00000265849,9606.ENSP00000372023,0.734,STRING
PSMA4,HIF1A,9606.ENSP00000044462,9606.ENSP00000437955,0.734,STRING
SCNN1G,SCN2A,9606.ENSP00000300061,9606.ENSP00000490107,0.734,STRING
CA5B,CA5A,9606.ENSP00000314099,9606.ENSP00000498065,0.734,STRING
TNFRSF1A,TNFSF15,9606.ENSP00000162749,9606.ENSP00000363157,0.734,STRING
NFKB1,CXCR4,9606.ENSP00000226574,9606.ENSP00000386884,0.734,STRING
ERBB3,BDNF,9606.ENSP00000267101,9606.ENSP00000414303,0.734,STRING
RB1,PTEN,9606.ENSP00000267163,9606.ENSP00000361021,0.734,STRING
GNAS,AGTR1,9606.ENSP00000360141,9606.ENSP00000398832,0.734,STRING
RB1,ARID1B,9606.ENSP00000267163,9606.ENSP00000490491,0.733,STRING
CREBBP,AIRE,9606.ENSP00000262367,9606.ENSP00000291582,0.733,STRING
PPARG,IL10,9606.ENSP00000287820,9606.ENSP00000412237,0.733,STRING
PDGFRB,IL13,9606.ENSP00000261799,9606.ENSP00000304915,0.733,STRING
CACNG3,RYR1,9606.ENSP00000005284,9606.ENSP00000352608,0.733,STRING
ATM,SOCS1,9606.ENSP00000278616,9606.ENSP00000496577,0.733,STRING
APP,ADAM17,9606.ENSP00000284981,9606.ENSP00000309968,0.733,STRING
APP,EPHB2,9606.ENSP00000284981,9606.ENSP00000383053,0.733,STRING
GSR,IDH2,9606.ENSP00000221130,9606.ENSP00000331897,0.733,STRING
GSR,XDH,9606.ENSP00000221130,9606.ENSP00000368727,0.733,STRING
CACNG8,FKBP1A,9606.ENSP00000270458,9606.ENSP00000383003,0.733,STRING
IL1B,RHOA,9606.ENSP00000263341,9606.ENSP00000400175,0.733,STRING
ITGA2B,SPP1,9606.ENSP00000262407,9606.ENSP00000378517,0.733,STRING
CEBPA,CTNNB1,9606.ENSP00000427514,9606.ENSP00000495360,0.733,STRING
CACNG7,FKBP1A,9606.ENSP00000375647,9606.ENSP00000383003,0.733,STRING
IL2RA,PRF1,9606.ENSP00000369293,9606.ENSP00000398568,0.733,STRING
STAT3,PIM1,9606.ENSP00000264657,9606.ENSP00000362608,0.733,STRING
CFTR,ABCG2,9606.ENSP00000003084,9606.ENSP00000498246,0.733,STRING
PSMA7,LCK,9606.ENSP00000359910,9606.ENSP00000477713,0.733,STRING
GRIN2A,CACNG5,9606.ENSP00000332549,9606.ENSP00000436836,0.733,STRING
IL12A,IL4R,9606.ENSP00000303231,9606.ENSP00000379111,0.733,STRING
COL18A1,COL4A2,9606.ENSP00000352798,9606.ENSP00000353654,0.733,STRING
PTPN22,IL2RA,9606.ENSP00000352833,9606.ENSP00000369293,0.733,STRING
PDCD1,LCK,9606.ENSP00000335062,9606.ENSP00000477713,0.733,STRING
GUCY1A1,PDE1C,9606.ENSP00000296518,9606.ENSP00000379496,0.733,STRING
CD79A,ENG,9606.ENSP00000221972,9606.ENSP00000362299,0.733,STRING
MPO,CXCL8,9606.ENSP00000225275,9606.ENSP00000306512,0.733,STRING
GABRB3,GABBR1,9606.ENSP00000308725,9606.ENSP00000366233,0.733,STRING
EPHA2,PIK3R1,9606.ENSP00000351209,9606.ENSP00000428056,0.733,STRING
PTK2,HIF1A,9606.ENSP00000341189,9606.ENSP00000437955,0.733,STRING
CCND1,RUNX1,9606.ENSP00000227507,9606.ENSP00000300305,0.733,STRING
NFKB1,ERBB2,9606.ENSP00000226574,9606.ENSP00000269571,0.733,STRING
IL2,PDGFRA,9606.ENSP00000226730,9606.ENSP00000257290,0.733,STRING
AURKB,CDKN2A,9606.ENSP00000313950,9606.ENSP00000418915,0.733,STRING
FLT3,TGFA,9606.ENSP00000241453,9606.ENSP00000404131,0.733,STRING
CD19,CD52,9606.ENSP00000313419,9606.ENSP00000363330,0.733,STRING
SCN5A,SPTBN4,9606.ENSP00000328968,9606.ENSP00000469242,0.733,STRING
NR3C1,PGR,9606.ENSP00000231509,9606.ENSP00000325120,0.733,STRING
FGFR3,TGFA,9606.ENSP00000339824,9606.ENSP00000404131,0.733,STRING
ACE,MMP9,9606.ENSP00000290866,9606.ENSP00000361405,0.733,STRING
ACE,ACHE,9606.ENSP00000290866,9606.ENSP00000303211,0.733,STRING
TLR2,ALB,9606.ENSP00000260010,9606.ENSP00000295897,0.733,STRING
PALB2,MUTYH,9606.ENSP00000261584,9606.ENSP00000500891,0.732,STRING
BCR,PIK3CG,9606.ENSP00000303507,9606.ENSP00000419260,0.732,STRING
DNMT3A,NRAS,9606.ENSP00000264709,9606.ENSP00000358548,0.732,STRING
BRD4,BCL2,9606.ENSP00000263377,9606.ENSP00000381185,0.732,STRING
ATM,NF1,9606.ENSP00000278616,9606.ENSP00000351015,0.732,STRING
C3,APOE,9606.ENSP00000245907,9606.ENSP00000252486,0.732,STRING
LEPR,JAK1,9606.ENSP00000330393,9606.ENSP00000499900,0.732,STRING
KLKB1,AR,9606.ENSP00000264690,9606.ENSP00000363822,0.732,STRING
NDUFB7,SDHD,9606.ENSP00000215565,9606.ENSP00000364699,0.732,STRING
CD40LG,IL17A,9606.ENSP00000359663,9606.ENSP00000497968,0.732,STRING
JAK2,AKT1,9606.ENSP00000371067,9606.ENSP00000451828,0.732,STRING
IDH2,SRSF2,9606.ENSP00000331897,9606.ENSP00000376276,0.732,STRING
KCNJ2,KCND3,9606.ENSP00000243457,9606.ENSP00000319591,0.732,STRING
ETV6,KMT2A,9606.ENSP00000379658,9606.ENSP00000436786,0.732,STRING
EGFR,PCSK9,9606.ENSP00000275493,9606.ENSP00000303208,0.732,STRING
ERBB3,AXL,9606.ENSP00000267101,9606.ENSP00000301178,0.732,STRING
ITGA2B,CD40,9606.ENSP00000262407,9606.ENSP00000361359,0.732,STRING
DRD4,CHRNA4,9606.ENSP00000176183,9606.ENSP00000359285,0.732,STRING
GABRG2,GABRG3,9606.ENSP00000410732,9606.ENSP00000479113,0.732,STRING
ANGPT1,IGF1R,9606.ENSP00000428340,9606.ENSP00000497069,0.732,STRING
IFNGR1,IL4R,9606.ENSP00000356713,9606.ENSP00000379111,0.732,STRING
F9,ALB,9606.ENSP00000218099,9606.ENSP00000295897,0.732,STRING
PDE1B,PDE2A,9606.ENSP00000243052,9606.ENSP00000334910,0.732,STRING
APOE,REN,9606.ENSP00000252486,9606.ENSP00000272190,0.732,STRING
TLR4,ELANE,9606.ENSP00000363089,9606.ENSP00000466090,0.732,STRING
RYR2,TNNT2,9606.ENSP00000355533,9606.ENSP00000499593,0.732,STRING
MSH6,FBXW7,9606.ENSP00000234420,9606.ENSP00000474725,0.732,STRING
CDKN1B,IGF1R,9606.ENSP00000228872,9606.ENSP00000497069,0.732,STRING
LEP,BDNF,9606.ENSP00000312652,9606.ENSP00000414303,0.732,STRING
FGFR3,ANGPT1,9606.ENSP00000339824,9606.ENSP00000428340,0.732,STRING
IL23A,IL4,9606.ENSP00000228534,9606.ENSP00000231449,0.732,STRING
MMP13,CXCL8,9606.ENSP00000260302,9606.ENSP00000306512,0.732,STRING
NOS3,INS,9606.ENSP00000297494,9606.ENSP00000380432,0.732,STRING
APOA1,FGG,9606.ENSP00000236850,9606.ENSP00000336829,0.732,STRING
CD19,IL17A,9606.ENSP00000313419,9606.ENSP00000497968,0.732,STRING
NPM1,MECP2,9606.ENSP00000296930,9606.ENSP00000395535,0.732,STRING
PTK2,COL4A3,9606.ENSP00000341189,9606.ENSP00000379823,0.732,STRING
CALM3,PTH1R,9606.ENSP00000291295,9606.ENSP00000402723,0.732,STRING
FKBP1A,CACNB4,9606.ENSP00000383003,9606.ENSP00000438949,0.732,STRING
CBL,ERBB3,9606.ENSP00000264033,9606.ENSP00000267101,0.732,STRING
RYR1,CACNG7,9606.ENSP00000352608,9606.ENSP00000375647,0.732,STRING
CRP,SHBG,9606.ENSP00000255030,9606.ENSP00000369816,0.732,STRING
CD79A,EBF1,9606.ENSP00000221972,9606.ENSP00000322898,0.732,STRING
CDH1,STAT3,9606.ENSP00000261769,9606.ENSP00000264657,0.732,STRING
MAPK1,CDKN1A,9606.ENSP00000215832,9606.ENSP00000384849,0.732,STRING
AURKA,CTNNB1,9606.ENSP00000216911,9606.ENSP00000495360,0.732,STRING
CDH1,DDR1,9606.ENSP00000261769,9606.ENSP00000427552,0.732,STRING
EZH2,MECP2,9606.ENSP00000320147,9606.ENSP00000395535,0.732,STRING
CACNG2,RYR1,9606.ENSP00000300105,9606.ENSP00000352608,0.731,STRING
ERBB3,MYC,9606.ENSP00000267101,9606.ENSP00000478887,0.731,STRING
FOXP3,CXCR4,9606.ENSP00000365380,9606.ENSP00000386884,0.731,STRING
IL13,CSF2RB,9606.ENSP00000304915,9606.ENSP00000384053,0.731,STRING
CXCL8,PGF,9606.ENSP00000306512,9606.ENSP00000451040,0.731,STRING
SRC,TGFA,9606.ENSP00000362680,9606.ENSP00000404131,0.731,STRING
TGFB1,JAG1,9606.ENSP00000221930,9606.ENSP00000254958,0.731,STRING
SMAD2,RHOA,9606.ENSP00000262160,9606.ENSP00000400175,0.731,STRING
LEP,MTOR,9606.ENSP00000312652,9606.ENSP00000354558,0.731,STRING
ERBB2,ABL1,9606.ENSP00000269571,9606.ENSP00000361423,0.731,STRING
IFNG,MPL,9606.ENSP00000229135,9606.ENSP00000361548,0.731,STRING
BRCA1,CTNNB1,9606.ENSP00000418960,9606.ENSP00000495360,0.731,STRING
SNAP25,GRIA1,9606.ENSP00000254976,9606.ENSP00000428994,0.731,STRING
CRP,SERPINA1,9606.ENSP00000255030,9606.ENSP00000416066,0.731,STRING
EP300,THRB,9606.ENSP00000263253,9606.ENSP00000379904,0.731,STRING
RARG,PBX1,9606.ENSP00000388510,9606.ENSP00000405890,0.731,STRING
IL1B,AGT,9606.ENSP00000263341,9606.ENSP00000355627,0.731,STRING
IL2,TLR4,9606.ENSP00000226730,9606.ENSP00000363089,0.731,STRING
RET,CTNNB1,9606.ENSP00000347942,9606.ENSP00000495360,0.731,STRING
CD40,IDO1,9606.ENSP00000361359,9606.ENSP00000430950,0.731,STRING
MIF,TP53,9606.ENSP00000215754,9606.ENSP00000269305,0.731,STRING
LHCGR,ESR1,9606.ENSP00000294954,9606.ENSP00000405330,0.731,STRING
IL10,AKT1,9606.ENSP00000412237,9606.ENSP00000451828,0.731,STRING
GSK3B,BCL2,9606.ENSP00000324806,9606.ENSP00000381185,0.731,STRING
EPHA2,FGF9,9606.ENSP00000351209,9606.ENSP00000371790,0.731,STRING
CSK,CTNNB1,9606.ENSP00000220003,9606.ENSP00000495360,0.731,STRING
PDGFRB,PIK3CG,9606.ENSP00000261799,9606.ENSP00000419260,0.731,STRING
PTK2,COL4A1,9606.ENSP00000341189,9606.ENSP00000364979,0.731,STRING
ACE,NOS3,9606.ENSP00000290866,9606.ENSP00000297494,0.731,STRING
AR,PRKCB,9606.ENSP00000363822,9606.ENSP00000496129,0.731,STRING
PTCH1,CTNNB1,9606.ENSP00000332353,9606.ENSP00000495360,0.731,STRING
U2AF1,IDH2,9606.ENSP00000291552,9606.ENSP00000331897,0.731,STRING
EPOR,ACE2,9606.ENSP00000222139,9606.ENSP00000389326,0.731,STRING
MMP2,HIF1A,9606.ENSP00000219070,9606.ENSP00000437955,0.731,STRING
AXL,LCK,9606.ENSP00000301178,9606.ENSP00000477713,0.731,STRING
SMAD3,PTPN11,9606.ENSP00000332973,9606.ENSP00000489597,0.731,STRING
IDH2,BRAF,9606.ENSP00000331897,9606.ENSP00000419060,0.731,STRING
FGF23,FGF10,9606.ENSP00000237837,9606.ENSP00000264664,0.731,STRING
FLT3,PAX5,9606.ENSP00000241453,9606.ENSP00000350844,0.731,STRING
RBM20,MYH6,9606.ENSP00000358532,9606.ENSP00000386041,0.731,STRING
DNMT3A,GATA2,9606.ENSP00000264709,9606.ENSP00000345681,0.731,STRING
MMP2,FLT1,9606.ENSP00000219070,9606.ENSP00000282397,0.731,STRING
IL6,MYC,9606.ENSP00000385675,9606.ENSP00000478887,0.73,STRING
MTNR1B,INS,9606.ENSP00000257068,9606.ENSP00000380432,0.73,STRING
PKD1,PTK2,9606.ENSP00000262304,9606.ENSP00000341189,0.73,STRING
NKX2-5,ZFPM2,9606.ENSP00000327758,9606.ENSP00000384179,0.73,STRING
TNF,FURIN,9606.ENSP00000398698,9606.ENSP00000483552,0.73,STRING
TP53,DMD,9606.ENSP00000269305,9606.ENSP00000354923,0.73,STRING
ANGPTL4,HIF1A,9606.ENSP00000301455,9606.ENSP00000437955,0.73,STRING
NOS3,MMP9,9606.ENSP00000297494,9606.ENSP00000361405,0.73,STRING
BRD4,TNF,9606.ENSP00000263377,9606.ENSP00000398698,0.73,STRING
HDAC3,AR,9606.ENSP00000302967,9606.ENSP00000363822,0.73,STRING
KCNH2,CYP3A4,9606.ENSP00000262186,9606.ENSP00000498939,0.73,STRING
STAG2,ATRX,9606.ENSP00000218089,9606.ENSP00000362441,0.73,STRING
IL5,PDGFRB,9606.ENSP00000231454,9606.ENSP00000261799,0.73,STRING
POLE2,POLD4,9606.ENSP00000216367,9606.ENSP00000311368,0.73,STRING
KDR,TP53,9606.ENSP00000263923,9606.ENSP00000269305,0.73,STRING
HDAC5,SMAD3,9606.ENSP00000225983,9606.ENSP00000332973,0.73,STRING
NPC1,SMPD1,9606.ENSP00000269228,9606.ENSP00000340409,0.73,STRING
CD80,TNFSF4,9606.ENSP00000264246,9606.ENSP00000281834,0.73,STRING
MTOR,MYC,9606.ENSP00000354558,9606.ENSP00000478887,0.73,STRING
SNAP25,HTR1B,9606.ENSP00000254976,9606.ENSP00000358963,0.73,STRING
NPM1,SRSF2,9606.ENSP00000296930,9606.ENSP00000376276,0.73,STRING
IL23A,IFNG,9606.ENSP00000228534,9606.ENSP00000229135,0.73,STRING
MLH1,STK11,9606.ENSP00000231790,9606.ENSP00000324856,0.73,STRING
CSF1R,NGF,9606.ENSP00000286301,9606.ENSP00000358525,0.73,STRING
SRC,CTLA4,9606.ENSP00000362680,9606.ENSP00000497102,0.73,STRING
CDH1,SOX2,9606.ENSP00000261769,9606.ENSP00000323588,0.73,STRING
RXRA,HDAC2,9606.ENSP00000419692,9606.ENSP00000430432,0.73,STRING
MYH6,HIF1A,9606.ENSP00000386041,9606.ENSP00000437955,0.73,STRING
EPHA2,TGFA,9606.ENSP00000351209,9606.ENSP00000404131,0.73,STRING
RPS27A,SEM1,9606.ENSP00000272317,9606.ENSP00000481021,0.73,STRING
PDGFRA,CDKN2A,9606.ENSP00000257290,9606.ENSP00000418915,0.73,STRING
TBK1,TLR7,9606.ENSP00000329967,9606.ENSP00000370034,0.73,STRING
FGF10,EPHA2,9606.ENSP00000264664,9606.ENSP00000351209,0.73,STRING
NR1I2,ABCC2,9606.ENSP00000336528,9606.ENSP00000497274,0.73,STRING
SCN1A,GABRD,9606.ENSP00000303540,9606.ENSP00000367848,0.729,STRING
KRAS,PTK2,9606.ENSP00000256078,9606.ENSP00000341189,0.729,STRING
HRAS,JAK3,9606.ENSP00000407586,9606.ENSP00000432511,0.729,STRING
ABL1,PBX1,9606.ENSP00000361423,9606.ENSP00000405890,0.729,STRING
BAG3,HDAC6,9606.ENSP00000358081,9606.ENSP00000365804,0.729,STRING
IL2RA,CSF2RB,9606.ENSP00000369293,9606.ENSP00000384053,0.729,STRING
TYMS,FOLR1,9606.ENSP00000315644,9606.ENSP00000377284,0.729,STRING
PTGS2,PPARA,9606.ENSP00000356438,9606.ENSP00000385523,0.729,STRING
CD4,IL33,9606.ENSP00000011653,9606.ENSP00000370842,0.729,STRING
U2AF1,RUNX1,9606.ENSP00000291552,9606.ENSP00000300305,0.729,STRING
FGF23,CSF1R,9606.ENSP00000237837,9606.ENSP00000286301,0.729,STRING
ANGPT1,AKT1,9606.ENSP00000428340,9606.ENSP00000451828,0.729,STRING
FOXP3,BCL2,9606.ENSP00000365380,9606.ENSP00000381185,0.729,STRING
SHBG,ESR1,9606.ENSP00000369816,9606.ENSP00000405330,0.729,STRING
APOE,PCSK9,9606.ENSP00000252486,9606.ENSP00000303208,0.729,STRING
KCNJ2,RYR2,9606.ENSP00000243457,9606.ENSP00000355533,0.729,STRING
MMP2,TNF,9606.ENSP00000219070,9606.ENSP00000398698,0.729,STRING
BCOR,BRCA2,9606.ENSP00000367705,9606.ENSP00000369497,0.729,STRING
AURKA,TYMS,9606.ENSP00000216911,9606.ENSP00000315644,0.729,STRING
CDK4,ABL1,9606.ENSP00000257904,9606.ENSP00000361423,0.729,STRING
PAX8,TPO,9606.ENSP00000263334,9606.ENSP00000329869,0.729,STRING
PAX8,HRAS,9606.ENSP00000263334,9606.ENSP00000407586,0.729,STRING
NBN,RAD51B,9606.ENSP00000265433,9606.ENSP00000419881,0.729,STRING
CACNG4,RYR1,9606.ENSP00000262138,9606.ENSP00000352608,0.729,STRING
PDGFRB,JAK3,9606.ENSP00000261799,9606.ENSP00000432511,0.729,STRING
C3,IL10,9606.ENSP00000245907,9606.ENSP00000412237,0.729,STRING
KCNH1,KCNB1,9606.ENSP00000271751,9606.ENSP00000360806,0.729,STRING
SMARCA4,MECP2,9606.ENSP00000343896,9606.ENSP00000395535,0.729,STRING
ERBB2,CXCR4,9606.ENSP00000269571,9606.ENSP00000386884,0.729,STRING
SPP1,MYD88,9606.ENSP00000378517,9606.ENSP00000498321,0.729,STRING
MAPK1,ITGB3,9606.ENSP00000215832,9606.ENSP00000452786,0.728,STRING
NPM1,PPIA,9606.ENSP00000296930,9606.ENSP00000419425,0.728,STRING
EGFR,SOCS1,9606.ENSP00000275493,9606.ENSP00000496577,0.728,STRING
NRAS,YES1,9606.ENSP00000358548,9606.ENSP00000462468,0.728,STRING
EPAS1,MTOR,9606.ENSP00000263734,9606.ENSP00000354558,0.728,STRING
PDCD1,IL17A,9606.ENSP00000335062,9606.ENSP00000497968,0.728,STRING
CREBBP,EWSR1,9606.ENSP00000262367,9606.ENSP00000400142,0.728,STRING
CREBBP,FBXW7,9606.ENSP00000262367,9606.ENSP00000474725,0.728,STRING
NFKB1,IRF4,9606.ENSP00000226574,9606.ENSP00000370343,0.728,STRING
CAV1,LCK,9606.ENSP00000339191,9606.ENSP00000477713,0.728,STRING
CACNA1G,RUNX3,9606.ENSP00000352011,9606.ENSP00000382800,0.728,STRING
RAF1,PTPN11,9606.ENSP00000401888,9606.ENSP00000489597,0.728,STRING
ROCK1,MYC,9606.ENSP00000382697,9606.ENSP00000478887,0.728,STRING
FLT3,RARA,9606.ENSP00000241453,9606.ENSP00000254066,0.728,STRING
TP53,JAK2,9606.ENSP00000269305,9606.ENSP00000371067,0.728,STRING
CACNA1H,FKBP1A,9606.ENSP00000334198,9606.ENSP00000383003,0.728,STRING
NFKB1,CD40LG,9606.ENSP00000226574,9606.ENSP00000359663,0.728,STRING
ATP1B1,ABCG5,9606.ENSP00000356790,9606.ENSP00000384513,0.728,STRING
ABCG8,ATP1B1,9606.ENSP00000272286,9606.ENSP00000356790,0.728,STRING
NKX2-5,SMAD4,9606.ENSP00000327758,9606.ENSP00000341551,0.728,STRING
KCNA10,KCNA1,9606.ENSP00000358786,9606.ENSP00000371985,0.728,STRING
PTGFR,AKR1C3,9606.ENSP00000359793,9606.ENSP00000369927,0.728,STRING
ATP1B2,ABCG8,9606.ENSP00000250111,9606.ENSP00000272286,0.728,STRING
TNFRSF8,CD8A,9606.ENSP00000263932,9606.ENSP00000386559,0.728,STRING
ATP1B2,ABCG5,9606.ENSP00000250111,9606.ENSP00000384513,0.728,STRING
CCR2,AGT,9606.ENSP00000292301,9606.ENSP00000355627,0.728,STRING
CYP11B1,KCNJ5,9606.ENSP00000292427,9606.ENSP00000433295,0.728,STRING
MSH2,ERBB2,9606.ENSP00000233146,9606.ENSP00000269571,0.728,STRING
ERBB3,ANGPT1,9606.ENSP00000267101,9606.ENSP00000428340,0.728,STRING
PAX8,RET,9606.ENSP00000263334,9606.ENSP00000347942,0.728,STRING
PIK3CA,BRCA1,9606.ENSP00000263967,9606.ENSP00000418960,0.728,STRING
IL13,MYD88,9606.ENSP00000304915,9606.ENSP00000498321,0.728,STRING
CXCL8,PTGFR,9606.ENSP00000306512,9606.ENSP00000359793,0.728,STRING
CACNG3,FKBP1A,9606.ENSP00000005284,9606.ENSP00000383003,0.728,STRING
KDR,CXCL8,9606.ENSP00000263923,9606.ENSP00000306512,0.728,STRING
FGF23,CASR,9606.ENSP00000237837,9606.ENSP00000420194,0.728,STRING
MPO,TLR4,9606.ENSP00000225275,9606.ENSP00000363089,0.728,STRING
LRRK2,HIF1A,9606.ENSP00000298910,9606.ENSP00000437955,0.728,STRING
RUNX1,WT1,9606.ENSP00000300305,9606.ENSP00000368370,0.728,STRING
STK11,NF1,9606.ENSP00000324856,9606.ENSP00000351015,0.728,STRING
BCL2,FAS,9606.ENSP00000381185,9606.ENSP00000498466,0.728,STRING
IL5,CSF3R,9606.ENSP00000231454,9606.ENSP00000362195,0.728,STRING
IL1B,NGF,9606.ENSP00000263341,9606.ENSP00000358525,0.728,STRING
ATP1B3,ABCG5,9606.ENSP00000286371,9606.ENSP00000384513,0.728,STRING
TP53,STAT5B,9606.ENSP00000269305,9606.ENSP00000293328,0.728,STRING
ABCG8,ATP1B3,9606.ENSP00000272286,9606.ENSP00000286371,0.728,STRING
CD4,SRC,9606.ENSP00000011653,9606.ENSP00000362680,0.728,STRING
SMARCA4,EWSR1,9606.ENSP00000343896,9606.ENSP00000400142,0.728,STRING
BRCA2,MUTYH,9606.ENSP00000369497,9606.ENSP00000500891,0.728,STRING
CNTNAP1,SCN8A,9606.ENSP00000264638,9606.ENSP00000346534,0.728,STRING
PDGFRA,IDH1,9606.ENSP00000257290,9606.ENSP00000390265,0.727,STRING
PLAT,INS,9606.ENSP00000220809,9606.ENSP00000380432,0.727,STRING
COL1A2,PTK2,9606.ENSP00000297268,9606.ENSP00000341189,0.727,STRING
STAT3,TLR7,9606.ENSP00000264657,9606.ENSP00000370034,0.727,STRING
SOX2,HESX1,9606.ENSP00000323588,9606.ENSP00000498190,0.727,STRING
CD79A,CD3D,9606.ENSP00000221972,9606.ENSP00000300692,0.727,STRING
RANBP2,NPM1,9606.ENSP00000283195,9606.ENSP00000296930,0.727,STRING
FLNC,SRC,9606.ENSP00000327145,9606.ENSP00000362680,0.727,STRING
AHR,RB1,9606.ENSP00000242057,9606.ENSP00000267163,0.727,STRING
KCNQ1,RYR2,9606.ENSP00000155840,9606.ENSP00000355533,0.727,STRING
STAT5B,NPM1,9606.ENSP00000293328,9606.ENSP00000296930,0.727,STRING
PDE1B,GUCY1A2,9606.ENSP00000243052,9606.ENSP00000282249,0.727,STRING
NR3C1,ADRB2,9606.ENSP00000231509,9606.ENSP00000305372,0.727,STRING
HIF1A,PSMC3,9606.ENSP00000437955,9606.ENSP00000481029,0.727,STRING
CD38,TP53,9606.ENSP00000226279,9606.ENSP00000269305,0.727,STRING
CD38,OXTR,9606.ENSP00000226279,9606.ENSP00000324270,0.727,STRING
ITGA2B,KIT,9606.ENSP00000262407,9606.ENSP00000288135,0.727,STRING
PIK3CA,CAV1,9606.ENSP00000263967,9606.ENSP00000339191,0.727,STRING
TGFB1,FLT1,9606.ENSP00000221930,9606.ENSP00000282397,0.727,STRING
IDH2,ATRX,9606.ENSP00000331897,9606.ENSP00000362441,0.727,STRING
LMNA,TTN,9606.ENSP00000357283,9606.ENSP00000467141,0.727,STRING
CACNA1C,OXTR,9606.ENSP00000266376,9606.ENSP00000324270,0.727,STRING
ERG,KCNH6,9606.ENSP00000414150,9606.ENSP00000463533,0.727,STRING
INS,CTNNB1,9606.ENSP00000380432,9606.ENSP00000495360,0.727,STRING
LHCGR,ESR2,9606.ENSP00000294954,9606.ENSP00000343925,0.727,STRING
ITGB2,TNF,9606.ENSP00000380948,9606.ENSP00000398698,0.727,STRING
BCHE,APP,9606.ENSP00000264381,9606.ENSP00000284981,0.727,STRING
KIT,CD8A,9606.ENSP00000288135,9606.ENSP00000386559,0.727,STRING
MEN1,MYC,9606.ENSP00000337088,9606.ENSP00000478887,0.727,STRING
KCNQ2,CACNB4,9606.ENSP00000352035,9606.ENSP00000438949,0.727,STRING
APP,LRP1B,9606.ENSP00000284981,9606.ENSP00000374135,0.727,STRING
PALB2,PTEN,9606.ENSP00000261584,9606.ENSP00000361021,0.727,STRING
IL1RL1,IL7R,9606.ENSP00000233954,9606.ENSP00000306157,0.727,STRING
RHOA,MYC,9606.ENSP00000400175,9606.ENSP00000478887,0.727,STRING
PDGFRB,ITGB3,9606.ENSP00000261799,9606.ENSP00000452786,0.727,STRING
PIK3CD,FGFR2,9606.ENSP00000366563,9606.ENSP00000410294,0.727,STRING
CSF3R,SETBP1,9606.ENSP00000362195,9606.ENSP00000497406,0.727,STRING
FLG,DSP,9606.ENSP00000357789,9606.ENSP00000369129,0.727,STRING
HDAC10,EP300,9606.ENSP00000216271,9606.ENSP00000263253,0.726,STRING
GRIK5,GRIN2B,9606.ENSP00000301218,9606.ENSP00000477455,0.726,STRING
IL13,TGFA,9606.ENSP00000304915,9606.ENSP00000404131,0.726,STRING
SCN1A,CACNA1G,9606.ENSP00000303540,9606.ENSP00000352011,0.726,STRING
KL,INS,9606.ENSP00000369442,9606.ENSP00000380432,0.726,STRING
NFKB1,BRCA1,9606.ENSP00000226574,9606.ENSP00000418960,0.726,STRING
IL18,CCR5,9606.ENSP00000280357,9606.ENSP00000292303,0.726,STRING
EGFR,PRKCE,9606.ENSP00000275493,9606.ENSP00000306124,0.726,STRING
EGFR,TSLP,9606.ENSP00000275493,9606.ENSP00000339804,0.726,STRING
CHUK,NOTCH1,9606.ENSP00000359424,9606.ENSP00000498587,0.726,STRING
PARP1,PTEN,9606.ENSP00000355759,9606.ENSP00000361021,0.726,STRING
CXCL8,IRAK1,9606.ENSP00000306512,9606.ENSP00000358997,0.726,STRING
H3-3A,IDH1,9606.ENSP00000355780,9606.ENSP00000390265,0.726,STRING
EPHA4,EPHA7,9606.ENSP00000281821,9606.ENSP00000358309,0.726,STRING
CHRNA1,CHRNA2,9606.ENSP00000261007,9606.ENSP00000385026,0.726,STRING
INSR,BDNF,9606.ENSP00000303830,9606.ENSP00000414303,0.726,STRING
TEK,IL6,9606.ENSP00000369375,9606.ENSP00000385675,0.726,STRING
BLK,TNFAIP3,9606.ENSP00000259089,9606.ENSP00000481570,0.726,STRING
SLC6A4,HTR3A,9606.ENSP00000261707,9606.ENSP00000347754,0.726,STRING
SCN8A,GABRG2,9606.ENSP00000346534,9606.ENSP00000410732,0.726,STRING
CSF3R,CSF2RB,9606.ENSP00000362195,9606.ENSP00000384053,0.726,STRING
CYP3A5,P2RY12,9606.ENSP00000222982,9606.ENSP00000307259,0.726,STRING
TRPM8,NGF,9606.ENSP00000323926,9606.ENSP00000358525,0.726,STRING
TLR9,CHUK,9606.ENSP00000353874,9606.ENSP00000359424,0.726,STRING
DES,DSP,9606.ENSP00000363071,9606.ENSP00000369129,0.726,STRING
HDAC1,BDNF,9606.ENSP00000362649,9606.ENSP00000414303,0.726,STRING
SYK,ITK,9606.ENSP00000364898,9606.ENSP00000398655,0.726,STRING
CD4,TNFSF11,9606.ENSP00000011653,9606.ENSP00000381775,0.726,STRING
LRP6,HNF4A,9606.ENSP00000261349,9606.ENSP00000312987,0.726,STRING
EPOR,IL10,9606.ENSP00000222139,9606.ENSP00000412237,0.726,STRING
PDE6B,ENPP1,9606.ENSP00000420295,9606.ENSP00000498074,0.726,STRING
MSH2,NF1,9606.ENSP00000233146,9606.ENSP00000351015,0.726,STRING
GATA2,KMT2A,9606.ENSP00000345681,9606.ENSP00000436786,0.726,STRING
CACNA1C,KCND2,9606.ENSP00000266376,9606.ENSP00000333496,0.726,STRING
NDUFS3,NDUFA4L2,9606.ENSP00000263774,9606.ENSP00000377411,0.726,STRING
PIK3CA,TYK2,9606.ENSP00000263967,9606.ENSP00000431885,0.726,STRING
FGFR4,ANGPT2,9606.ENSP00000292408,9606.ENSP00000314897,0.726,STRING
PDE6A,ENPP1,9606.ENSP00000255266,9606.ENSP00000498074,0.726,STRING
TP53,ERBB4,9606.ENSP00000269305,9606.ENSP00000342235,0.726,STRING
NDUFB7,NDUFA4L2,9606.ENSP00000215565,9606.ENSP00000377411,0.726,STRING
SMAD2,SHH,9606.ENSP00000262160,9606.ENSP00000297261,0.726,STRING
STAT3,RUNX1,9606.ENSP00000264657,9606.ENSP00000300305,0.726,STRING
IFNG,IL1R1,9606.ENSP00000229135,9606.ENSP00000386380,0.726,STRING
PTEN,RHOA,9606.ENSP00000361021,9606.ENSP00000400175,0.726,STRING
CD19,PRDM1,9606.ENSP00000313419,9606.ENSP00000358092,0.726,STRING
CD19,TNFSF13B,9606.ENSP00000313419,9606.ENSP00000365048,0.726,STRING
STAT5B,LEP,9606.ENSP00000293328,9606.ENSP00000312652,0.726,STRING
HDAC6,RHOA,9606.ENSP00000365804,9606.ENSP00000400175,0.726,STRING
STAT3,CD19,9606.ENSP00000264657,9606.ENSP00000313419,0.726,STRING
PLK4,AURKB,9606.ENSP00000270861,9606.ENSP00000313950,0.726,STRING
FLT4,PIK3CD,9606.ENSP00000261937,9606.ENSP00000366563,0.726,STRING
TNFRSF8,NOTCH1,9606.ENSP00000263932,9606.ENSP00000498587,0.726,STRING
MSH6,ARID1A,9606.ENSP00000234420,9606.ENSP00000320485,0.726,STRING
PDGFRB,STAT5B,9606.ENSP00000261799,9606.ENSP00000293328,0.726,STRING
NR3C1,SERPINA6,9606.ENSP00000231509,9606.ENSP00000342850,0.726,STRING
CACNA1F,FKBP1A,9606.ENSP00000365441,9606.ENSP00000383003,0.725,STRING
CEBPA,LPL,9606.ENSP00000427514,9606.ENSP00000497642,0.725,STRING
ERBB3,PDGFB,9606.ENSP00000267101,9606.ENSP00000330382,0.725,STRING
CDK4,CALM3,9606.ENSP00000257904,9606.ENSP00000291295,0.725,STRING
TNFRSF8,ERBB2,9606.ENSP00000263932,9606.ENSP00000269571,0.725,STRING
RPS27A,PARP1,9606.ENSP00000272317,9606.ENSP00000355759,0.725,STRING
KCNJ11,FTO,9606.ENSP00000345708,9606.ENSP00000418823,0.725,STRING
CCR2,CTLA4,9606.ENSP00000292301,9606.ENSP00000497102,0.725,STRING
KLKB1,F10,9606.ENSP00000264690,9606.ENSP00000364709,0.725,STRING
TXK,LYN,9606.ENSP00000264316,9606.ENSP00000428924,0.725,STRING
TLR4,GDF5,9606.ENSP00000363089,9606.ENSP00000363492,0.725,STRING
FLT3,CDKN2A,9606.ENSP00000241453,9606.ENSP00000418915,0.725,STRING
SMAD4,SRC,9606.ENSP00000341551,9606.ENSP00000362680,0.725,STRING
RIPK1,TLR7,9606.ENSP00000259808,9606.ENSP00000370034,0.725,STRING
U2AF1,EZH2,9606.ENSP00000291552,9606.ENSP00000320147,0.725,STRING
SEM1,DLX5,9606.ENSP00000481021,9606.ENSP00000498116,0.725,STRING
HTR2B,HTR1B,9606.ENSP00000258400,9606.ENSP00000358963,0.725,STRING
HTR7,HTR3A,9606.ENSP00000337949,9606.ENSP00000347754,0.725,STRING
APOA1,HNF4A,9606.ENSP00000236850,9606.ENSP00000312987,0.725,STRING
NFKB1,HRAS,9606.ENSP00000226574,9606.ENSP00000407586,0.725,STRING
STAT3,TSLP,9606.ENSP00000264657,9606.ENSP00000339804,0.725,STRING
ERBB4,PGF,9606.ENSP00000342235,9606.ENSP00000451040,0.725,STRING
F5,F11,9606.ENSP00000356771,9606.ENSP00000384957,0.725,STRING
CRP,IL6R,9606.ENSP00000255030,9606.ENSP00000357470,0.725,STRING
AGT,AVPR1B,9606.ENSP00000355627,9606.ENSP00000356094,0.725,STRING
GABRA6,GABRB1,9606.ENSP00000274545,9606.ENSP00000295454,0.725,STRING
SLC47A1,SLC22A3,9606.ENSP00000270570,9606.ENSP00000275300,0.725,STRING
WFS1,KCNJ11,9606.ENSP00000226760,9606.ENSP00000345708,0.725,STRING
IL12B,IL10,9606.ENSP00000231228,9606.ENSP00000412237,0.725,STRING
IL4,ALB,9606.ENSP00000231449,9606.ENSP00000295897,0.725,STRING
ANGPT2,FGFR3,9606.ENSP00000314897,9606.ENSP00000339824,0.725,STRING
APP,CAV1,9606.ENSP00000284981,9606.ENSP00000339191,0.725,STRING
ERBB2,MTOR,9606.ENSP00000269571,9606.ENSP00000354558,0.725,STRING
SMAD2,HDAC4,9606.ENSP00000262160,9606.ENSP00000264606,0.725,STRING
PALB2,PARP1,9606.ENSP00000261584,9606.ENSP00000355759,0.725,STRING
BARD1,ATR,9606.ENSP00000260947,9606.ENSP00000343741,0.725,STRING
EPHA2,EPHB6,9606.ENSP00000351209,9606.ENSP00000481994,0.725,STRING
RPS27A,PSMB10,9606.ENSP00000272317,9606.ENSP00000351314,0.725,STRING
CDKN1B,JAK2,9606.ENSP00000228872,9606.ENSP00000371067,0.725,STRING
C5,PLG,9606.ENSP00000223642,9606.ENSP00000308938,0.725,STRING
SHH,BDNF,9606.ENSP00000297261,9606.ENSP00000414303,0.725,STRING
CASP8,IFIH1,9606.ENSP00000351273,9606.ENSP00000497271,0.725,STRING
RPS27A,BRCA1,9606.ENSP00000272317,9606.ENSP00000418960,0.725,STRING
TTR,F2,9606.ENSP00000237014,9606.ENSP00000308541,0.724,STRING
SMAD4,MMP9,9606.ENSP00000341551,9606.ENSP00000361405,0.724,STRING
TOP1,BRCA1,9606.ENSP00000354522,9606.ENSP00000418960,0.724,STRING
TOP2B,PARP1,9606.ENSP00000264331,9606.ENSP00000355759,0.724,STRING
IFNG,ACE2,9606.ENSP00000229135,9606.ENSP00000389326,0.724,STRING
REN,NOS3,9606.ENSP00000272190,9606.ENSP00000297494,0.724,STRING
ANGPT2,EPHA2,9606.ENSP00000314897,9606.ENSP00000351209,0.724,STRING
EP300,STAT4,9606.ENSP00000263253,9606.ENSP00000351255,0.724,STRING
AURKB,POLD1,9606.ENSP00000313950,9606.ENSP00000472445,0.724,STRING
GRIN3A,CACNG5,9606.ENSP00000355155,9606.ENSP00000436836,0.724,STRING
PTK2,COL4A2,9606.ENSP00000341189,9606.ENSP00000353654,0.724,STRING
IL12A,IL23R,9606.ENSP00000303231,9606.ENSP00000321345,0.724,STRING
FOXA1,HDAC1,9606.ENSP00000250448,9606.ENSP00000362649,0.724,STRING
GABRA6,GABRA2,9606.ENSP00000274545,9606.ENSP00000427603,0.724,STRING
LAMA5,COL4A2,9606.ENSP00000252999,9606.ENSP00000353654,0.724,STRING
RB1,POLA1,9606.ENSP00000267163,9606.ENSP00000368358,0.724,STRING
APOE,EP300,9606.ENSP00000252486,9606.ENSP00000263253,0.724,STRING
MAPK3,IL17A,9606.ENSP00000263025,9606.ENSP00000497968,0.724,STRING
FGFR2,NOTCH1,9606.ENSP00000410294,9606.ENSP00000498587,0.724,STRING
TP53,GATA3,9606.ENSP00000269305,9606.ENSP00000368632,0.724,STRING
IL7R,FYN,9606.ENSP00000306157,9606.ENSP00000346671,0.724,STRING
MMP1,TNF,9606.ENSP00000322788,9606.ENSP00000398698,0.724,STRING
LMNA,DSP,9606.ENSP00000357283,9606.ENSP00000369129,0.724,STRING
CACNG8,HTR3A,9606.ENSP00000270458,9606.ENSP00000347754,0.724,STRING
IL4R,IL17A,9606.ENSP00000379111,9606.ENSP00000497968,0.724,STRING
MAPK1,ABL1,9606.ENSP00000215832,9606.ENSP00000361423,0.724,STRING
MSH2,BRAF,9606.ENSP00000233146,9606.ENSP00000419060,0.724,STRING
KCNC3,CACNA1A,9606.ENSP00000434241,9606.ENSP00000489829,0.724,STRING
ATP13A2,MAPT,9606.ENSP00000327214,9606.ENSP00000340820,0.724,STRING
TLR9,FPR1,9606.ENSP00000353874,9606.ENSP00000471493,0.724,STRING
CCND1,PARP1,9606.ENSP00000227507,9606.ENSP00000355759,0.724,STRING
EPAS1,ESR1,9606.ENSP00000263734,9606.ENSP00000405330,0.724,STRING
MTNR1B,TCF7L2,9606.ENSP00000257068,9606.ENSP00000486891,0.724,STRING
FGFR4,PIK3CB,9606.ENSP00000292408,9606.ENSP00000501150,0.724,STRING
CSK,STAT3,9606.ENSP00000220003,9606.ENSP00000264657,0.724,STRING
TLR4,BCL2,9606.ENSP00000363089,9606.ENSP00000381185,0.724,STRING
CD38,BCL2,9606.ENSP00000226279,9606.ENSP00000381185,0.724,STRING
CDH1,SMAD3,9606.ENSP00000261769,9606.ENSP00000332973,0.724,STRING
KIT,LCK,9606.ENSP00000288135,9606.ENSP00000477713,0.724,STRING
RUNX2,NFATC1,9606.ENSP00000360493,9606.ENSP00000389377,0.724,STRING
KMT2C,MEN1,9606.ENSP00000262189,9606.ENSP00000337088,0.724,STRING
ACE,XDH,9606.ENSP00000290866,9606.ENSP00000368727,0.724,STRING
RUNX2,WWOX,9606.ENSP00000360493,9606.ENSP00000457230,0.724,STRING
COL1A1,COL18A1,9606.ENSP00000225964,9606.ENSP00000352798,0.724,STRING
CUL4A,CDKN1A,9606.ENSP00000364589,9606.ENSP00000384849,0.724,STRING
RELB,CARD11,9606.ENSP00000221452,9606.ENSP00000380150,0.724,STRING
KCNK2,SPTBN4,9606.ENSP00000394033,9606.ENSP00000469242,0.723,STRING
KRAS,CDH1,9606.ENSP00000256078,9606.ENSP00000261769,0.723,STRING
POLD3,BRCA1,9606.ENSP00000263681,9606.ENSP00000418960,0.723,STRING
CACNG4,FKBP1A,9606.ENSP00000262138,9606.ENSP00000383003,0.723,STRING
GSK3B,FYN,9606.ENSP00000324806,9606.ENSP00000346671,0.723,STRING
CASP8,CARD11,9606.ENSP00000351273,9606.ENSP00000380150,0.723,STRING
PDE1B,NPR1,9606.ENSP00000243052,9606.ENSP00000357669,0.723,STRING
PAX5,GATA3,9606.ENSP00000350844,9606.ENSP00000368632,0.723,STRING
TP53,RPS19,9606.ENSP00000269305,9606.ENSP00000470972,0.723,STRING
TP53,TUBB,9606.ENSP00000269305,9606.ENSP00000339001,0.723,STRING
EPHA6,EPHB1,9606.ENSP00000374323,9606.ENSP00000381097,0.723,STRING
HTR3A,CACNG5,9606.ENSP00000347754,9606.ENSP00000436836,0.723,STRING
TNFRSF1A,TNFSF11,9606.ENSP00000162749,9606.ENSP00000381775,0.723,STRING
FGFR4,PDGFB,9606.ENSP00000292408,9606.ENSP00000330382,0.723,STRING
CDKN2A,NOTCH1,9606.ENSP00000418915,9606.ENSP00000498587,0.723,STRING
STAT5B,HCK,9606.ENSP00000293328,9606.ENSP00000365012,0.723,STRING
PIK3CA,HCK,9606.ENSP00000263967,9606.ENSP00000365012,0.723,STRING
PLAT,CRP,9606.ENSP00000220809,9606.ENSP00000255030,0.723,STRING
KDR,MYC,9606.ENSP00000263923,9606.ENSP00000478887,0.723,STRING
CACNG1,FKBP1A,9606.ENSP00000226021,9606.ENSP00000383003,0.723,STRING
ATM,NOTCH1,9606.ENSP00000278616,9606.ENSP00000498587,0.723,STRING
IRAK1,IL6,9606.ENSP00000358997,9606.ENSP00000385675,0.723,STRING
SOCS1,IGF1R,9606.ENSP00000496577,9606.ENSP00000497069,0.723,STRING
CACNG2,FKBP1A,9606.ENSP00000300105,9606.ENSP00000383003,0.723,STRING
SLC22A1,ABCB1,9606.ENSP00000355930,9606.ENSP00000478255,0.723,STRING
AURKA,CDKN2A,9606.ENSP00000216911,9606.ENSP00000418915,0.723,STRING
BRCA2,ESR1,9606.ENSP00000369497,9606.ENSP00000405330,0.723,STRING
NPC1L1,PCSK9,9606.ENSP00000289547,9606.ENSP00000303208,0.723,STRING
RPS27A,NFE2L2,9606.ENSP00000272317,9606.ENSP00000380252,0.723,STRING
STAT3,HNF1A,9606.ENSP00000264657,9606.ENSP00000438804,0.723,STRING
IL1R1,IL17A,9606.ENSP00000386380,9606.ENSP00000497968,0.723,STRING
HTR3B,HTR1E,9606.ENSP00000260191,9606.ENSP00000307766,0.723,STRING
SCN5A,TNNT2,9606.ENSP00000328968,9606.ENSP00000499593,0.722,STRING
CHRND,COL4A3,9606.ENSP00000258385,9606.ENSP00000379823,0.722,STRING
CXCL8,B2M,9606.ENSP00000306512,9606.ENSP00000497910,0.722,STRING
IL13,CD86,9606.ENSP00000304915,9606.ENSP00000332049,0.722,STRING
BRAF,MYC,9606.ENSP00000419060,9606.ENSP00000478887,0.722,STRING
CACNB3,FKBP1A,9606.ENSP00000301050,9606.ENSP00000383003,0.722,STRING
RUNX1,IRF4,9606.ENSP00000300305,9606.ENSP00000370343,0.722,STRING
TBK1,MTOR,9606.ENSP00000329967,9606.ENSP00000354558,0.722,STRING
HTR3A,CACNG7,9606.ENSP00000347754,9606.ENSP00000375647,0.722,STRING
PTEN,ALK,9606.ENSP00000361021,9606.ENSP00000373700,0.722,STRING
TLR7,IRF5,9606.ENSP00000370034,9606.ENSP00000418037,0.722,STRING
TP53,ALB,9606.ENSP00000269305,9606.ENSP00000295897,0.722,STRING
KCNH2,SIGMAR1,9606.ENSP00000262186,9606.ENSP00000277010,0.722,STRING
TNFSF4,CD86,9606.ENSP00000281834,9606.ENSP00000332049,0.722,STRING
QKI,PLP1,9606.ENSP00000355094,9606.ENSP00000481006,0.722,STRING
STAG2,KDM6A,9606.ENSP00000218089,9606.ENSP00000367203,0.722,STRING
PPARA,IL6,9606.ENSP00000385523,9606.ENSP00000385675,0.722,STRING
CACNA1G,SCN1B,9606.ENSP00000352011,9606.ENSP00000396915,0.722,STRING
CD38,KIT,9606.ENSP00000226279,9606.ENSP00000288135,0.722,STRING
DNMT1,WT1,9606.ENSP00000352516,9606.ENSP00000368370,0.722,STRING
CACNB2,FKBP1A,9606.ENSP00000320025,9606.ENSP00000383003,0.722,STRING
NPM1,WT1,9606.ENSP00000296930,9606.ENSP00000368370,0.722,STRING
IL1R1,PIK3R1,9606.ENSP00000386380,9606.ENSP00000428056,0.722,STRING
MAPK14,ATM,9606.ENSP00000229795,9606.ENSP00000278616,0.722,STRING
CXCL8,PLG,9606.ENSP00000306512,9606.ENSP00000308938,0.722,STRING
BMPR2,TGFBR1,9606.ENSP00000363708,9606.ENSP00000447297,0.722,STRING
CBL,PIK3CD,9606.ENSP00000264033,9606.ENSP00000366563,0.722,STRING
CD79A,NCAM1,9606.ENSP00000221972,9606.ENSP00000480132,0.722,STRING
SERPING1,CFH,9606.ENSP00000278407,9606.ENSP00000356399,0.722,STRING
MEN1,HDAC1,9606.ENSP00000337088,9606.ENSP00000362649,0.722,STRING
FLT3,TP53,9606.ENSP00000241453,9606.ENSP00000269305,0.722,STRING
PDE1B,GUCY1A1,9606.ENSP00000243052,9606.ENSP00000296518,0.722,STRING
HTR5A,GNAS,9606.ENSP00000287907,9606.ENSP00000360141,0.722,STRING
CBL,FGFR3,9606.ENSP00000264033,9606.ENSP00000339824,0.722,STRING
FLT4,ERBB2,9606.ENSP00000261937,9606.ENSP00000269571,0.722,STRING
ATM,TOP1,9606.ENSP00000278616,9606.ENSP00000354522,0.722,STRING
FOXE3,PAX6,9606.ENSP00000334472,9606.ENSP00000492024,0.722,STRING
KRAS,BRCA2,9606.ENSP00000256078,9606.ENSP00000369497,0.721,STRING
CREBBP,HDAC8,9606.ENSP00000262367,9606.ENSP00000362674,0.721,STRING
BRCA2,BRAF,9606.ENSP00000369497,9606.ENSP00000419060,0.721,STRING
CACNA2D1,FKBP1A,9606.ENSP00000349320,9606.ENSP00000383003,0.721,STRING
TP53,MYD88,9606.ENSP00000269305,9606.ENSP00000498321,0.721,STRING
CD4,TNFSF4,9606.ENSP00000011653,9606.ENSP00000281834,0.721,STRING
COL7A1,COL4A1,9606.ENSP00000332371,9606.ENSP00000364979,0.721,STRING
TP53,ASXL1,9606.ENSP00000269305,9606.ENSP00000364839,0.721,STRING
CACNA1G,SCN2A,9606.ENSP00000352011,9606.ENSP00000490107,0.721,STRING
HTR2C,HTR1B,9606.ENSP00000276198,9606.ENSP00000358963,0.721,STRING
COL1A1,TGFBR1,9606.ENSP00000225964,9606.ENSP00000447297,0.721,STRING
IL5,CD40LG,9606.ENSP00000231454,9606.ENSP00000359663,0.721,STRING
KRAS,BRCA1,9606.ENSP00000256078,9606.ENSP00000418960,0.721,STRING
ASXL1,CEBPA,9606.ENSP00000364839,9606.ENSP00000427514,0.721,STRING
SMAD2,HDAC2,9606.ENSP00000262160,9606.ENSP00000430432,0.721,STRING
CDH1,HIF1A,9606.ENSP00000261769,9606.ENSP00000437955,0.721,STRING
PSMC2,RPS19,9606.ENSP00000391211,9606.ENSP00000470972,0.721,STRING
NFKBIZ,IL6,9606.ENSP00000325663,9606.ENSP00000385675,0.721,STRING
CACNG6,FKBP1A,9606.ENSP00000252729,9606.ENSP00000383003,0.721,STRING
PSMD8,PSMB11,9606.ENSP00000215071,9606.ENSP00000386212,0.721,STRING
INS,BCL2,9606.ENSP00000380432,9606.ENSP00000381185,0.721,STRING
BRD4,MED12,9606.ENSP00000263377,9606.ENSP00000363193,0.721,STRING
ITGAL,CD40,9606.ENSP00000349252,9606.ENSP00000361359,0.721,STRING
EZH2,IDH1,9606.ENSP00000320147,9606.ENSP00000390265,0.721,STRING
TGFB3,LTBP4,9606.ENSP00000238682,9606.ENSP00000311905,0.721,STRING
NCOR1,KDM6A,9606.ENSP00000268712,9606.ENSP00000367203,0.721,STRING
SCN1A,KCNA2,9606.ENSP00000303540,9606.ENSP00000487785,0.721,STRING
TGFB1,LEP,9606.ENSP00000221930,9606.ENSP00000312652,0.721,STRING
HTR3B,GRIN3A,9606.ENSP00000260191,9606.ENSP00000355155,0.721,STRING
TBX3,HCN4,9606.ENSP00000257566,9606.ENSP00000261917,0.721,STRING
TGFB1,TLR4,9606.ENSP00000221930,9606.ENSP00000363089,0.721,STRING
IL18,INS,9606.ENSP00000280357,9606.ENSP00000380432,0.721,STRING
AXIN1,RNF43,9606.ENSP00000262320,9606.ENSP00000463069,0.721,STRING
ALPL,SPP1,9606.ENSP00000363973,9606.ENSP00000378517,0.721,STRING
IRAK1,IL10,9606.ENSP00000358997,9606.ENSP00000412237,0.721,STRING
TNFRSF1A,ADAM17,9606.ENSP00000162749,9606.ENSP00000309968,0.721,STRING
TGFB1,MAPK3,9606.ENSP00000221930,9606.ENSP00000263025,0.721,STRING
BCL6,FAS,9606.ENSP00000384371,9606.ENSP00000498466,0.721,STRING
PSMB9,B2M,9606.ENSP00000363993,9606.ENSP00000497910,0.721,STRING
MMP2,TGFB2,9606.ENSP00000219070,9606.ENSP00000355896,0.721,STRING
EGFR,FOLR1,9606.ENSP00000275493,9606.ENSP00000377284,0.721,STRING
TOP1,CDKN2A,9606.ENSP00000354522,9606.ENSP00000418915,0.72,STRING
MBL2,TLR4,9606.ENSP00000363079,9606.ENSP00000363089,0.72,STRING
ACE,TNF,9606.ENSP00000290866,9606.ENSP00000398698,0.72,STRING
RUNX1,IDH1,9606.ENSP00000300305,9606.ENSP00000390265,0.72,STRING
RUNX1,IDH2,9606.ENSP00000300305,9606.ENSP00000331897,0.72,STRING
TLR9,IFIH1,9606.ENSP00000353874,9606.ENSP00000497271,0.72,STRING
TSLP,FLG,9606.ENSP00000339804,9606.ENSP00000357789,0.72,STRING
CRP,BDNF,9606.ENSP00000255030,9606.ENSP00000414303,0.72,STRING
ARID2,ATRX,9606.ENSP00000335044,9606.ENSP00000362441,0.72,STRING
SETD2,CDK12,9606.ENSP00000386759,9606.ENSP00000398880,0.72,STRING
EGFR,ITGB2,9606.ENSP00000275493,9606.ENSP00000380948,0.72,STRING
IL1B,FAS,9606.ENSP00000263341,9606.ENSP00000498466,0.72,STRING
DNMT3A,ARID1A,9606.ENSP00000264709,9606.ENSP00000320485,0.72,STRING
PLG,F10,9606.ENSP00000308938,9606.ENSP00000364709,0.72,STRING
CACNA1D,FKBP1A,9606.ENSP00000288139,9606.ENSP00000383003,0.72,STRING
ZFHX3,PITX2,9606.ENSP00000493252,9606.ENSP00000495061,0.72,STRING
DHODH,IMPDH2,9606.ENSP00000219240,9606.ENSP00000321584,0.72,STRING
EGFR,IDH2,9606.ENSP00000275493,9606.ENSP00000331897,0.72,STRING
CACNA2D4,FKBP1A,9606.ENSP00000372169,9606.ENSP00000383003,0.72,STRING
KIT,PSMA7,9606.ENSP00000288135,9606.ENSP00000359910,0.72,STRING
CCND1,CDK7,9606.ENSP00000227507,9606.ENSP00000256443,0.72,STRING
MTNR1B,FAT1,9606.ENSP00000257068,9606.ENSP00000406229,0.72,STRING
GABRD,GABRA2,9606.ENSP00000367848,9606.ENSP00000427603,0.72,STRING
KCND2,KCNQ2,9606.ENSP00000333496,9606.ENSP00000352035,0.72,STRING
GABRB1,GABRD,9606.ENSP00000295454,9606.ENSP00000367848,0.72,STRING
SCN3A,SCN1A,9606.ENSP00000283254,9606.ENSP00000303540,0.72,STRING
SCN5A,KCND2,9606.ENSP00000328968,9606.ENSP00000333496,0.72,STRING
CD274,AKT1,9606.ENSP00000370989,9606.ENSP00000451828,0.72,STRING
PAX5,ETV6,9606.ENSP00000350844,9606.ENSP00000379658,0.72,STRING
CYP3A5,VKORC1,9606.ENSP00000222982,9606.ENSP00000378426,0.72,STRING
NPR1,PDE1C,9606.ENSP00000357669,9606.ENSP00000379496,0.72,STRING
ALB,PCSK9,9606.ENSP00000295897,9606.ENSP00000303208,0.72,STRING
NGF,TIE1,9606.ENSP00000358525,9606.ENSP00000361554,0.72,STRING
IL4,TGFA,9606.ENSP00000231449,9606.ENSP00000404131,0.72,STRING
APOB,HBB,9606.ENSP00000233242,9606.ENSP00000494175,0.72,STRING
TP53,MEN1,9606.ENSP00000269305,9606.ENSP00000337088,0.72,STRING
CD86,TLR1,9606.ENSP00000332049,9606.ENSP00000354932,0.72,STRING
GABRG1,GABRQ,9606.ENSP00000295452,9606.ENSP00000469332,0.72,STRING
CXCL8,AKT1,9606.ENSP00000306512,9606.ENSP00000451828,0.72,STRING
CYP11B2,ATP1A1,9606.ENSP00000325822,9606.ENSP00000445306,0.72,STRING
SLC47A2,ABCG2,9606.ENSP00000326671,9606.ENSP00000498246,0.72,STRING
CTSL,PSAP,9606.ENSP00000345344,9606.ENSP00000378394,0.72,STRING
ESR1,NTRK1,9606.ENSP00000405330,9606.ENSP00000431418,0.72,STRING
SLC6A4,SLC22A3,9606.ENSP00000261707,9606.ENSP00000275300,0.72,STRING
COL4A4,ITGB3,9606.ENSP00000379866,9606.ENSP00000452786,0.72,STRING
TUBB3,SOX2,9606.ENSP00000320295,9606.ENSP00000323588,0.72,STRING
ARID1A,BCL6,9606.ENSP00000320485,9606.ENSP00000384371,0.72,STRING
SRC,NOTCH1,9606.ENSP00000362680,9606.ENSP00000498587,0.72,STRING
JAK2,BCL2,9606.ENSP00000371067,9606.ENSP00000381185,0.72,STRING
CACNG4,HTR3A,9606.ENSP00000262138,9606.ENSP00000347754,0.72,STRING
ERBB2,CD8A,9606.ENSP00000269571,9606.ENSP00000386559,0.72,STRING
ARID1A,CDKN2A,9606.ENSP00000320485,9606.ENSP00000418915,0.72,STRING
SERPINA6,TRPV1,9606.ENSP00000342850,9606.ENSP00000459962,0.72,STRING
HTR5A,HTR1E,9606.ENSP00000287907,9606.ENSP00000307766,0.72,STRING
CBL,ITK,9606.ENSP00000264033,9606.ENSP00000398655,0.72,STRING
NR1H4,ABCC2,9606.ENSP00000447149,9606.ENSP00000497274,0.72,STRING
SCNN1G,SLC12A1,9606.ENSP00000300061,9606.ENSP00000495332,0.719,STRING
ANK1,SRC,9606.ENSP00000265709,9606.ENSP00000362680,0.719,STRING
PDGFB,COL4A1,9606.ENSP00000330382,9606.ENSP00000364979,0.719,STRING
PDGFB,FGFR3,9606.ENSP00000330382,9606.ENSP00000339824,0.719,STRING
NRG1,NGF,9606.ENSP00000287842,9606.ENSP00000358525,0.719,STRING
HDAC7,RUNX2,9606.ENSP00000080059,9606.ENSP00000360493,0.719,STRING
TGFB1,BMPR2,9606.ENSP00000221930,9606.ENSP00000363708,0.719,STRING
FOXP3,MYD88,9606.ENSP00000365380,9606.ENSP00000498321,0.719,STRING
SCN8A,CACNA1G,9606.ENSP00000346534,9606.ENSP00000352011,0.719,STRING
ABCB4,PPARA,9606.ENSP00000265723,9606.ENSP00000385523,0.719,STRING
IFNAR2,SOCS1,9606.ENSP00000343957,9606.ENSP00000496577,0.719,STRING
SLC10A1,ABCG5,9606.ENSP00000216540,9606.ENSP00000384513,0.719,STRING
COL1A1,DDR1,9606.ENSP00000225964,9606.ENSP00000427552,0.719,STRING
HMGCR,LIPC,9606.ENSP00000287936,9606.ENSP00000299022,0.719,STRING
ERBB4,YES1,9606.ENSP00000342235,9606.ENSP00000462468,0.719,STRING
CHD7,FGFR1,9606.ENSP00000392028,9606.ENSP00000393312,0.719,STRING
MITF,BRAF,9606.ENSP00000391803,9606.ENSP00000419060,0.719,STRING
EPAS1,PBX1,9606.ENSP00000263734,9606.ENSP00000405890,0.719,STRING
RARA,ABL1,9606.ENSP00000254066,9606.ENSP00000361423,0.719,STRING
COL1A1,TGFB3,9606.ENSP00000225964,9606.ENSP00000238682,0.719,STRING
CSF1R,LYN,9606.ENSP00000286301,9606.ENSP00000428924,0.719,STRING
CALM3,KCNQ5,9606.ENSP00000291295,9606.ENSP00000345055,0.719,STRING
LEP,AGT,9606.ENSP00000312652,9606.ENSP00000355627,0.719,STRING
GATA1,HBB,9606.ENSP00000365858,9606.ENSP00000494175,0.719,STRING
CDH1,FYN,9606.ENSP00000261769,9606.ENSP00000346671,0.719,STRING
KIT,PTEN,9606.ENSP00000288135,9606.ENSP00000361021,0.719,STRING
TOP2B,SMARCA4,9606.ENSP00000264331,9606.ENSP00000343896,0.719,STRING
GRIN2A,GRIK3,9606.ENSP00000332549,9606.ENSP00000362183,0.719,STRING
HGF,INSR,9606.ENSP00000222390,9606.ENSP00000303830,0.719,STRING
GABRA2,GABRQ,9606.ENSP00000427603,9606.ENSP00000469332,0.719,STRING
GABBR2,GABRP,9606.ENSP00000259455,9606.ENSP00000430100,0.719,STRING
IL13,CD40LG,9606.ENSP00000304915,9606.ENSP00000359663,0.719,STRING
JAK2,AGTR1,9606.ENSP00000371067,9606.ENSP00000398832,0.719,STRING
S1PR1,CXCR4,9606.ENSP00000305416,9606.ENSP00000386884,0.719,STRING
NFKB1,PPARD,9606.ENSP00000226574,9606.ENSP00000310928,0.719,STRING
IFNGR2,SOCS1,9606.ENSP00000371425,9606.ENSP00000496577,0.719,STRING
KCNK3,GABRD,9606.ENSP00000306275,9606.ENSP00000367848,0.719,STRING
CD274,PRF1,9606.ENSP00000370989,9606.ENSP00000398568,0.719,STRING
IL2,CD3D,9606.ENSP00000226730,9606.ENSP00000300692,0.719,STRING
NTRK2,ANGPT1,9606.ENSP00000277120,9606.ENSP00000428340,0.719,STRING
MAP2K1,LMNA,9606.ENSP00000302486,9606.ENSP00000357283,0.719,STRING
NRAS,CTNNB1,9606.ENSP00000358548,9606.ENSP00000495360,0.719,STRING
ETV6,CEBPA,9606.ENSP00000379658,9606.ENSP00000427514,0.719,STRING
KRAS,PTGS2,9606.ENSP00000256078,9606.ENSP00000356438,0.718,STRING
OPRM1,TRPV1,9606.ENSP00000394624,9606.ENSP00000459962,0.718,STRING
CCND1,SMARCA4,9606.ENSP00000227507,9606.ENSP00000343896,0.718,STRING
DNMT3A,CEBPA,9606.ENSP00000264709,9606.ENSP00000427514,0.718,STRING
PDGFB,HSPG2,9606.ENSP00000330382,9606.ENSP00000363827,0.718,STRING
ERBB3,ANGPT2,9606.ENSP00000267101,9606.ENSP00000314897,0.718,STRING
IL2,ALB,9606.ENSP00000226730,9606.ENSP00000295897,0.718,STRING
BCR,RHOA,9606.ENSP00000303507,9606.ENSP00000400175,0.718,STRING
SCN1A,SPTBN4,9606.ENSP00000303540,9606.ENSP00000469242,0.718,STRING
ADRB2,TNF,9606.ENSP00000305372,9606.ENSP00000398698,0.718,STRING
CD4,TSLP,9606.ENSP00000011653,9606.ENSP00000339804,0.718,STRING
CEBPA,TET2,9606.ENSP00000427514,9606.ENSP00000442788,0.718,STRING
CREBBP,IRF5,9606.ENSP00000262367,9606.ENSP00000418037,0.718,STRING
C3,AGT,9606.ENSP00000245907,9606.ENSP00000355627,0.718,STRING
FGFR1,ADORA2A,9606.ENSP00000393312,9606.ENSP00000480012,0.718,STRING
ERCC4,PARP1,9606.ENSP00000310520,9606.ENSP00000355759,0.718,STRING
CDK4,ESR1,9606.ENSP00000257904,9606.ENSP00000405330,0.718,STRING
ABL1,FBXW7,9606.ENSP00000361423,9606.ENSP00000474725,0.718,STRING
CDH1,EPHA2,9606.ENSP00000261769,9606.ENSP00000351209,0.718,STRING
CDH1,CD274,9606.ENSP00000261769,9606.ENSP00000370989,0.718,STRING
GRIN2A,GRIK2,9606.ENSP00000332549,9606.ENSP00000397026,0.718,STRING
PPARA,TRPV1,9606.ENSP00000385523,9606.ENSP00000459962,0.718,STRING
MSH2,DNMT1,9606.ENSP00000233146,9606.ENSP00000352516,0.718,STRING
ATP4A,ATP1B1,9606.ENSP00000262623,9606.ENSP00000356790,0.718,STRING
NR3C1,EPAS1,9606.ENSP00000231509,9606.ENSP00000263734,0.718,STRING
VWF,ENG,9606.ENSP00000261405,9606.ENSP00000362299,0.718,STRING
MAPK3,HDAC6,9606.ENSP00000263025,9606.ENSP00000365804,0.718,STRING
HOXA5,HDAC8,9606.ENSP00000222726,9606.ENSP00000362674,0.718,STRING
STK11,ALK,9606.ENSP00000324856,9606.ENSP00000373700,0.718,STRING
BCL2,IL10,9606.ENSP00000381185,9606.ENSP00000412237,0.718,STRING
SLC6A2,ADRA2C,9606.ENSP00000219833,9606.ENSP00000386069,0.718,STRING
IL4R,CD8A,9606.ENSP00000379111,9606.ENSP00000386559,0.718,STRING
IL1B,TP53,9606.ENSP00000263341,9606.ENSP00000269305,0.718,STRING
TYMS,PRIM1,9606.ENSP00000315644,9606.ENSP00000350491,0.718,STRING
TP53,FGFR3,9606.ENSP00000269305,9606.ENSP00000339824,0.718,STRING
FLT4,NGF,9606.ENSP00000261937,9606.ENSP00000358525,0.718,STRING
IL4,TP53,9606.ENSP00000231449,9606.ENSP00000269305,0.718,STRING
MAPK14,STAT3,9606.ENSP00000229795,9606.ENSP00000264657,0.718,STRING
CD3E,IL2RA,9606.ENSP00000354566,9606.ENSP00000369293,0.718,STRING
IL4,CD274,9606.ENSP00000231449,9606.ENSP00000370989,0.718,STRING
COL1A1,ITGA2B,9606.ENSP00000225964,9606.ENSP00000262407,0.718,STRING
KRAS,ATM,9606.ENSP00000256078,9606.ENSP00000278616,0.718,STRING
PTPN11,SOCS1,9606.ENSP00000489597,9606.ENSP00000496577,0.718,STRING
CLCN2,SCN1A,9606.ENSP00000265593,9606.ENSP00000303540,0.718,STRING
CARD11,AKT1,9606.ENSP00000380150,9606.ENSP00000451828,0.718,STRING
SHH,PTEN,9606.ENSP00000297261,9606.ENSP00000361021,0.718,STRING
CD38,IL7R,9606.ENSP00000226279,9606.ENSP00000306157,0.718,STRING
NOS3,IL6,9606.ENSP00000297494,9606.ENSP00000385675,0.718,STRING
U2AF1,NPM1,9606.ENSP00000291552,9606.ENSP00000296930,0.718,STRING
EGFR,GNAS,9606.ENSP00000275493,9606.ENSP00000360141,0.718,STRING
PDGFB,HIF1A,9606.ENSP00000330382,9606.ENSP00000437955,0.717,STRING
IKZF1,FOXP3,9606.ENSP00000331614,9606.ENSP00000365380,0.717,STRING
IL7R,NCAM1,9606.ENSP00000306157,9606.ENSP00000480132,0.717,STRING
PTEN,IL10,9606.ENSP00000361021,9606.ENSP00000412237,0.717,STRING
ALB,LPL,9606.ENSP00000295897,9606.ENSP00000497642,0.717,STRING
IL7R,TNF,9606.ENSP00000306157,9606.ENSP00000398698,0.717,STRING
FSHR,ESR1,9606.ENSP00000384708,9606.ENSP00000405330,0.717,STRING
CDK6,ZEB1,9606.ENSP00000265734,9606.ENSP00000354487,0.717,STRING
STAT5B,CTNNB1,9606.ENSP00000293328,9606.ENSP00000495360,0.717,STRING
PGR,HIF1A,9606.ENSP00000325120,9606.ENSP00000437955,0.717,STRING
GSK3B,HDAC6,9606.ENSP00000324806,9606.ENSP00000365804,0.717,STRING
RPS27A,PSMB8,9606.ENSP00000272317,9606.ENSP00000364016,0.717,STRING
KRAS,TNF,9606.ENSP00000256078,9606.ENSP00000398698,0.717,STRING
APOE,PRNP,9606.ENSP00000252486,9606.ENSP00000399376,0.717,STRING
SHH,FGFR2,9606.ENSP00000297261,9606.ENSP00000410294,0.717,STRING
C3,F11,9606.ENSP00000245907,9606.ENSP00000384957,0.717,STRING
ERBB3,PGF,9606.ENSP00000267101,9606.ENSP00000451040,0.717,STRING
FLCN,STK11,9606.ENSP00000285071,9606.ENSP00000324856,0.717,STRING
SCN5A,DMD,9606.ENSP00000328968,9606.ENSP00000354923,0.717,STRING
SMAD2,SMARCA4,9606.ENSP00000262160,9606.ENSP00000343896,0.717,STRING
PDGFB,ERBB4,9606.ENSP00000330382,9606.ENSP00000342235,0.717,STRING
CD40,LYN,9606.ENSP00000361359,9606.ENSP00000428924,0.717,STRING
CHRNA1,CHRNA5,9606.ENSP00000261007,9606.ENSP00000299565,0.717,STRING
FGFR4,TGFA,9606.ENSP00000292408,9606.ENSP00000404131,0.717,STRING
HMGCR,INS,9606.ENSP00000287936,9606.ENSP00000380432,0.717,STRING
STAG2,TET2,9606.ENSP00000218089,9606.ENSP00000442788,0.717,STRING
NFKB1,CD86,9606.ENSP00000226574,9606.ENSP00000332049,0.717,STRING
BCL6,TBL1XR1,9606.ENSP00000384371,9606.ENSP00000405574,0.717,STRING
EPOR,IL4,9606.ENSP00000222139,9606.ENSP00000231449,0.717,STRING
BCL2,CDKN2A,9606.ENSP00000381185,9606.ENSP00000418915,0.717,STRING
ERBB2,NTRK3,9606.ENSP00000269571,9606.ENSP00000354207,0.717,STRING
ERBB2,ESR2,9606.ENSP00000269571,9606.ENSP00000343925,0.717,STRING
SMARCB1,ATRX,9606.ENSP00000340883,9606.ENSP00000362441,0.717,STRING
KCNMA1,KCNA2,9606.ENSP00000286628,9606.ENSP00000487785,0.716,STRING
HCN4,KCND3,9606.ENSP00000261917,9606.ENSP00000319591,0.716,STRING
MSH2,FANCA,9606.ENSP00000233146,9606.ENSP00000373952,0.716,STRING
IFNG,PTPN11,9606.ENSP00000229135,9606.ENSP00000489597,0.716,STRING
PIK3CA,FGR,9606.ENSP00000263967,9606.ENSP00000363117,0.716,STRING
VWF,IL6,9606.ENSP00000261405,9606.ENSP00000385675,0.716,STRING
IL2,GATA3,9606.ENSP00000226730,9606.ENSP00000368632,0.716,STRING
PIK3R1,TYK2,9606.ENSP00000428056,9606.ENSP00000431885,0.716,STRING
GATA3,CEBPA,9606.ENSP00000368632,9606.ENSP00000427514,0.716,STRING
SCN5A,CACNA1G,9606.ENSP00000328968,9606.ENSP00000352011,0.716,STRING
CD3D,CD52,9606.ENSP00000300692,9606.ENSP00000363330,0.716,STRING
TGFB1,SPP1,9606.ENSP00000221930,9606.ENSP00000378517,0.716,STRING
PSMA4,RBX1,9606.ENSP00000044462,9606.ENSP00000216225,0.716,STRING
LHX3,PITX2,9606.ENSP00000360811,9606.ENSP00000495061,0.716,STRING
PROP1,GH1,9606.ENSP00000311290,9606.ENSP00000312673,0.716,STRING
TUBB4B,TUBA3C,9606.ENSP00000341289,9606.ENSP00000382982,0.716,STRING
KMT2D,MED12,9606.ENSP00000301067,9606.ENSP00000363193,0.716,STRING
MMP2,BCL2,9606.ENSP00000219070,9606.ENSP00000381185,0.716,STRING
MAP2K2,SRC,9606.ENSP00000262948,9606.ENSP00000362680,0.716,STRING
ERBB2,FBXW7,9606.ENSP00000269571,9606.ENSP00000474725,0.716,STRING
CCND1,SMARCB1,9606.ENSP00000227507,9606.ENSP00000340883,0.716,STRING
FLT3,HCK,9606.ENSP00000241453,9606.ENSP00000365012,0.716,STRING
TRAF3IP2,CD40,9606.ENSP00000345984,9606.ENSP00000361359,0.716,STRING
KDR,NOS3,9606.ENSP00000263923,9606.ENSP00000297494,0.716,STRING
EPHA8,EPHB4,9606.ENSP00000166244,9606.ENSP00000350896,0.716,STRING
CD80,CXCR4,9606.ENSP00000264246,9606.ENSP00000386884,0.716,STRING
TP63,SFN,9606.ENSP00000264731,9606.ENSP00000340989,0.716,STRING
SERPING1,ELANE,9606.ENSP00000278407,9606.ENSP00000466090,0.716,STRING
HGF,IFNG,9606.ENSP00000222390,9606.ENSP00000229135,0.716,STRING
SLC6A4,ADRA2A,9606.ENSP00000261707,9606.ENSP00000280155,0.716,STRING
APP,CHRNA7,9606.ENSP00000284981,9606.ENSP00000407546,0.716,STRING
LRP5,AMER1,9606.ENSP00000294304,9606.ENSP00000364003,0.716,STRING
FGFR4,ANGPT1,9606.ENSP00000292408,9606.ENSP00000428340,0.716,STRING
LHCGR,TSHR,9606.ENSP00000294954,9606.ENSP00000441235,0.716,STRING
CD3E,FOXP3,9606.ENSP00000354566,9606.ENSP00000365380,0.716,STRING
AIRE,CARD9,9606.ENSP00000291582,9606.ENSP00000360797,0.716,STRING
PSMB6,NDUFB8,9606.ENSP00000270586,9606.ENSP00000299166,0.716,STRING
CXCL8,HIF1A,9606.ENSP00000306512,9606.ENSP00000437955,0.716,STRING
PPARG,PPARD,9606.ENSP00000287820,9606.ENSP00000310928,0.715,STRING
CD274,LCK,9606.ENSP00000370989,9606.ENSP00000477713,0.715,STRING
CALM3,DST,9606.ENSP00000291295,9606.ENSP00000307959,0.715,STRING
EBF1,BCL6,9606.ENSP00000322898,9606.ENSP00000384371,0.715,STRING
SLC5A2,NR3C2,9606.ENSP00000327943,9606.ENSP00000350815,0.715,STRING
HDAC4,HDAC9,9606.ENSP00000264606,9606.ENSP00000408617,0.715,STRING
ESR1,HRAS,9606.ENSP00000405330,9606.ENSP00000407586,0.715,STRING
TIE1,PGF,9606.ENSP00000361554,9606.ENSP00000451040,0.715,STRING
EPHA2,ANGPT1,9606.ENSP00000351209,9606.ENSP00000428340,0.715,STRING
COL1A2,SMAD4,9606.ENSP00000297268,9606.ENSP00000341551,0.715,STRING
IL2RB,PDCD1,9606.ENSP00000216223,9606.ENSP00000335062,0.715,STRING
KDR,AKT1,9606.ENSP00000263923,9606.ENSP00000451828,0.715,STRING
APOE,LEP,9606.ENSP00000252486,9606.ENSP00000312652,0.715,STRING
TNF,CTNNB1,9606.ENSP00000398698,9606.ENSP00000495360,0.715,STRING
FLT4,BDNF,9606.ENSP00000261937,9606.ENSP00000414303,0.715,STRING
NCOR1,ANGPTL4,9606.ENSP00000268712,9606.ENSP00000301455,0.715,STRING
HDAC6,HDAC9,9606.ENSP00000365804,9606.ENSP00000408617,0.715,STRING
HTR3E,GRIA3,9606.ENSP00000406050,9606.ENSP00000481554,0.715,STRING
CAV1,HIF1A,9606.ENSP00000339191,9606.ENSP00000437955,0.715,STRING
MMP8,IL1B,9606.ENSP00000236826,9606.ENSP00000263341,0.715,STRING
SRC,MBP,9606.ENSP00000362680,9606.ENSP00000380958,0.715,STRING
NRAS,FBXW7,9606.ENSP00000358548,9606.ENSP00000474725,0.715,STRING
PDGFRA,FGFR1,9606.ENSP00000257290,9606.ENSP00000393312,0.715,STRING
IKZF1,SMARCA4,9606.ENSP00000331614,9606.ENSP00000343896,0.715,STRING
FOXA2,CEBPA,9606.ENSP00000400341,9606.ENSP00000427514,0.715,STRING
PSMD2,CDKN1A,9606.ENSP00000310129,9606.ENSP00000384849,0.715,STRING
SMAD3,FURIN,9606.ENSP00000332973,9606.ENSP00000483552,0.715,STRING
PSMC1,RPS19,9606.ENSP00000261303,9606.ENSP00000470972,0.715,STRING
CBL,NTRK1,9606.ENSP00000264033,9606.ENSP00000431418,0.715,STRING
KIT,NF1,9606.ENSP00000288135,9606.ENSP00000351015,0.715,STRING
SMARCA4,HIF1A,9606.ENSP00000343896,9606.ENSP00000437955,0.715,STRING
PTGS2,MYC,9606.ENSP00000356438,9606.ENSP00000478887,0.715,STRING
FGFR3,PIK3CD,9606.ENSP00000339824,9606.ENSP00000366563,0.715,STRING
EZH2,HIF1A,9606.ENSP00000320147,9606.ENSP00000437955,0.715,STRING
PPARD,INS,9606.ENSP00000310928,9606.ENSP00000380432,0.715,STRING
RARA,DNMT3A,9606.ENSP00000254066,9606.ENSP00000264709,0.715,STRING
PDGFB,IL6R,9606.ENSP00000330382,9606.ENSP00000357470,0.715,STRING
CLCN5,PHEX,9606.ENSP00000365256,9606.ENSP00000368682,0.715,STRING
CAV1,CXCR4,9606.ENSP00000339191,9606.ENSP00000386884,0.715,STRING
ABCB4,ABCC2,9606.ENSP00000265723,9606.ENSP00000497274,0.715,STRING
ASXL1,WT1,9606.ENSP00000364839,9606.ENSP00000368370,0.715,STRING
EP300,IRF4,9606.ENSP00000263253,9606.ENSP00000370343,0.715,STRING
PSMA3,PRNP,9606.ENSP00000216455,9606.ENSP00000399376,0.715,STRING
SCN1A,CACNA1H,9606.ENSP00000303540,9606.ENSP00000334198,0.715,STRING
STAT3,HDAC8,9606.ENSP00000264657,9606.ENSP00000362674,0.714,STRING
IL1B,FPR1,9606.ENSP00000263341,9606.ENSP00000471493,0.714,STRING
ETV6,HRAS,9606.ENSP00000379658,9606.ENSP00000407586,0.714,STRING
NOD2,TLR7,9606.ENSP00000300589,9606.ENSP00000370034,0.714,STRING
TCF4,MYC,9606.ENSP00000381382,9606.ENSP00000478887,0.714,STRING
INS,MYC,9606.ENSP00000380432,9606.ENSP00000478887,0.714,STRING
SMAD2,CDKN2B,9606.ENSP00000262160,9606.ENSP00000276925,0.714,STRING
STAT3,TGFA,9606.ENSP00000264657,9606.ENSP00000404131,0.714,STRING
HRAS,YES1,9606.ENSP00000407586,9606.ENSP00000462468,0.714,STRING
CYP11B2,ATP1A4,9606.ENSP00000325822,9606.ENSP00000357060,0.714,STRING
PRF1,IL17A,9606.ENSP00000398568,9606.ENSP00000497968,0.714,STRING
CYP51A1,EBP,9606.ENSP00000003100,9606.ENSP00000417052,0.714,STRING
CALM3,MTOR,9606.ENSP00000291295,9606.ENSP00000354558,0.714,STRING
TP53,APP,9606.ENSP00000269305,9606.ENSP00000284981,0.714,STRING
JAK2,PIK3CG,9606.ENSP00000371067,9606.ENSP00000419260,0.714,STRING
CAV1,IL6,9606.ENSP00000339191,9606.ENSP00000385675,0.714,STRING
TLR4,ACE2,9606.ENSP00000363089,9606.ENSP00000389326,0.714,STRING
TUBB4A,TUBA3C,9606.ENSP00000264071,9606.ENSP00000382982,0.714,STRING
EP300,MAPT,9606.ENSP00000263253,9606.ENSP00000340820,0.714,STRING
IL18,PTGS2,9606.ENSP00000280357,9606.ENSP00000356438,0.714,STRING
ATP4A,CYP2D6,9606.ENSP00000262623,9606.ENSP00000496150,0.714,STRING
NRAS,JAK1,9606.ENSP00000358548,9606.ENSP00000499900,0.714,STRING
IKZF1,MYC,9606.ENSP00000331614,9606.ENSP00000478887,0.714,STRING
LYN,CTLA4,9606.ENSP00000428924,9606.ENSP00000497102,0.714,STRING
NGF,TNF,9606.ENSP00000358525,9606.ENSP00000398698,0.714,STRING
CD4,TNFSF13B,9606.ENSP00000011653,9606.ENSP00000365048,0.714,STRING
CACNA1G,GABBR1,9606.ENSP00000352011,9606.ENSP00000366233,0.714,STRING
IL2,MYD88,9606.ENSP00000226730,9606.ENSP00000498321,0.714,STRING
MAPK3,NOTCH1,9606.ENSP00000263025,9606.ENSP00000498587,0.714,STRING
CSF2RB,TYK2,9606.ENSP00000384053,9606.ENSP00000431885,0.714,STRING
CD38,ITGAL,9606.ENSP00000226279,9606.ENSP00000349252,0.714,STRING
IL12B,TNF,9606.ENSP00000231228,9606.ENSP00000398698,0.714,STRING
GATA3,HIF1A,9606.ENSP00000368632,9606.ENSP00000437955,0.714,STRING
EPHA1,EPHB1,9606.ENSP00000275815,9606.ENSP00000381097,0.714,STRING
IL13,CSF3R,9606.ENSP00000304915,9606.ENSP00000362195,0.714,STRING
EPHA2,NGF,9606.ENSP00000351209,9606.ENSP00000358525,0.714,STRING
KCNQ1,TCF7L2,9606.ENSP00000155840,9606.ENSP00000486891,0.714,STRING
CD38,CD40,9606.ENSP00000226279,9606.ENSP00000361359,0.714,STRING
PTGER1,PTGS1,9606.ENSP00000292513,9606.ENSP00000354612,0.714,STRING
PTEN,CD274,9606.ENSP00000361021,9606.ENSP00000370989,0.714,STRING
SMAD4,HRAS,9606.ENSP00000341551,9606.ENSP00000407586,0.714,STRING
GRIN2C,GRIK2,9606.ENSP00000293190,9606.ENSP00000397026,0.714,STRING
RELB,TNFAIP3,9606.ENSP00000221452,9606.ENSP00000481570,0.713,STRING
ZEB1,ESR1,9606.ENSP00000354487,9606.ENSP00000405330,0.713,STRING
RORA,HDAC3,9606.ENSP00000261523,9606.ENSP00000302967,0.713,STRING
KCNA7,SCN4A,9606.ENSP00000221444,9606.ENSP00000396320,0.713,STRING
EPHA2,EPHA5,9606.ENSP00000351209,9606.ENSP00000480763,0.713,STRING
IFNAR1,IL18,9606.ENSP00000270139,9606.ENSP00000280357,0.713,STRING
IL2,MPL,9606.ENSP00000226730,9606.ENSP00000361548,0.713,STRING
PTPN22,CD3E,9606.ENSP00000352833,9606.ENSP00000354566,0.713,STRING
CXCL8,BDNF,9606.ENSP00000306512,9606.ENSP00000414303,0.713,STRING
TSC2,TP53,9606.ENSP00000219476,9606.ENSP00000269305,0.713,STRING
CHUK,IL6,9606.ENSP00000359424,9606.ENSP00000385675,0.713,STRING
CDKN1B,ATM,9606.ENSP00000228872,9606.ENSP00000278616,0.713,STRING
PIK3CA,IDH1,9606.ENSP00000263967,9606.ENSP00000390265,0.713,STRING
KMT2D,AR,9606.ENSP00000301067,9606.ENSP00000363822,0.713,STRING
CDK4,ARID1A,9606.ENSP00000257904,9606.ENSP00000320485,0.713,STRING
IL7R,PRF1,9606.ENSP00000306157,9606.ENSP00000398568,0.713,STRING
CDH1,CDKN2A,9606.ENSP00000261769,9606.ENSP00000418915,0.713,STRING
MSH2,PARP1,9606.ENSP00000233146,9606.ENSP00000355759,0.713,STRING
CDH1,CD8A,9606.ENSP00000261769,9606.ENSP00000386559,0.713,STRING
CACNA1H,SCN10A,9606.ENSP00000334198,9606.ENSP00000390600,0.713,STRING
KMT2D,TRRAP,9606.ENSP00000301067,9606.ENSP00000352925,0.713,STRING
NDUFS7,SDHD,9606.ENSP00000233627,9606.ENSP00000364699,0.713,STRING
SMAD4,GATA2,9606.ENSP00000341551,9606.ENSP00000345681,0.713,STRING
TUBB2A,TUBA3C,9606.ENSP00000369703,9606.ENSP00000382982,0.713,STRING
NFKB1,NRAS,9606.ENSP00000226574,9606.ENSP00000358548,0.713,STRING
NFKB1,GSK3B,9606.ENSP00000226574,9606.ENSP00000324806,0.713,STRING
RUNX1,PRDM1,9606.ENSP00000300305,9606.ENSP00000358092,0.713,STRING
MAP2K2,LMNA,9606.ENSP00000262948,9606.ENSP00000357283,0.713,STRING
IKZF1,LCK,9606.ENSP00000331614,9606.ENSP00000477713,0.713,STRING
HDAC7,EZH2,9606.ENSP00000080059,9606.ENSP00000320147,0.713,STRING
TSC2,GSK3A,9606.ENSP00000219476,9606.ENSP00000222330,0.713,STRING
KDR,GATA2,9606.ENSP00000263923,9606.ENSP00000345681,0.713,STRING
APOE,FTO,9606.ENSP00000252486,9606.ENSP00000418823,0.713,STRING
MAPK3,FGFR4,9606.ENSP00000263025,9606.ENSP00000292408,0.713,STRING
PSEN1,ERBB4,9606.ENSP00000326366,9606.ENSP00000342235,0.713,STRING
REN,AVPR2,9606.ENSP00000272190,9606.ENSP00000496396,0.713,STRING
IFNG,CTNNB1,9606.ENSP00000229135,9606.ENSP00000495360,0.713,STRING
TUBB3,TUBA3C,9606.ENSP00000320295,9606.ENSP00000382982,0.712,STRING
MYC,IGF1R,9606.ENSP00000478887,9606.ENSP00000497069,0.712,STRING
PDE6D,CALM1,9606.ENSP00000287600,9606.ENSP00000499717,0.712,STRING
HDAC6,AKT1,9606.ENSP00000365804,9606.ENSP00000451828,0.712,STRING
MERTK,SOCS1,9606.ENSP00000295408,9606.ENSP00000496577,0.712,STRING
CASP8,MMP9,9606.ENSP00000351273,9606.ENSP00000361405,0.712,STRING
BCHE,MAPT,9606.ENSP00000264381,9606.ENSP00000340820,0.712,STRING
ATRX,RAD51B,9606.ENSP00000362441,9606.ENSP00000419881,0.712,STRING
U2AF1,NRAS,9606.ENSP00000291552,9606.ENSP00000358548,0.712,STRING
GHSR,GHR,9606.ENSP00000241256,9606.ENSP00000483403,0.712,STRING
VWF,SYK,9606.ENSP00000261405,9606.ENSP00000364898,0.712,STRING
ATM,BCL2,9606.ENSP00000278616,9606.ENSP00000381185,0.712,STRING
ATM,KDM6A,9606.ENSP00000278616,9606.ENSP00000367203,0.712,STRING
GNRHR,FSHR,9606.ENSP00000226413,9606.ENSP00000384708,0.712,STRING
ERBB4,ANGPT1,9606.ENSP00000342235,9606.ENSP00000428340,0.712,STRING
CACNA1H,SCN9A,9606.ENSP00000334198,9606.ENSP00000386306,0.712,STRING
CACNA1H,SCN8A,9606.ENSP00000334198,9606.ENSP00000346534,0.712,STRING
FOXA1,NF1,9606.ENSP00000250448,9606.ENSP00000351015,0.712,STRING
ESR1,CYP2D6,9606.ENSP00000405330,9606.ENSP00000496150,0.712,STRING
MMP1,IL17A,9606.ENSP00000322788,9606.ENSP00000497968,0.712,STRING
HDAC7,CREBBP,9606.ENSP00000080059,9606.ENSP00000262367,0.712,STRING
PIK3CA,PMS2,9606.ENSP00000263967,9606.ENSP00000265849,0.712,STRING
PIK3CA,NPM1,9606.ENSP00000263967,9606.ENSP00000296930,0.712,STRING
CBL,FGFR4,9606.ENSP00000264033,9606.ENSP00000292408,0.712,STRING
PTGER2,PTGS2,9606.ENSP00000245457,9606.ENSP00000356438,0.712,STRING
HCK,PTPN11,9606.ENSP00000365012,9606.ENSP00000489597,0.712,STRING
NTRK2,TGFA,9606.ENSP00000277120,9606.ENSP00000404131,0.712,STRING
PMS2,STK11,9606.ENSP00000265849,9606.ENSP00000324856,0.712,STRING
NCOR1,HESX1,9606.ENSP00000268712,9606.ENSP00000498190,0.712,STRING
COL4A5,COL7A1,9606.ENSP00000331902,9606.ENSP00000332371,0.712,STRING
CDK6,BCL2,9606.ENSP00000265734,9606.ENSP00000381185,0.712,STRING
IL6R,TLR4,9606.ENSP00000357470,9606.ENSP00000363089,0.712,STRING
PPAT,TYMS,9606.ENSP00000264220,9606.ENSP00000315644,0.712,STRING
EPHA2,EPHB1,9606.ENSP00000351209,9606.ENSP00000381097,0.712,STRING
PAX5,MS4A1,9606.ENSP00000350844,9606.ENSP00000433277,0.712,STRING
APP,TGFB2,9606.ENSP00000284981,9606.ENSP00000355896,0.712,STRING
EP300,NFATC1,9606.ENSP00000263253,9606.ENSP00000389377,0.712,STRING
CDKAL1,CDKN2B,9606.ENSP00000274695,9606.ENSP00000276925,0.712,STRING
IFNAR1,TSLP,9606.ENSP00000270139,9606.ENSP00000339804,0.712,STRING
RIPK2,MYD88,9606.ENSP00000220751,9606.ENSP00000498321,0.712,STRING
PTEN,MAP3K1,9606.ENSP00000361021,9606.ENSP00000382423,0.712,STRING
PLAT,PKD1,9606.ENSP00000220809,9606.ENSP00000262304,0.712,STRING
CDK4,CDH1,9606.ENSP00000257904,9606.ENSP00000261769,0.712,STRING
DMD,ADRA1D,9606.ENSP00000354923,9606.ENSP00000368766,0.712,STRING
MMP13,TNF,9606.ENSP00000260302,9606.ENSP00000398698,0.712,STRING
SERPINC1,MTHFR,9606.ENSP00000356671,9606.ENSP00000365770,0.712,STRING
ADAM17,PSEN1,9606.ENSP00000309968,9606.ENSP00000326366,0.712,STRING
EP300,TGFBR1,9606.ENSP00000263253,9606.ENSP00000447297,0.712,STRING
GJA1,LMNA,9606.ENSP00000282561,9606.ENSP00000357283,0.712,STRING
KRAS,CSF3R,9606.ENSP00000256078,9606.ENSP00000362195,0.712,STRING
CCND1,CYP19A1,9606.ENSP00000227507,9606.ENSP00000379683,0.712,STRING
CD3E,HMBS,9606.ENSP00000354566,9606.ENSP00000498786,0.712,STRING
KRAS,IDH2,9606.ENSP00000256078,9606.ENSP00000331897,0.712,STRING
IL1B,PPARA,9606.ENSP00000263341,9606.ENSP00000385523,0.711,STRING
NCOR1,APP,9606.ENSP00000268712,9606.ENSP00000284981,0.711,STRING
RIPK2,RIPK1,9606.ENSP00000220751,9606.ENSP00000259808,0.711,STRING
LAMA5,PTK2,9606.ENSP00000252999,9606.ENSP00000341189,0.711,STRING
MPO,APOB,9606.ENSP00000225275,9606.ENSP00000233242,0.711,STRING
MTOR,CD274,9606.ENSP00000354558,9606.ENSP00000370989,0.711,STRING
ITGA2B,LAMA2,9606.ENSP00000262407,9606.ENSP00000400365,0.711,STRING
GRIK3,GRIN2B,9606.ENSP00000362183,9606.ENSP00000477455,0.711,STRING
CACNA2D1,CACNG5,9606.ENSP00000349320,9606.ENSP00000436836,0.711,STRING
TP53,MAP2K3,9606.ENSP00000269305,9606.ENSP00000345083,0.711,STRING
PGR,PARP1,9606.ENSP00000325120,9606.ENSP00000355759,0.711,STRING
BCL11B,PAX6,9606.ENSP00000349723,9606.ENSP00000492024,0.711,STRING
PPARG,ZNF423,9606.ENSP00000287820,9606.ENSP00000455426,0.711,STRING
TP53,DDB1,9606.ENSP00000269305,9606.ENSP00000301764,0.711,STRING
MAP2K2,TYK2,9606.ENSP00000262948,9606.ENSP00000431885,0.711,STRING
LEP,IL4R,9606.ENSP00000312652,9606.ENSP00000379111,0.711,STRING
IFNG,CXCR4,9606.ENSP00000229135,9606.ENSP00000386884,0.711,STRING
TGFB1,NFKB1,9606.ENSP00000221930,9606.ENSP00000226574,0.711,STRING
BLK,HNF1A,9606.ENSP00000259089,9606.ENSP00000438804,0.711,STRING
GRID2,GRIN2A,9606.ENSP00000282020,9606.ENSP00000332549,0.711,STRING
DHODH,PPAT,9606.ENSP00000219240,9606.ENSP00000264220,0.711,STRING
ROCK1,HIF1A,9606.ENSP00000382697,9606.ENSP00000437955,0.711,STRING
NFKB1,NGF,9606.ENSP00000226574,9606.ENSP00000358525,0.711,STRING
EGFR,TGFB2,9606.ENSP00000275493,9606.ENSP00000355896,0.711,STRING
FGF10,IL6,9606.ENSP00000264664,9606.ENSP00000385675,0.711,STRING
AURKA,PTEN,9606.ENSP00000216911,9606.ENSP00000361021,0.711,STRING
RNF43,TCF7L2,9606.ENSP00000463069,9606.ENSP00000486891,0.711,STRING
APOA5,FGA,9606.ENSP00000445002,9606.ENSP00000498441,0.711,STRING
TUBB1,TUBA3C,9606.ENSP00000217133,9606.ENSP00000382982,0.711,STRING
HGF,ANGPT2,9606.ENSP00000222390,9606.ENSP00000314897,0.711,STRING
BMP4,DLX5,9606.ENSP00000245451,9606.ENSP00000498116,0.711,STRING
CREBBP,CEBPA,9606.ENSP00000262367,9606.ENSP00000427514,0.711,STRING
IL7R,PIK3R1,9606.ENSP00000306157,9606.ENSP00000428056,0.711,STRING
PPARD,LEP,9606.ENSP00000310928,9606.ENSP00000312652,0.711,STRING
SCN9A,SCN7A,9606.ENSP00000386306,9606.ENSP00000496114,0.711,STRING
NDUFS2,NDUFA4L2,9606.ENSP00000356972,9606.ENSP00000377411,0.711,STRING
HDAC7,EGFR,9606.ENSP00000080059,9606.ENSP00000275493,0.711,STRING
KCNA7,SCN1B,9606.ENSP00000221444,9606.ENSP00000396915,0.711,STRING
CXCL8,TSLP,9606.ENSP00000306512,9606.ENSP00000339804,0.711,STRING
TUBB6,TUBA3C,9606.ENSP00000318697,9606.ENSP00000382982,0.711,STRING
TNF,NOTCH1,9606.ENSP00000398698,9606.ENSP00000498587,0.711,STRING
RHOA,PIK3R1,9606.ENSP00000400175,9606.ENSP00000428056,0.711,STRING
BRD4,SMARCB1,9606.ENSP00000263377,9606.ENSP00000340883,0.711,STRING
NDUFA1,NDUFA4L2,9606.ENSP00000360492,9606.ENSP00000377411,0.71,STRING
ABCB4,NR1I2,9606.ENSP00000265723,9606.ENSP00000336528,0.71,STRING
IDH1,CEBPA,9606.ENSP00000390265,9606.ENSP00000427514,0.71,STRING
NR3C2,AR,9606.ENSP00000350815,9606.ENSP00000363822,0.71,STRING
EP300,IL1B,9606.ENSP00000263253,9606.ENSP00000263341,0.71,STRING
GABRA6,GABRG1,9606.ENSP00000274545,9606.ENSP00000295452,0.71,STRING
PCSK9,LPA,9606.ENSP00000303208,9606.ENSP00000321334,0.71,STRING
MAPK14,MYC,9606.ENSP00000229795,9606.ENSP00000478887,0.71,STRING
PLA2G6,MC1R,9606.ENSP00000333142,9606.ENSP00000451605,0.71,STRING
GSK3B,STK11,9606.ENSP00000324806,9606.ENSP00000324856,0.71,STRING
KRAS,RUNX3,9606.ENSP00000256078,9606.ENSP00000382800,0.71,STRING
SNAP25,SLC18A2,9606.ENSP00000254976,9606.ENSP00000496339,0.71,STRING
IFNGR1,CD8A,9606.ENSP00000356713,9606.ENSP00000386559,0.71,STRING
NTRK2,SCN11A,9606.ENSP00000277120,9606.ENSP00000499569,0.71,STRING
FDX1,CYP17A1,9606.ENSP00000260270,9606.ENSP00000358903,0.71,STRING
IL23A,IL2RA,9606.ENSP00000228534,9606.ENSP00000369293,0.71,STRING
CREBBP,BRD4,9606.ENSP00000262367,9606.ENSP00000263377,0.71,STRING
CD4,MAPK3,9606.ENSP00000011653,9606.ENSP00000263025,0.71,STRING
TRRAP,MED12,9606.ENSP00000352925,9606.ENSP00000363193,0.71,STRING
CACNA2D1,SCN10A,9606.ENSP00000349320,9606.ENSP00000390600,0.71,STRING
TP53,KDM6A,9606.ENSP00000269305,9606.ENSP00000367203,0.71,STRING
PDGFB,EPHA2,9606.ENSP00000330382,9606.ENSP00000351209,0.71,STRING
ITGAL,TNF,9606.ENSP00000349252,9606.ENSP00000398698,0.71,STRING
IL1R1,NDUFAB1,9606.ENSP00000386380,9606.ENSP00000458770,0.71,STRING
FOXA1,FOXA2,9606.ENSP00000250448,9606.ENSP00000400341,0.71,STRING
GRIN2D,GRIK5,9606.ENSP00000263269,9606.ENSP00000301218,0.71,STRING
LMX1B,COL4A4,9606.ENSP00000347684,9606.ENSP00000379866,0.71,STRING
CD19,TLR9,9606.ENSP00000313419,9606.ENSP00000353874,0.71,STRING
IL13,LEPR,9606.ENSP00000304915,9606.ENSP00000330393,0.71,STRING
KCNA5,CACNA1C,9606.ENSP00000252321,9606.ENSP00000266376,0.71,STRING
MAP2K1,TYK2,9606.ENSP00000302486,9606.ENSP00000431885,0.71,STRING
EP300,RXRG,9606.ENSP00000263253,9606.ENSP00000352900,0.71,STRING
NFKB1,CDK4,9606.ENSP00000226574,9606.ENSP00000257904,0.71,STRING
CAV1,CACNA1S,9606.ENSP00000339191,9606.ENSP00000355192,0.71,STRING
TGFB2,ENG,9606.ENSP00000355896,9606.ENSP00000362299,0.71,STRING
SLC22A1,ABCC2,9606.ENSP00000355930,9606.ENSP00000497274,0.71,STRING
FLT3,NGF,9606.ENSP00000241453,9606.ENSP00000358525,0.71,STRING
MSH6,STK11,9606.ENSP00000234420,9606.ENSP00000324856,0.71,STRING
FLT3,ABL2,9606.ENSP00000241453,9606.ENSP00000427562,0.71,STRING
GABRA1,GABRP,9606.ENSP00000393097,9606.ENSP00000430100,0.71,STRING
KCNA3,SCN4A,9606.ENSP00000358784,9606.ENSP00000396320,0.71,STRING
FLCN,PRKAA1,9606.ENSP00000285071,9606.ENSP00000346148,0.71,STRING
HTR1F,HTR3A,9606.ENSP00000322924,9606.ENSP00000347754,0.71,STRING
SMAD4,HIF1A,9606.ENSP00000341551,9606.ENSP00000437955,0.71,STRING
KLKB1,F2,9606.ENSP00000264690,9606.ENSP00000308541,0.71,STRING
STAT3,PIK3CG,9606.ENSP00000264657,9606.ENSP00000419260,0.71,STRING
STAT3,PDGFB,9606.ENSP00000264657,9606.ENSP00000330382,0.71,STRING
TLR4,INS,9606.ENSP00000363089,9606.ENSP00000380432,0.71,STRING
GRIA2,MECP2,9606.ENSP00000296526,9606.ENSP00000395535,0.71,STRING
CYP3A7,CYP2C19,9606.ENSP00000337450,9606.ENSP00000360372,0.71,STRING
MMP2,SMAD4,9606.ENSP00000219070,9606.ENSP00000341551,0.709,STRING
SRC,EPHB1,9606.ENSP00000362680,9606.ENSP00000381097,0.709,STRING
COL2A1,ITGB3,9606.ENSP00000369889,9606.ENSP00000452786,0.709,STRING
IL12A,IFNGR1,9606.ENSP00000303231,9606.ENSP00000356713,0.709,STRING
NRG1,FYN,9606.ENSP00000287842,9606.ENSP00000346671,0.709,STRING
TP53,TUBB2A,9606.ENSP00000269305,9606.ENSP00000369703,0.709,STRING
CBL,YES1,9606.ENSP00000264033,9606.ENSP00000462468,0.709,STRING
ITGA2B,FLNC,9606.ENSP00000262407,9606.ENSP00000327145,0.709,STRING
SMARCB1,BRCA1,9606.ENSP00000340883,9606.ENSP00000418960,0.709,STRING
CDK4,PIK3CA,9606.ENSP00000257904,9606.ENSP00000263967,0.709,STRING
STAT5B,TSLP,9606.ENSP00000293328,9606.ENSP00000339804,0.709,STRING
STAT5B,ETV6,9606.ENSP00000293328,9606.ENSP00000379658,0.709,STRING
IL23R,CARD9,9606.ENSP00000321345,9606.ENSP00000360797,0.709,STRING
LEP,IL2RA,9606.ENSP00000312652,9606.ENSP00000369293,0.709,STRING
PSMD14,PRNP,9606.ENSP00000386541,9606.ENSP00000399376,0.709,STRING
RBX1,GSK3B,9606.ENSP00000216225,9606.ENSP00000324806,0.709,STRING
TGFB1,ZEB1,9606.ENSP00000221930,9606.ENSP00000354487,0.709,STRING
IL12B,IFNAR1,9606.ENSP00000231228,9606.ENSP00000270139,0.709,STRING
NKX2-1,RET,9606.ENSP00000346879,9606.ENSP00000347942,0.709,STRING
FGF23,IGF1R,9606.ENSP00000237837,9606.ENSP00000497069,0.709,STRING
SHH,GSK3B,9606.ENSP00000297261,9606.ENSP00000324806,0.709,STRING
MAPK3,CASP8,9606.ENSP00000263025,9606.ENSP00000351273,0.709,STRING
CHRNB2,CHRM2,9606.ENSP00000357461,9606.ENSP00000399745,0.709,STRING
CHRNA4,DRD1,9606.ENSP00000359285,9606.ENSP00000377353,0.709,STRING
CD4,ADORA2A,9606.ENSP00000011653,9606.ENSP00000480012,0.709,STRING
MSH6,ERCC2,9606.ENSP00000234420,9606.ENSP00000375809,0.709,STRING
TYK2,PIK3CB,9606.ENSP00000431885,9606.ENSP00000501150,0.709,STRING
BCL6,CXCR4,9606.ENSP00000384371,9606.ENSP00000386884,0.709,STRING
RELN,ITGB3,9606.ENSP00000392423,9606.ENSP00000452786,0.709,STRING
CACNA1G,RYR1,9606.ENSP00000352011,9606.ENSP00000352608,0.709,STRING
PBX1,PAX6,9606.ENSP00000405890,9606.ENSP00000492024,0.709,STRING
NDUFS4,NDUFA4L2,9606.ENSP00000296684,9606.ENSP00000377411,0.709,STRING
IL2,MYC,9606.ENSP00000226730,9606.ENSP00000478887,0.709,STRING
APOE,RELN,9606.ENSP00000252486,9606.ENSP00000392423,0.709,STRING
KCNQ2,GABRG2,9606.ENSP00000352035,9606.ENSP00000410732,0.709,STRING
ETV6,IDH1,9606.ENSP00000379658,9606.ENSP00000390265,0.709,STRING
TYR,CD8A,9606.ENSP00000263321,9606.ENSP00000386559,0.709,STRING
ALB,CTNNB1,9606.ENSP00000295897,9606.ENSP00000495360,0.709,STRING
FGFR4,TLR9,9606.ENSP00000292408,9606.ENSP00000353874,0.709,STRING
TSC2,NF1,9606.ENSP00000219476,9606.ENSP00000351015,0.709,STRING
CREBBP,THRB,9606.ENSP00000262367,9606.ENSP00000379904,0.709,STRING
CLCN2,SCN1B,9606.ENSP00000265593,9606.ENSP00000396915,0.709,STRING
SLC2A1,AKT1,9606.ENSP00000416293,9606.ENSP00000451828,0.708,STRING
NTRK2,GRIN1,9606.ENSP00000277120,9606.ENSP00000360608,0.708,STRING
FGFR4,BDNF,9606.ENSP00000292408,9606.ENSP00000414303,0.708,STRING
NTRK2,CALM3,9606.ENSP00000277120,9606.ENSP00000291295,0.708,STRING
EZH2,IDH2,9606.ENSP00000320147,9606.ENSP00000331897,0.708,STRING
AGT,FURIN,9606.ENSP00000355627,9606.ENSP00000483552,0.708,STRING
APOA1,SERPINC1,9606.ENSP00000236850,9606.ENSP00000356671,0.708,STRING
FLT4,SRC,9606.ENSP00000261937,9606.ENSP00000362680,0.708,STRING
NTRK2,PDGFB,9606.ENSP00000277120,9606.ENSP00000330382,0.708,STRING
SMARCA4,PAX6,9606.ENSP00000343896,9606.ENSP00000492024,0.708,STRING
MAOB,BDNF,9606.ENSP00000367309,9606.ENSP00000414303,0.708,STRING
CCND1,DNMT3A,9606.ENSP00000227507,9606.ENSP00000264709,0.708,STRING
TUBB2B,TUBA3C,9606.ENSP00000259818,9606.ENSP00000382982,0.708,STRING
CACNG2,CACNA2D3,9606.ENSP00000300105,9606.ENSP00000419101,0.708,STRING
ADAM17,KL,9606.ENSP00000309968,9606.ENSP00000369442,0.708,STRING
IL7R,LEP,9606.ENSP00000306157,9606.ENSP00000312652,0.708,STRING
GSR,MTHFR,9606.ENSP00000221130,9606.ENSP00000365770,0.708,STRING
SOS1,IGF1R,9606.ENSP00000384675,9606.ENSP00000497069,0.708,STRING
HGF,HBEGF,9606.ENSP00000222390,9606.ENSP00000230990,0.708,STRING
EGFR,PTPN22,9606.ENSP00000275493,9606.ENSP00000352833,0.708,STRING
HGF,MMP1,9606.ENSP00000222390,9606.ENSP00000322788,0.708,STRING
ERCC4,RAD51D,9606.ENSP00000310520,9606.ENSP00000466399,0.708,STRING
SCN1A,CACNB4,9606.ENSP00000303540,9606.ENSP00000438949,0.708,STRING
PTEN,DICER1,9606.ENSP00000361021,9606.ENSP00000437256,0.708,STRING
FOXP3,NCAM1,9606.ENSP00000365380,9606.ENSP00000480132,0.708,STRING
PSMB9,TNF,9606.ENSP00000363993,9606.ENSP00000398698,0.708,STRING
TNFSF13B,IL10,9606.ENSP00000365048,9606.ENSP00000412237,0.708,STRING
IL23A,IFNAR1,9606.ENSP00000228534,9606.ENSP00000270139,0.708,STRING
CDKN1B,BCL6,9606.ENSP00000228872,9606.ENSP00000384371,0.708,STRING
CYP3A5,ABCC2,9606.ENSP00000222982,9606.ENSP00000497274,0.708,STRING
PLAU,MYC,9606.ENSP00000361850,9606.ENSP00000478887,0.708,STRING
PTGFR,GNAS,9606.ENSP00000359793,9606.ENSP00000360141,0.708,STRING
FBN1,BMP5,9606.ENSP00000325527,9606.ENSP00000359866,0.708,STRING
RANBP2,B2M,9606.ENSP00000283195,9606.ENSP00000497910,0.708,STRING
ALB,PLAU,9606.ENSP00000295897,9606.ENSP00000361850,0.708,STRING
ERBB2,SMAD4,9606.ENSP00000269571,9606.ENSP00000341551,0.708,STRING
DPP4,ABCC2,9606.ENSP00000353731,9606.ENSP00000497274,0.708,STRING
LAMA5,ITGA2B,9606.ENSP00000252999,9606.ENSP00000262407,0.708,STRING
EPHA2,BDNF,9606.ENSP00000351209,9606.ENSP00000414303,0.708,STRING
CD40LG,IL4R,9606.ENSP00000359663,9606.ENSP00000379111,0.708,STRING
CHRM2,PIK3CG,9606.ENSP00000399745,9606.ENSP00000419260,0.708,STRING
MIF,IL6,9606.ENSP00000215754,9606.ENSP00000385675,0.708,STRING
PBRM1,BAP1,9606.ENSP00000386593,9606.ENSP00000417132,0.708,STRING
PTGS1,IL6,9606.ENSP00000354612,9606.ENSP00000385675,0.708,STRING
SLC6A3,HTR2A,9606.ENSP00000270349,9606.ENSP00000437737,0.708,STRING
TP53,TNFAIP3,9606.ENSP00000269305,9606.ENSP00000481570,0.708,STRING
PGR,NR3C2,9606.ENSP00000325120,9606.ENSP00000350815,0.708,STRING
TBX5,HEY2,9606.ENSP00000309913,9606.ENSP00000357348,0.707,STRING
NR3C1,CTNNB1,9606.ENSP00000231509,9606.ENSP00000495360,0.707,STRING
CRP,NLRP3,9606.ENSP00000255030,9606.ENSP00000337383,0.707,STRING
CD80,IL13,9606.ENSP00000264246,9606.ENSP00000304915,0.707,STRING
SEM1,PSMC6,9606.ENSP00000481021,9606.ENSP00000484998,0.707,STRING
PDGFRA,MBP,9606.ENSP00000257290,9606.ENSP00000380958,0.707,STRING
PDE4D,RYR1,9606.ENSP00000345502,9606.ENSP00000352608,0.707,STRING
SCN5A,CAV1,9606.ENSP00000328968,9606.ENSP00000339191,0.707,STRING
PTEN,NFE2L2,9606.ENSP00000361021,9606.ENSP00000380252,0.707,STRING
NRAS,GNAS,9606.ENSP00000358548,9606.ENSP00000360141,0.707,STRING
PIK3CA,ETV6,9606.ENSP00000263967,9606.ENSP00000379658,0.707,STRING
ERBB3,CTNNB1,9606.ENSP00000267101,9606.ENSP00000495360,0.707,STRING
HDAC7,ESR1,9606.ENSP00000080059,9606.ENSP00000405330,0.707,STRING
CRP,AGT,9606.ENSP00000255030,9606.ENSP00000355627,0.707,STRING
PAX8,GATA3,9606.ENSP00000263334,9606.ENSP00000368632,0.707,STRING
IL10,SOCS1,9606.ENSP00000412237,9606.ENSP00000496577,0.707,STRING
KIT,BCL2,9606.ENSP00000288135,9606.ENSP00000381185,0.707,STRING
PDGFB,HRAS,9606.ENSP00000330382,9606.ENSP00000407586,0.707,STRING
CDK4,MC1R,9606.ENSP00000257904,9606.ENSP00000451605,0.707,STRING
STAT3,PTK6,9606.ENSP00000264657,9606.ENSP00000442460,0.707,STRING
KIT,YES1,9606.ENSP00000288135,9606.ENSP00000462468,0.707,STRING
SIGMAR1,KCNA2,9606.ENSP00000277010,9606.ENSP00000487785,0.707,STRING
NFIB,HMGA2,9606.ENSP00000370340,9606.ENSP00000437621,0.707,STRING
PDGFRB,CXCR4,9606.ENSP00000261799,9606.ENSP00000386884,0.707,STRING
KIT,JAK2,9606.ENSP00000288135,9606.ENSP00000371067,0.707,STRING
NLRP3,PTGS2,9606.ENSP00000337383,9606.ENSP00000356438,0.707,STRING
TBX3,FGF10,9606.ENSP00000257566,9606.ENSP00000264664,0.707,STRING
CACNA1H,GABRA1,9606.ENSP00000334198,9606.ENSP00000393097,0.707,STRING
KRAS,FGF10,9606.ENSP00000256078,9606.ENSP00000264664,0.707,STRING
MPL,IL10,9606.ENSP00000361548,9606.ENSP00000412237,0.707,STRING
CACNA1H,SCN2A,9606.ENSP00000334198,9606.ENSP00000490107,0.707,STRING
PIK3R1,YES1,9606.ENSP00000428056,9606.ENSP00000462468,0.707,STRING
UMOD,TNF,9606.ENSP00000379438,9606.ENSP00000398698,0.707,STRING
CACNG2,GRIK3,9606.ENSP00000300105,9606.ENSP00000362183,0.707,STRING
CHRM1,PIK3CG,9606.ENSP00000306490,9606.ENSP00000419260,0.707,STRING
SMAD2,PPARG,9606.ENSP00000262160,9606.ENSP00000287820,0.707,STRING
PSMD7,PSMB11,9606.ENSP00000219313,9606.ENSP00000386212,0.707,STRING
SNAP25,GRIA2,9606.ENSP00000254976,9606.ENSP00000296526,0.707,STRING
HRH3,DRD2,9606.ENSP00000342560,9606.ENSP00000354859,0.707,STRING
GABBR2,CHRNA4,9606.ENSP00000259455,9606.ENSP00000359285,0.707,STRING
CRP,LPA,9606.ENSP00000255030,9606.ENSP00000321334,0.707,STRING
SOS1,PIK3CB,9606.ENSP00000384675,9606.ENSP00000501150,0.707,STRING
C3,PLAU,9606.ENSP00000245907,9606.ENSP00000361850,0.707,STRING
PARP1,HIF1A,9606.ENSP00000355759,9606.ENSP00000437955,0.707,STRING
CD38,FAS,9606.ENSP00000226279,9606.ENSP00000498466,0.707,STRING
GABRA6,GABRP,9606.ENSP00000274545,9606.ENSP00000430100,0.707,STRING
IL6,LPL,9606.ENSP00000385675,9606.ENSP00000497642,0.707,STRING
NGF,INS,9606.ENSP00000358525,9606.ENSP00000380432,0.707,STRING
PSMC5,THRB,9606.ENSP00000310572,9606.ENSP00000379904,0.706,STRING
BCHE,F2,9606.ENSP00000264381,9606.ENSP00000308541,0.706,STRING
TSLP,IFNGR1,9606.ENSP00000339804,9606.ENSP00000356713,0.706,STRING
C3,CD19,9606.ENSP00000245907,9606.ENSP00000313419,0.706,STRING
RUNX2,SYK,9606.ENSP00000360493,9606.ENSP00000364898,0.706,STRING
EGFR,ITK,9606.ENSP00000275493,9606.ENSP00000398655,0.706,STRING
AGT,PTGFR,9606.ENSP00000355627,9606.ENSP00000359793,0.706,STRING
SCN3A,CACNA1G,9606.ENSP00000283254,9606.ENSP00000352011,0.706,STRING
EZH2,HDAC9,9606.ENSP00000320147,9606.ENSP00000408617,0.706,STRING
CREBBP,THRA,9606.ENSP00000262367,9606.ENSP00000264637,0.706,STRING
SLC10A1,SLC22A1,9606.ENSP00000216540,9606.ENSP00000355930,0.706,STRING
CBL,RET,9606.ENSP00000264033,9606.ENSP00000347942,0.706,STRING
CREBBP,TBL1XR1,9606.ENSP00000262367,9606.ENSP00000405574,0.706,STRING
CACNA1H,KCNJ5,9606.ENSP00000334198,9606.ENSP00000433295,0.706,STRING
IL18,IL2RA,9606.ENSP00000280357,9606.ENSP00000369293,0.706,STRING
FOXA1,GATA1,9606.ENSP00000250448,9606.ENSP00000365858,0.706,STRING
GABBR1,GABRG3,9606.ENSP00000366233,9606.ENSP00000479113,0.706,STRING
ADRB2,GRIA1,9606.ENSP00000305372,9606.ENSP00000428994,0.706,STRING
FKBP1A,PPIA,9606.ENSP00000383003,9606.ENSP00000419425,0.706,STRING
HDAC5,RUNX2,9606.ENSP00000225983,9606.ENSP00000360493,0.706,STRING
FOXA1,PIK3CA,9606.ENSP00000250448,9606.ENSP00000263967,0.706,STRING
CYP1B1,CYP3A4,9606.ENSP00000478561,9606.ENSP00000498939,0.706,STRING
EPAS1,PSMC3,9606.ENSP00000263734,9606.ENSP00000481029,0.706,STRING
SOX2,CDKN2A,9606.ENSP00000323588,9606.ENSP00000418915,0.706,STRING
TNFRSF1A,RIPK2,9606.ENSP00000162749,9606.ENSP00000220751,0.706,STRING
CCND1,CXCR4,9606.ENSP00000227507,9606.ENSP00000386884,0.706,STRING
F9,KLKB1,9606.ENSP00000218099,9606.ENSP00000264690,0.706,STRING
IFNG,MMP1,9606.ENSP00000229135,9606.ENSP00000322788,0.706,STRING
MAPK3,AGT,9606.ENSP00000263025,9606.ENSP00000355627,0.706,STRING
KCNA5,KCNK3,9606.ENSP00000252321,9606.ENSP00000306275,0.706,STRING
CACNG2,GRIK4,9606.ENSP00000300105,9606.ENSP00000435648,0.706,STRING
PLG,MMP1,9606.ENSP00000308938,9606.ENSP00000322788,0.706,STRING
EGFR,FGR,9606.ENSP00000275493,9606.ENSP00000363117,0.706,STRING
EPHA3,EPHB4,9606.ENSP00000337451,9606.ENSP00000350896,0.706,STRING
CDKAL1,HNF1B,9606.ENSP00000274695,9606.ENSP00000480291,0.706,STRING
HDAC1,PBX1,9606.ENSP00000362649,9606.ENSP00000405890,0.706,STRING
IL23A,IFNGR1,9606.ENSP00000228534,9606.ENSP00000356713,0.705,STRING
MAP2K1,MAP3K3,9606.ENSP00000302486,9606.ENSP00000354927,0.705,STRING
P2RY12,ABCB1,9606.ENSP00000307259,9606.ENSP00000478255,0.705,STRING
HMGB1,IL10,9606.ENSP00000345347,9606.ENSP00000412237,0.705,STRING
SMARCA4,PTEN,9606.ENSP00000343896,9606.ENSP00000361021,0.705,STRING
NTRK2,MC4R,9606.ENSP00000277120,9606.ENSP00000299766,0.705,STRING
MTOR,NRAS,9606.ENSP00000354558,9606.ENSP00000358548,0.705,STRING
NFKB1,CD80,9606.ENSP00000226574,9606.ENSP00000264246,0.705,STRING
EP300,SOX2,9606.ENSP00000263253,9606.ENSP00000323588,0.705,STRING
KCNH7,IFIH1,9606.ENSP00000331727,9606.ENSP00000497271,0.705,STRING
EGFR,PDCD1,9606.ENSP00000275493,9606.ENSP00000335062,0.705,STRING
STK10,RHOA,9606.ENSP00000176763,9606.ENSP00000400175,0.705,STRING
FDX1,NDUFAB1,9606.ENSP00000260270,9606.ENSP00000458770,0.705,STRING
ITGA2B,SYK,9606.ENSP00000262407,9606.ENSP00000364898,0.705,STRING
MSH2,HMGB1,9606.ENSP00000233146,9606.ENSP00000345347,0.705,STRING
PGR,MYC,9606.ENSP00000325120,9606.ENSP00000478887,0.705,STRING
CD79A,BCL2,9606.ENSP00000221972,9606.ENSP00000381185,0.705,STRING
NDUFS3,SOD2,9606.ENSP00000263774,9606.ENSP00000446252,0.705,STRING
RET,BRCA2,9606.ENSP00000347942,9606.ENSP00000369497,0.705,STRING
ANGPT2,ENG,9606.ENSP00000314897,9606.ENSP00000362299,0.705,STRING
NCOR1,RARB,9606.ENSP00000268712,9606.ENSP00000332296,0.705,STRING
RPS27A,CSF3R,9606.ENSP00000272317,9606.ENSP00000362195,0.705,STRING
ATM,FGFR2,9606.ENSP00000278616,9606.ENSP00000410294,0.705,STRING
MMP9,ITGB2,9606.ENSP00000361405,9606.ENSP00000380948,0.705,STRING
TYMS,PRIM2,9606.ENSP00000315644,9606.ENSP00000484105,0.705,STRING
GABRE,GABRP,9606.ENSP00000359353,9606.ENSP00000430100,0.705,STRING
IL4,MPL,9606.ENSP00000231449,9606.ENSP00000361548,0.705,STRING
REN,DPP4,9606.ENSP00000272190,9606.ENSP00000353731,0.705,STRING
INSR,SRC,9606.ENSP00000303830,9606.ENSP00000362680,0.705,STRING
TP53,THRB,9606.ENSP00000269305,9606.ENSP00000379904,0.705,STRING
MPO,KIT,9606.ENSP00000225275,9606.ENSP00000288135,0.705,STRING
APOE,FGA,9606.ENSP00000252486,9606.ENSP00000498441,0.705,STRING
TRPS1,HDAC2,9606.ENSP00000379065,9606.ENSP00000430432,0.705,STRING
APOA1,ABCG5,9606.ENSP00000236850,9606.ENSP00000384513,0.705,STRING
VWF,F11,9606.ENSP00000261405,9606.ENSP00000384957,0.705,STRING
EPHA2,PGF,9606.ENSP00000351209,9606.ENSP00000451040,0.704,STRING
ERBB2,PIK3CG,9606.ENSP00000269571,9606.ENSP00000419260,0.704,STRING
TLR2,AKT1,9606.ENSP00000260010,9606.ENSP00000451828,0.704,STRING
NFATC1,MITF,9606.ENSP00000389377,9606.ENSP00000391803,0.704,STRING
INS,HRAS,9606.ENSP00000380432,9606.ENSP00000407586,0.704,STRING
CD274,IL17A,9606.ENSP00000370989,9606.ENSP00000497968,0.704,STRING
FKBP1A,RHOA,9606.ENSP00000383003,9606.ENSP00000400175,0.704,STRING
P2RY12,ITGB3,9606.ENSP00000307259,9606.ENSP00000452786,0.704,STRING
GJA1,OXTR,9606.ENSP00000282561,9606.ENSP00000324270,0.704,STRING
AGT,MMP9,9606.ENSP00000355627,9606.ENSP00000361405,0.704,STRING
SMAD4,IL6,9606.ENSP00000341551,9606.ENSP00000385675,0.704,STRING
IFNG,TLR1,9606.ENSP00000229135,9606.ENSP00000354932,0.704,STRING
RUNX1,SETBP1,9606.ENSP00000300305,9606.ENSP00000497406,0.704,STRING
CACNA1G,CACNA2D4,9606.ENSP00000352011,9606.ENSP00000372169,0.704,STRING
NKX2-5,HEY2,9606.ENSP00000327758,9606.ENSP00000357348,0.704,STRING
ZEB1,RHOA,9606.ENSP00000354487,9606.ENSP00000400175,0.704,STRING
NRAS,ABL1,9606.ENSP00000358548,9606.ENSP00000361423,0.704,STRING
CACNA1F,PDE6B,9606.ENSP00000365441,9606.ENSP00000420295,0.704,STRING
PTGER1,ADRB2,9606.ENSP00000292513,9606.ENSP00000305372,0.704,STRING
FANCA,RAD51D,9606.ENSP00000373952,9606.ENSP00000466399,0.704,STRING
SRC,AGTR1,9606.ENSP00000362680,9606.ENSP00000398832,0.704,STRING
CDK4,RAD51C,9606.ENSP00000257904,9606.ENSP00000336701,0.704,STRING
MAP3K7,TGFBR1,9606.ENSP00000358335,9606.ENSP00000447297,0.704,STRING
TGFA,HRAS,9606.ENSP00000404131,9606.ENSP00000407586,0.704,STRING
EPHB2,EPHA5,9606.ENSP00000383053,9606.ENSP00000480763,0.704,STRING
SLC6A3,OPRM1,9606.ENSP00000270349,9606.ENSP00000394624,0.704,STRING
AURKA,CDK4,9606.ENSP00000216911,9606.ENSP00000257904,0.704,STRING
PTGS2,XDH,9606.ENSP00000356438,9606.ENSP00000368727,0.704,STRING
TGFBR2,IL10,9606.ENSP00000351905,9606.ENSP00000412237,0.704,STRING
PRDM1,IL2RA,9606.ENSP00000358092,9606.ENSP00000369293,0.704,STRING
NPM1,ABL1,9606.ENSP00000296930,9606.ENSP00000361423,0.704,STRING
ERBB2,NTRK2,9606.ENSP00000269571,9606.ENSP00000277120,0.704,STRING
MMP9,MYC,9606.ENSP00000361405,9606.ENSP00000478887,0.704,STRING
KCNMA1,STK39,9606.ENSP00000286628,9606.ENSP00000348278,0.704,STRING
CCND1,PIK3CA,9606.ENSP00000227507,9606.ENSP00000263967,0.704,STRING
CDK6,HMGA2,9606.ENSP00000265734,9606.ENSP00000437621,0.704,STRING
FDX1,NDUFS6,9606.ENSP00000260270,9606.ENSP00000274137,0.704,STRING
SCN3A,CACNA1H,9606.ENSP00000283254,9606.ENSP00000334198,0.704,STRING
EGFR,SLC2A1,9606.ENSP00000275493,9606.ENSP00000416293,0.704,STRING
TLR9,FGFR2,9606.ENSP00000353874,9606.ENSP00000410294,0.704,STRING
TNFRSF1A,JAK1,9606.ENSP00000162749,9606.ENSP00000499900,0.704,STRING
TUBB1,ITGA2B,9606.ENSP00000217133,9606.ENSP00000262407,0.704,STRING
CXCL8,CCR4,9606.ENSP00000306512,9606.ENSP00000332659,0.704,STRING
ERBB3,RHOA,9606.ENSP00000267101,9606.ENSP00000400175,0.704,STRING
RIPK2,TNF,9606.ENSP00000220751,9606.ENSP00000398698,0.703,STRING
APOE,GSK3B,9606.ENSP00000252486,9606.ENSP00000324806,0.703,STRING
KRAS,ABL1,9606.ENSP00000256078,9606.ENSP00000361423,0.703,STRING
IL2RB,CD3D,9606.ENSP00000216223,9606.ENSP00000300692,0.703,STRING
TNFSF4,IL6,9606.ENSP00000281834,9606.ENSP00000385675,0.703,STRING
KRAS,NTRK2,9606.ENSP00000256078,9606.ENSP00000277120,0.703,STRING
SSTR1,CXCL8,9606.ENSP00000267377,9606.ENSP00000306512,0.703,STRING
TNFRSF1A,TNFRSF8,9606.ENSP00000162749,9606.ENSP00000263932,0.703,STRING
IL5,CCR5,9606.ENSP00000231454,9606.ENSP00000292303,0.703,STRING
DNMT1,CDKN2A,9606.ENSP00000352516,9606.ENSP00000418915,0.703,STRING
IL12A,IL6R,9606.ENSP00000303231,9606.ENSP00000357470,0.703,STRING
MET,RAC1,9606.ENSP00000317272,9606.ENSP00000348461,0.703,STRING
IL7R,FAS,9606.ENSP00000306157,9606.ENSP00000498466,0.703,STRING
ACE2,IL10,9606.ENSP00000389326,9606.ENSP00000412237,0.703,STRING
CFH,SPP1,9606.ENSP00000356399,9606.ENSP00000378517,0.703,STRING
FOXA2,TCF7L2,9606.ENSP00000400341,9606.ENSP00000486891,0.703,STRING
FGFR4,NGF,9606.ENSP00000292408,9606.ENSP00000358525,0.703,STRING
KIT,EDNRB,9606.ENSP00000288135,9606.ENSP00000366416,0.703,STRING
MSH6,TGFBR2,9606.ENSP00000234420,9606.ENSP00000351905,0.703,STRING
F2,IL6,9606.ENSP00000308541,9606.ENSP00000385675,0.703,STRING
PRKAG2,MYH6,9606.ENSP00000287878,9606.ENSP00000386041,0.703,STRING
ZEB1,MMP9,9606.ENSP00000354487,9606.ENSP00000361405,0.703,STRING
ITGAL,LCK,9606.ENSP00000349252,9606.ENSP00000477713,0.703,STRING
MMP2,MET,9606.ENSP00000219070,9606.ENSP00000317272,0.703,STRING
TUBB4A,TUBB3,9606.ENSP00000264071,9606.ENSP00000320295,0.703,STRING
F2,CFH,9606.ENSP00000308541,9606.ENSP00000356399,0.703,STRING
RUNX1,EZH2,9606.ENSP00000300305,9606.ENSP00000320147,0.703,STRING
SMAD2,COL1A2,9606.ENSP00000262160,9606.ENSP00000297268,0.703,STRING
DSG3,FLG,9606.ENSP00000257189,9606.ENSP00000357789,0.703,STRING
CA9,CTNNB1,9606.ENSP00000367608,9606.ENSP00000495360,0.703,STRING
CD4,TP53,9606.ENSP00000011653,9606.ENSP00000269305,0.703,STRING
REN,TNF,9606.ENSP00000272190,9606.ENSP00000398698,0.703,STRING
FGF9,IL6,9606.ENSP00000371790,9606.ENSP00000385675,0.703,STRING
NRAS,SRSF2,9606.ENSP00000358548,9606.ENSP00000376276,0.703,STRING
TGFB1,RUNX2,9606.ENSP00000221930,9606.ENSP00000360493,0.703,STRING
FLT3,CD19,9606.ENSP00000241453,9606.ENSP00000313419,0.703,STRING
CDK7,PARP1,9606.ENSP00000256443,9606.ENSP00000355759,0.703,STRING
ASXL1,PTPN11,9606.ENSP00000364839,9606.ENSP00000489597,0.702,STRING
HDAC4,LZTR1,9606.ENSP00000264606,9606.ENSP00000496779,0.702,STRING
CLCNKB,CASR,9606.ENSP00000364831,9606.ENSP00000420194,0.702,STRING
ADORA1,DRD1,9606.ENSP00000356205,9606.ENSP00000377353,0.702,STRING
MAP2K1,TNF,9606.ENSP00000302486,9606.ENSP00000398698,0.702,STRING
CD4,TGFB2,9606.ENSP00000011653,9606.ENSP00000355896,0.702,STRING
FLT1,CXCR4,9606.ENSP00000282397,9606.ENSP00000386884,0.702,STRING
BCL6,CD8A,9606.ENSP00000384371,9606.ENSP00000386559,0.702,STRING
SHH,SMAD3,9606.ENSP00000297261,9606.ENSP00000332973,0.702,STRING
NFKB1,SOCS1,9606.ENSP00000226574,9606.ENSP00000496577,0.702,STRING
TUBB6,TUBB2A,9606.ENSP00000318697,9606.ENSP00000369703,0.702,STRING
IL7R,GATA3,9606.ENSP00000306157,9606.ENSP00000368632,0.702,STRING
PSMB11,PSMD14,9606.ENSP00000386212,9606.ENSP00000386541,0.702,STRING
CDKN1B,BCL2,9606.ENSP00000228872,9606.ENSP00000381185,0.702,STRING
PDGFB,IL2RA,9606.ENSP00000330382,9606.ENSP00000369293,0.702,STRING
ARID1A,BRAF,9606.ENSP00000320485,9606.ENSP00000419060,0.702,STRING
IL10,NCAM1,9606.ENSP00000412237,9606.ENSP00000480132,0.702,STRING
REN,LEP,9606.ENSP00000272190,9606.ENSP00000312652,0.702,STRING
GABRB2,GABBR1,9606.ENSP00000274547,9606.ENSP00000366233,0.702,STRING
NCOR1,SOX2,9606.ENSP00000268712,9606.ENSP00000323588,0.702,STRING
MMP9,PGF,9606.ENSP00000361405,9606.ENSP00000451040,0.702,STRING
CD19,FAS,9606.ENSP00000313419,9606.ENSP00000498466,0.702,STRING
CXCL8,SFTPD,9606.ENSP00000306512,9606.ENSP00000361366,0.702,STRING
TNFRSF1A,JAK2,9606.ENSP00000162749,9606.ENSP00000371067,0.702,STRING
TGFB1,KIT,9606.ENSP00000221930,9606.ENSP00000288135,0.702,STRING
CXCR4,ESR1,9606.ENSP00000386884,9606.ENSP00000405330,0.702,STRING
TLR2,IL13,9606.ENSP00000260010,9606.ENSP00000304915,0.702,STRING
MLH1,TGFBR2,9606.ENSP00000231790,9606.ENSP00000351905,0.702,STRING
LEPR,FTO,9606.ENSP00000330393,9606.ENSP00000418823,0.702,STRING
TERT,HIF1A,9606.ENSP00000309572,9606.ENSP00000437955,0.702,STRING
HGF,CXCL8,9606.ENSP00000222390,9606.ENSP00000306512,0.702,STRING
TNF,MYC,9606.ENSP00000398698,9606.ENSP00000478887,0.702,STRING
EPOR,PDGFB,9606.ENSP00000222139,9606.ENSP00000330382,0.702,STRING
TGFB3,FGF10,9606.ENSP00000238682,9606.ENSP00000264664,0.702,STRING
GCK,INSR,9606.ENSP00000223366,9606.ENSP00000303830,0.702,STRING
NDUFA1,SOD2,9606.ENSP00000360492,9606.ENSP00000446252,0.702,STRING
CREBBP,STAT4,9606.ENSP00000262367,9606.ENSP00000351255,0.702,STRING
MAPK14,RHOA,9606.ENSP00000229795,9606.ENSP00000400175,0.702,STRING
CA7,CA1,9606.ENSP00000345659,9606.ENSP00000430656,0.702,STRING
COL1A1,MMP13,9606.ENSP00000225964,9606.ENSP00000260302,0.702,STRING
HDAC5,TBL1XR1,9606.ENSP00000225983,9606.ENSP00000405574,0.702,STRING
POLE2,BRCA1,9606.ENSP00000216367,9606.ENSP00000418960,0.702,STRING
FGR,PIK3CB,9606.ENSP00000363117,9606.ENSP00000501150,0.702,STRING
CA3,CA1,9606.ENSP00000285381,9606.ENSP00000430656,0.701,STRING
CXCL8,OPRM1,9606.ENSP00000306512,9606.ENSP00000394624,0.701,STRING
TGFB3,TGFA,9606.ENSP00000238682,9606.ENSP00000404131,0.701,STRING
ZEB1,AKT1,9606.ENSP00000354487,9606.ENSP00000451828,0.701,STRING
HTR1A,HTR7,9606.ENSP00000316244,9606.ENSP00000337949,0.701,STRING
CREBBP,MAPK3,9606.ENSP00000262367,9606.ENSP00000263025,0.701,STRING
ADRB2,AGT,9606.ENSP00000305372,9606.ENSP00000355627,0.701,STRING
PDE6A,IMPDH1,9606.ENSP00000255266,9606.ENSP00000345096,0.701,STRING
NFE2L2,SOD2,9606.ENSP00000380252,9606.ENSP00000446252,0.701,STRING
MET,PARP1,9606.ENSP00000317272,9606.ENSP00000355759,0.701,STRING
NOS3,EDNRB,9606.ENSP00000297494,9606.ENSP00000366416,0.701,STRING
CACNA1G,SCN4A,9606.ENSP00000352011,9606.ENSP00000396320,0.701,STRING
ITGA2B,ALB,9606.ENSP00000262407,9606.ENSP00000295897,0.701,STRING
TNF,NCAM1,9606.ENSP00000398698,9606.ENSP00000480132,0.701,STRING
NOD2,IL10,9606.ENSP00000300589,9606.ENSP00000412237,0.701,STRING
PSMA3,NDUFB5,9606.ENSP00000216455,9606.ENSP00000259037,0.701,STRING
CD86,LCK,9606.ENSP00000332049,9606.ENSP00000477713,0.701,STRING
COL4A5,ITGB3,9606.ENSP00000331902,9606.ENSP00000452786,0.701,STRING
CCR5,FOXP3,9606.ENSP00000292303,9606.ENSP00000365380,0.701,STRING
MC3R,FTO,9606.ENSP00000243911,9606.ENSP00000418823,0.701,STRING
FYN,EPHB2,9606.ENSP00000346671,9606.ENSP00000383053,0.701,STRING
PNPLA3,GCKR,9606.ENSP00000216180,9606.ENSP00000264717,0.701,STRING
INSR,NGF,9606.ENSP00000303830,9606.ENSP00000358525,0.701,STRING
LEP,CSF3R,9606.ENSP00000312652,9606.ENSP00000362195,0.701,STRING
NFE2L2,TNF,9606.ENSP00000380252,9606.ENSP00000398698,0.701,STRING
DMD,TNNT2,9606.ENSP00000354923,9606.ENSP00000499593,0.701,STRING
VHL,ATM,9606.ENSP00000256474,9606.ENSP00000278616,0.701,STRING
PDE6D,GUCY1A1,9606.ENSP00000287600,9606.ENSP00000296518,0.701,STRING
AXIN1,ANK1,9606.ENSP00000262320,9606.ENSP00000265709,0.701,STRING
MAPK14,BCL2,9606.ENSP00000229795,9606.ENSP00000381185,0.701,STRING
JAG1,KDR,9606.ENSP00000254958,9606.ENSP00000263923,0.701,STRING
JAG1,SOX2,9606.ENSP00000254958,9606.ENSP00000323588,0.701,STRING
PSMC2,RPS24,9606.ENSP00000391211,9606.ENSP00000414321,0.701,STRING
FHIT,CDKN2A,9606.ENSP00000418582,9606.ENSP00000418915,0.701,STRING
NOS3,IL10,9606.ENSP00000297494,9606.ENSP00000412237,0.701,STRING
SOX2,ANXA1,9606.ENSP00000323588,9606.ENSP00000366109,0.701,STRING
CD4,MMP9,9606.ENSP00000011653,9606.ENSP00000361405,0.701,STRING
CD4,APOE,9606.ENSP00000011653,9606.ENSP00000252486,0.701,STRING
HGF,TGFA,9606.ENSP00000222390,9606.ENSP00000404131,0.701,STRING
IL1B,ANGPT1,9606.ENSP00000263341,9606.ENSP00000428340,0.701,STRING
TLR2,SYK,9606.ENSP00000260010,9606.ENSP00000364898,0.701,STRING
SCN5A,CACNA1H,9606.ENSP00000328968,9606.ENSP00000334198,0.701,STRING
TLR9,FGFR1,9606.ENSP00000353874,9606.ENSP00000393312,0.701,STRING
CYP27B1,KL,9606.ENSP00000228606,9606.ENSP00000369442,0.701,STRING
KCNK3,BMPR2,9606.ENSP00000306275,9606.ENSP00000363708,0.7,STRING
JAK2,SRSF2,9606.ENSP00000371067,9606.ENSP00000376276,0.7,STRING
CDKN2A,RNF43,9606.ENSP00000418915,9606.ENSP00000463069,0.7,STRING
TNFRSF1A,TNFSF4,9606.ENSP00000162749,9606.ENSP00000281834,0.7,STRING
IL4,IDO1,9606.ENSP00000231449,9606.ENSP00000430950,0.7,STRING
PTGER3,PTGS1,9606.ENSP00000349003,9606.ENSP00000354612,0.7,STRING
IFNG,IRF4,9606.ENSP00000229135,9606.ENSP00000370343,0.7,STRING
AR,MYC,9606.ENSP00000363822,9606.ENSP00000478887,0.7,STRING
SLC2A1,MYC,9606.ENSP00000416293,9606.ENSP00000478887,0.7,STRING
CDK7,DDB1,9606.ENSP00000256443,9606.ENSP00000301764,0.7,STRING
IL4,TLR1,9606.ENSP00000231449,9606.ENSP00000354932,0.7,STRING
CASP8,PTGS2,9606.ENSP00000351273,9606.ENSP00000356438,0.7,STRING
NPM1,GNAS,9606.ENSP00000296930,9606.ENSP00000360141,0.7,STRING
ARSA,SMPD1,9606.ENSP00000216124,9606.ENSP00000340409,0.7,STRING
CD4,LYN,9606.ENSP00000011653,9606.ENSP00000428924,0.7,STRING
IL2,TYK2,9606.ENSP00000226730,9606.ENSP00000431885,0.7,STRING
CD4,MPO,9606.ENSP00000011653,9606.ENSP00000225275,0.7,STRING
KIT,SDHD,9606.ENSP00000288135,9606.ENSP00000364699,0.7,STRING
PDCD1,TNF,9606.ENSP00000335062,9606.ENSP00000398698,0.7,STRING
CSF1R,PLCG2,9606.ENSP00000286301,9606.ENSP00000482457,0.7,STRING
PDCD1,PRF1,9606.ENSP00000335062,9606.ENSP00000398568,0.7,STRING
KRAS,FGF9,9606.ENSP00000256078,9606.ENSP00000371790,0.7,STRING
EPOR,STAT3,9606.ENSP00000222139,9606.ENSP00000264657,0.7,STRING
CD38,MYC,9606.ENSP00000226279,9606.ENSP00000478887,0.7,STRING
IFNAR2,IL1R1,9606.ENSP00000343957,9606.ENSP00000386380,0.7,STRING
GABRA6,GABBR1,9606.ENSP00000274545,9606.ENSP00000366233,0.7,STRING
NRAS,LCK,9606.ENSP00000358548,9606.ENSP00000477713,0.7,STRING
BTK,B2M,9606.ENSP00000483570,9606.ENSP00000497910,0.7,STRING
IL2RG,ITGB2,9606.ENSP00000363318,9606.ENSP00000380948,0.7,STRING
PPARA,AKT1,9606.ENSP00000385523,9606.ENSP00000451828,0.7,STRING
IL23A,IL2RG,9606.ENSP00000228534,9606.ENSP00000363318,0.7,STRING
ANGPT1,PGF,9606.ENSP00000428340,9606.ENSP00000451040,0.7,STRING
RUNX2,CDKN1A,9606.ENSP00000360493,9606.ENSP00000384849,0.7,STRING
CD4,CTNNB1,9606.ENSP00000011653,9606.ENSP00000495360,0.7,STRING
CD38,CD3E,9606.ENSP00000226279,9606.ENSP00000354566,0.7,STRING
INS,CTLA4,9606.ENSP00000380432,9606.ENSP00000497102,0.7,STRING
